trial_id,stages,split,world,cell,eta_motors01,lag_motors01,fault_time_s,extra_lead_s,arm,realization,outcome,status,safe_task_completion,modeled_collider_collision,operational_all_nodes_pass,waypoints_completed,waypoints_total,physical_time_s,declared_duration_s,finite_credited_updates,publications,source_summary,source_sha256,runtime_binding_sha256
01cc7f25c55117bb8f2971aa423206f64b362807ec4a4d54b088f199def2d31a,library_comparison,development,structured_61001,eta0.7_lag1_extra0,0.7,1.0,2.0,0.0,DR,primary,collision,completed,False,True,True,0,2,5.225,14.0,0,0,artifacts/da_plcbf/actuator-diagnostics-20260906/v1/library-comparison-v1/01cc7f25c55117bb8f2971aa423206f64b362807ec4a4d54b088f199def2d31a/attempt-00/summary.json,fb8fadef620276aeeb273e70decbc53a6fc17a0fd216e9d8d7d4eb8b85d93d60,70bff5d55e2109aa9466f9521416399e7916d8331ab7f422b3923ffecda3cd13
03795b17b4c4f426ffdf650ebb2bfd638e60f80bc4ee4a7979538b87a857c926,library_comparison,development,structured_61001,eta1_lag1_extra0,1.0,1.0,2.0,0.0,UNION,primary,timeout,completed,False,False,True,1,2,14.0,14.0,349,349,artifacts/da_plcbf/actuator-diagnostics-20260906/v1/library-comparison-v1/03795b17b4c4f426ffdf650ebb2bfd638e60f80bc4ee4a7979538b87a857c926/attempt-00/summary.json,21a04d8741cc1fb975719638daf76736c743da9275787291e304a941ebe93173,70bff5d55e2109aa9466f9521416399e7916d8331ab7f422b3923ffecda3cd13
0aa3edc8fe188944533c45614ac336142579071edb53cd9d63fe28a94130355f,library_comparison,development,structured_30101,eta1_lag1_extra0,1.0,1.0,2.0,0.0,F2_2K,primary,safe_task,completed,True,False,True,2,2,14.0,14.0,0,0,artifacts/da_plcbf/actuator-diagnostics-20260906/v1/library-comparison-v1/0aa3edc8fe188944533c45614ac336142579071edb53cd9d63fe28a94130355f/attempt-00/summary.json,2e4640a34bb9ba90580e6a30654304a3fb169a7958e94075e24b1f616ebb883d,70bff5d55e2109aa9466f9521416399e7916d8331ab7f422b3923ffecda3cd13
0c37ef603c917db46e440c3e38f4df2c567987764f07d58faa3f33458b961757,library_comparison,development,structured_30101,eta0.7_lag1_extra0,0.7,1.0,2.0,0.0,UNION,primary,collision,completed,False,True,True,0,2,4.425,14.0,110,110,artifacts/da_plcbf/actuator-diagnostics-20260906/v1/library-comparison-v1/0c37ef603c917db46e440c3e38f4df2c567987764f07d58faa3f33458b961757/attempt-00/summary.json,bd640f6274898d3cfd658717b02413e2dacf580bbf366ce7584a2ac7e3b3402d,70bff5d55e2109aa9466f9521416399e7916d8331ab7f422b3923ffecda3cd13
2b768b3e2ae0e5b0691922a2f2fbd424fa04ed2bb419a9e44fa04a1f3bd67a63,library_comparison,development,structured_30101,eta1_lag1_extra0,1.0,1.0,2.0,0.0,PD_F,primary,safe_task,completed,True,False,True,2,2,14.0,14.0,0,0,artifacts/da_plcbf/actuator-diagnostics-20260906/v1/library-comparison-v1/2b768b3e2ae0e5b0691922a2f2fbd424fa04ed2bb419a9e44fa04a1f3bd67a63/attempt-00/summary.json,674bdbcfba1657915d434457d86932decd442c2a9af12a4be78db0ef70142b40,70bff5d55e2109aa9466f9521416399e7916d8331ab7f422b3923ffecda3cd13
3623eb69180bdda58ae325d3f2e56ed8779a880dcc7502a4ce51db4650128ea7,library_comparison,development,structured_30101,eta1_lag1_extra0,1.0,1.0,2.0,0.0,A,primary,safe_task,completed,True,False,True,2,2,14.0,14.0,349,349,artifacts/da_plcbf/actuator-diagnostics-20260906/v1/library-comparison-v1/3623eb69180bdda58ae325d3f2e56ed8779a880dcc7502a4ce51db4650128ea7/attempt-00/summary.json,91ed7b0e2d6d84320a90484ec13bec2785de29ebab3eb978a28ccc22d6887a46,70bff5d55e2109aa9466f9521416399e7916d8331ab7f422b3923ffecda3cd13
39ef8199c1bb6ea879f30dfce87ee5ba12bbec4137ceddb0a22d96a4a69e8ca4,library_comparison,development,structured_61001,eta1_lag1_extra0,1.0,1.0,2.0,0.0,F2_2K,primary,safe_task,completed,True,False,True,2,2,14.0,14.0,0,0,artifacts/da_plcbf/actuator-diagnostics-20260906/v1/library-comparison-v1/39ef8199c1bb6ea879f30dfce87ee5ba12bbec4137ceddb0a22d96a4a69e8ca4/attempt-00/summary.json,58693c4429bd5bb43b97eac65a2a63ae0e69dfeb70c07c614e16fddc547efcaf,70bff5d55e2109aa9466f9521416399e7916d8331ab7f422b3923ffecda3cd13
4b18dfdb33f8be476b31c28273f1a461ccadae3652073334e8f14bf55e4fa658,library_comparison,development,structured_30101,eta1_lag1_extra0,1.0,1.0,2.0,0.0,F2,primary,safe_task,completed,True,False,True,2,2,14.0,14.0,0,0,artifacts/da_plcbf/actuator-diagnostics-20260906/v1/library-comparison-v1/4b18dfdb33f8be476b31c28273f1a461ccadae3652073334e8f14bf55e4fa658/attempt-00/summary.json,168a84bfbac3c22c0b827357002552952fd3a03179b10f79975fae559a42584f,70bff5d55e2109aa9466f9521416399e7916d8331ab7f422b3923ffecda3cd13
5db9575fd2ad2f995b99c0abc8f3eb5df40522eb953b818e461931ecc239415b,library_comparison,development,structured_61001,eta0.7_lag1_extra0,0.7,1.0,2.0,0.0,PD_F,primary,safe_task,completed,True,False,True,2,2,14.0,14.0,0,0,artifacts/da_plcbf/actuator-diagnostics-20260906/v1/library-comparison-v1/5db9575fd2ad2f995b99c0abc8f3eb5df40522eb953b818e461931ecc239415b/attempt-00/summary.json,f61ea5d19e95c523bcab88c48c76cb6a86fd37260a29daadb3412eb7dd4aa8a9,70bff5d55e2109aa9466f9521416399e7916d8331ab7f422b3923ffecda3cd13
5dea855dd965dfd7ab048ea3d74bf7196cdca056ec807080aa0aeea89db1a879,library_comparison,development,structured_30101,eta0.7_lag1_extra0,0.7,1.0,2.0,0.0,DR,primary,safe_task,completed,True,False,True,2,2,14.0,14.0,0,0,artifacts/da_plcbf/actuator-diagnostics-20260906/v1/library-comparison-v1/5dea855dd965dfd7ab048ea3d74bf7196cdca056ec807080aa0aeea89db1a879/attempt-00/summary.json,2645d28dd55c7b812c35f37c5f60f46721cbf8c4286d5b5c1b8c98fd087af12c,70bff5d55e2109aa9466f9521416399e7916d8331ab7f422b3923ffecda3cd13
5ded7bb116969e98626b9320d1235ddf71824d52abd8252d754fe16804253d27,library_comparison,development,structured_61001,eta0.7_lag1_extra0,0.7,1.0,2.0,0.0,PD_A,primary,safe_task,completed,True,False,True,2,2,14.0,14.0,349,349,artifacts/da_plcbf/actuator-diagnostics-20260906/v1/library-comparison-v1/5ded7bb116969e98626b9320d1235ddf71824d52abd8252d754fe16804253d27/attempt-00/summary.json,bb891355049827b9c1d522c89af71ceb8f9004bb6d35c0603bda5094b28e678d,70bff5d55e2109aa9466f9521416399e7916d8331ab7f422b3923ffecda3cd13
61c7c421a1c9a0276344dd36fe615a4b8a07dee0d764437f94cfdc01303e6451,library_comparison,development,structured_61001,eta1_lag1_extra0,1.0,1.0,2.0,0.0,DR,primary,safe_task,completed,True,False,True,2,2,14.0,14.0,0,0,artifacts/da_plcbf/actuator-diagnostics-20260906/v1/library-comparison-v1/61c7c421a1c9a0276344dd36fe615a4b8a07dee0d764437f94cfdc01303e6451/attempt-00/summary.json,5498b586f8f227304052173cad494d45f3445f5c44f931905d398c90d9d9eab5,70bff5d55e2109aa9466f9521416399e7916d8331ab7f422b3923ffecda3cd13
642707644269513bab70bbb96865b99fab06779cba003b01477aa3443bfea82d,library_comparison,development,structured_61001,eta1_lag1_extra0,1.0,1.0,2.0,0.0,A,primary,collision,completed,False,True,True,0,2,4.445,14.0,111,111,artifacts/da_plcbf/actuator-diagnostics-20260906/v1/library-comparison-v1/642707644269513bab70bbb96865b99fab06779cba003b01477aa3443bfea82d/attempt-00/summary.json,5b769eadcdf6d6cf484ce26f3fe4bb8199330f6cfd6c3b265d0fa5b0583ae5e2,70bff5d55e2109aa9466f9521416399e7916d8331ab7f422b3923ffecda3cd13
670eeacfef25cb7fbecf8d5eed5a71ec571c8e64e85b4efdd9432a76681916c3,library_comparison,development,structured_61001,eta0.7_lag1_extra0,0.7,1.0,2.0,0.0,F2_2K,primary,safe_task,completed,True,False,True,2,2,14.0,14.0,0,0,artifacts/da_plcbf/actuator-diagnostics-20260906/v1/library-comparison-v1/670eeacfef25cb7fbecf8d5eed5a71ec571c8e64e85b4efdd9432a76681916c3/attempt-00/summary.json,48e8bcf739d112d5b95112c932960ba306ceeff288e3c37bf63c784fd32b6cdc,70bff5d55e2109aa9466f9521416399e7916d8331ab7f422b3923ffecda3cd13
67754286bad304dc1775799a8234fa0c05e83a2c0d9c7328f2164c6bb6254551,library_comparison;matched_factorial,development,structured_61001,eta0.7_lag1_extra0,0.7,1.0,2.0,0.0,A_BAL,primary,timeout,completed,False,False,True,1,2,14.0,14.0,349,349,artifacts/da_plcbf/actuator-diagnostics-20260906/v1/library-comparison-v1/67754286bad304dc1775799a8234fa0c05e83a2c0d9c7328f2164c6bb6254551/attempt-00/summary.json,8128ed17e2d7a3a6811a6a18ec16140f5cc2c7ce772cc8473847445a0d8770a8,70bff5d55e2109aa9466f9521416399e7916d8331ab7f422b3923ffecda3cd13
6d4485f84e8cfa30932ff2348a9665e83375abfb7956676bb8d075a13ea9e9e3,library_comparison,development,structured_30101,eta0.7_lag1_extra0,0.7,1.0,2.0,0.0,F2_2K,primary,safe_task,completed,True,False,True,2,2,14.0,14.0,0,0,artifacts/da_plcbf/actuator-diagnostics-20260906/v1/library-comparison-v1/6d4485f84e8cfa30932ff2348a9665e83375abfb7956676bb8d075a13ea9e9e3/attempt-00/summary.json,fedb79944bd336274117604c7715349feb4ed6a3dcc73c4d5e06a1de4e32178f,70bff5d55e2109aa9466f9521416399e7916d8331ab7f422b3923ffecda3cd13
71a1f6bd4dcf4c5ec371cd8fc8b75242109b17109099e864ffc1152d825c79d2,library_comparison,development,structured_30101,eta1_lag1_extra0,1.0,1.0,2.0,0.0,UNION,primary,safe_task,completed,True,False,True,2,2,14.0,14.0,349,349,artifacts/da_plcbf/actuator-diagnostics-20260906/v1/library-comparison-v1/71a1f6bd4dcf4c5ec371cd8fc8b75242109b17109099e864ffc1152d825c79d2/attempt-00/summary.json,c94d592268daa7b5ef4c63c307393ae19e6980c1b1708ad26cfc8c28a1665117,70bff5d55e2109aa9466f9521416399e7916d8331ab7f422b3923ffecda3cd13
7421995eea6e985dbbe94fc09a7a7591a94565c17a950d3150b73c50fcf8025f,library_comparison,development,structured_61001,eta1_lag1_extra0,1.0,1.0,2.0,0.0,F2,primary,safe_task,completed,True,False,True,2,2,14.0,14.0,0,0,artifacts/da_plcbf/actuator-diagnostics-20260906/v1/library-comparison-v1/7421995eea6e985dbbe94fc09a7a7591a94565c17a950d3150b73c50fcf8025f/attempt-00/summary.json,8fbf85beeae884a79bec8299d1bbd4b4d4e95e5623b3fc047f6f9988db58cd30,70bff5d55e2109aa9466f9521416399e7916d8331ab7f422b3923ffecda3cd13
7837cbb0feec4dc62a0cbd22d8e0d0602822b0584da5d65784fa351aa250503b,library_comparison,development,structured_61001,eta1_lag1_extra0,1.0,1.0,2.0,0.0,PD_F,primary,safe_task,completed,True,False,True,2,2,14.0,14.0,0,0,artifacts/da_plcbf/actuator-diagnostics-20260906/v1/library-comparison-v1/7837cbb0feec4dc62a0cbd22d8e0d0602822b0584da5d65784fa351aa250503b/attempt-00/summary.json,fa4c8d8da7659d002d3f7bd0403004a793a8fa7e8991a6cf0a2f3c8d0b2940c7,70bff5d55e2109aa9466f9521416399e7916d8331ab7f422b3923ffecda3cd13
7f58c6153dfab0be0587fb6218a5cf9c51ec5de4546c0689ccf52de666e9622c,library_comparison,development,structured_30101,eta1_lag1_extra0,1.0,1.0,2.0,0.0,DR,primary,safe_task,completed,True,False,True,2,2,14.0,14.0,0,0,artifacts/da_plcbf/actuator-diagnostics-20260906/v1/library-comparison-v1/7f58c6153dfab0be0587fb6218a5cf9c51ec5de4546c0689ccf52de666e9622c/attempt-00/summary.json,dadc78c5fa781c06aed6b5111b40e15ebf431af2d623c9118c68e7a1698c527e,70bff5d55e2109aa9466f9521416399e7916d8331ab7f422b3923ffecda3cd13
80dbc1f343e39bd8904fa6a3d24f2cb8604bf98346719c3c5f15b6af06935ee1,library_comparison,development,structured_30101,eta0.7_lag1_extra0,0.7,1.0,2.0,0.0,A,primary,collision,completed,False,True,True,0,2,4.49,14.0,112,112,artifacts/da_plcbf/actuator-diagnostics-20260906/v1/library-comparison-v1/80dbc1f343e39bd8904fa6a3d24f2cb8604bf98346719c3c5f15b6af06935ee1/attempt-00/summary.json,9424a4e060a9f2aa22325b0e7b27ac002cb1ce8258f7376a454ca2f78ae22105,70bff5d55e2109aa9466f9521416399e7916d8331ab7f422b3923ffecda3cd13
8156b0c402449c557f1bcf63f53fe6fc29b6ac2d3c5f3f26879f075ddd5a8576,library_comparison;matched_factorial,development,structured_30101,eta0.7_lag1_extra0,0.7,1.0,2.0,0.0,A_BAL,primary,collision,completed,False,True,True,0,2,4.45,14.0,111,111,artifacts/da_plcbf/actuator-diagnostics-20260906/v1/library-comparison-v1/8156b0c402449c557f1bcf63f53fe6fc29b6ac2d3c5f3f26879f075ddd5a8576/attempt-00/summary.json,d7502429b19f6631f4d94c5483ddbcf930c8bcaf91d118f4092a9fc766691d35,70bff5d55e2109aa9466f9521416399e7916d8331ab7f422b3923ffecda3cd13
87933da09850a3ceaa6964891ca9a70fbb7e2fbc2ec5c93ac43046673322baf2,library_comparison;matched_factorial,development,structured_61001,eta1_lag1_extra0,1.0,1.0,2.0,0.0,A_BAL,primary,safe_task,completed,True,False,True,2,2,14.0,14.0,349,349,artifacts/da_plcbf/actuator-diagnostics-20260906/v1/library-comparison-v1/87933da09850a3ceaa6964891ca9a70fbb7e2fbc2ec5c93ac43046673322baf2/attempt-00/summary.json,6770bb223a3a86c478aadb6731b6fdbb3aa5b440f35f587b13fd3057bf530077,70bff5d55e2109aa9466f9521416399e7916d8331ab7f422b3923ffecda3cd13
af1a0a928b4902baa97c28e92158fac0c2b811ce7e57d3f320f8a3b23ab403c1,library_comparison,development,structured_30101,eta1_lag1_extra0,1.0,1.0,2.0,0.0,PD_A,primary,safe_task,completed,True,False,True,2,2,14.0,14.0,349,349,artifacts/da_plcbf/actuator-diagnostics-20260906/v1/library-comparison-v1/af1a0a928b4902baa97c28e92158fac0c2b811ce7e57d3f320f8a3b23ab403c1/attempt-00/summary.json,7e9e8134a2a971cda3891e94275efedc66587086cc1666a3f0fdc76516f13e60,70bff5d55e2109aa9466f9521416399e7916d8331ab7f422b3923ffecda3cd13
c664e6ef70257cc6f0eb49bfcf89b7ce45f92e90e7f4fcf011951b70326934d1,library_comparison,development,structured_61001,eta0.7_lag1_extra0,0.7,1.0,2.0,0.0,UNION,primary,collision,completed,False,True,True,0,2,5.205,14.0,130,130,artifacts/da_plcbf/actuator-diagnostics-20260906/v1/library-comparison-v1/c664e6ef70257cc6f0eb49bfcf89b7ce45f92e90e7f4fcf011951b70326934d1/attempt-00/summary.json,b1ded638b0ddd37ed78953ba5196159ba04eee3396abc89f973b17bd0d9ef60d,70bff5d55e2109aa9466f9521416399e7916d8331ab7f422b3923ffecda3cd13
d12260becfd55327f979957ce6574a5d638677bd5476f39787fafed4973ec25a,library_comparison,development,structured_30101,eta0.7_lag1_extra0,0.7,1.0,2.0,0.0,PD_F,primary,safe_task,completed,True,False,True,2,2,14.0,14.0,0,0,artifacts/da_plcbf/actuator-diagnostics-20260906/v1/library-comparison-v1/d12260becfd55327f979957ce6574a5d638677bd5476f39787fafed4973ec25a/attempt-00/summary.json,df758949274d8083e51c1327db0ec89d0e42b652acb884f8bb59c3e32a8d2238,70bff5d55e2109aa9466f9521416399e7916d8331ab7f422b3923ffecda3cd13
d200f4c39cca3295bc91647aabfb3b2f1b45d154ad5421313020b2e85b4eda1b,library_comparison,development,structured_61001,eta0.7_lag1_extra0,0.7,1.0,2.0,0.0,F2,primary,collision,completed,False,True,True,0,2,5.295,14.0,0,0,artifacts/da_plcbf/actuator-diagnostics-20260906/v1/library-comparison-v1/d200f4c39cca3295bc91647aabfb3b2f1b45d154ad5421313020b2e85b4eda1b/attempt-00/summary.json,a8b4fb83a24f3e5a1042ca2b32445baaf13ecea367950e317675b33824bfaedb,70bff5d55e2109aa9466f9521416399e7916d8331ab7f422b3923ffecda3cd13
d81d72d8efbcb42fc4bce9ffd512594e239ade5b3fe07604552efadec2377c17,library_comparison,development,structured_30101,eta0.7_lag1_extra0,0.7,1.0,2.0,0.0,F2,primary,safe_task,completed,True,False,True,2,2,14.0,14.0,0,0,artifacts/da_plcbf/actuator-diagnostics-20260906/v1/library-comparison-v1/d81d72d8efbcb42fc4bce9ffd512594e239ade5b3fe07604552efadec2377c17/attempt-00/summary.json,a00630b737a84dac7266767595739c3f177df2954091d1825ac2e983bdd6aeef,70bff5d55e2109aa9466f9521416399e7916d8331ab7f422b3923ffecda3cd13
dfea73a1389e60b7e6adebd1e0e25a69f3e21f40ac50afeffeb56ace7b8d16b1,library_comparison;matched_factorial,development,structured_30101,eta1_lag1_extra0,1.0,1.0,2.0,0.0,A_BAL,primary,safe_task,completed,True,False,True,2,2,14.0,14.0,349,349,artifacts/da_plcbf/actuator-diagnostics-20260906/v1/library-comparison-v1/dfea73a1389e60b7e6adebd1e0e25a69f3e21f40ac50afeffeb56ace7b8d16b1/attempt-00/summary.json,ef02dfafea5a99f2a4f307cdda5b8491d8fc6f569c0ad7e732eed932c3204744,70bff5d55e2109aa9466f9521416399e7916d8331ab7f422b3923ffecda3cd13
e3f11a26bac0d7693a847b44deb71f24026998c6cf2fc5c1bd24bde1d5bf7261,library_comparison,development,structured_61001,eta1_lag1_extra0,1.0,1.0,2.0,0.0,PD_A,primary,safe_task,completed,True,False,True,2,2,14.0,14.0,349,349,artifacts/da_plcbf/actuator-diagnostics-20260906/v1/library-comparison-v1/e3f11a26bac0d7693a847b44deb71f24026998c6cf2fc5c1bd24bde1d5bf7261/attempt-00/summary.json,730da66d7f3fbaefc0ce409b2cbdfe539b389de856bc8ccae98c71feb4738c2b,70bff5d55e2109aa9466f9521416399e7916d8331ab7f422b3923ffecda3cd13
f32256dc1ac6629e9c871681cc552c46387b02c2924d2666c5ef20e38804e6ee,library_comparison,development,structured_30101,eta0.7_lag1_extra0,0.7,1.0,2.0,0.0,PD_A,primary,safe_task,completed,True,False,True,2,2,14.0,14.0,349,349,artifacts/da_plcbf/actuator-diagnostics-20260906/v1/library-comparison-v1/f32256dc1ac6629e9c871681cc552c46387b02c2924d2666c5ef20e38804e6ee/attempt-00/summary.json,1c38d6a019432defa9bebee83bc7571e6a015ed7f30c762d275358c4902d14e6,70bff5d55e2109aa9466f9521416399e7916d8331ab7f422b3923ffecda3cd13
fafe82d1b27dad4d161996ed6f521205df6c343d48ceca35da5d5f2b611f9157,library_comparison,development,structured_61001,eta0.7_lag1_extra0,0.7,1.0,2.0,0.0,A,primary,collision,completed,False,True,True,0,2,4.39,14.0,109,109,artifacts/da_plcbf/actuator-diagnostics-20260906/v1/library-comparison-v1/fafe82d1b27dad4d161996ed6f521205df6c343d48ceca35da5d5f2b611f9157/attempt-00/summary.json,36a488f746fafba73f532cca6f02735f65a9d0cea79ffc2484f3537514f92590,70bff5d55e2109aa9466f9521416399e7916d8331ab7f422b3923ffecda3cd13
