adaptive.applied_passed,adaptive.control_library_version,adaptive.control_params_sha256,adaptive.mode,adaptive.nominal_row_residual_host_float64,adaptive.qp_rejection_flags,adaptive.qp_valid,adaptive.selected_policy,adaptive.selected_policy_dual,admissible_pair,cell_id,collision_free_outcome,first_applied_difference.adaptive_command,first_applied_difference.adaptive_selected_policy,first_applied_difference.frozen_command,first_applied_difference.frozen_selected_policy,first_applied_difference.identical_physical_state,first_applied_difference.maximum_motor_command_difference_n,first_applied_difference.time_seconds,frozen.applied_passed,frozen.control_library_version,frozen.control_params_sha256,frozen.mode,frozen.nominal_row_residual_host_float64,frozen.qp_rejection_flags,frozen.qp_valid,frozen.selected_policy,frozen.selected_policy_dual,pair_id,realization,recorded_input_equalities.controller_input_state,recorded_input_equalities.estimated_model_sha256,recorded_input_equalities.goal,recorded_input_equalities.nominal_command,recorded_input_equalities.observed_state,recorded_input_equalities.previous_command,recorded_input_equalities.time,runtime_method,selected_policy_equal,selected_row_equal,shared_recorded_input,stage,status,task_outcome,world_key
True,190,b0d00b8fdae7775bb7f6e9d52863711945b0004307e0d7d97bfd7859b6503869,qp,-0.07603801876223315,"[False, False, False, False, False, False, False, False]",True,12,8.815257751848549e-05,True,eta0.7_lag1_extra0,both_fail,"[0.15370921790599823, 0.1535995751619339, 0.10878046602010727, 0.10894635319709778]",12,"[0.1538357436656952, 0.15384092926979065, 0.10861177742481232, 0.10861290991306305]",12,True,0.000333443284034729,2.48,True,178,665a0426dcaaa9a4144165d3e23ffcdff3a81c0d0cfc39ebfc9d84f1688780f0,qp,0.0637202811667521,"[False, False, False, False, False, False, False, False]",True,12,0.0,6cd07190bf3097d7fc8306e37add1f43ba77ba6102ebd0a78708cf71e328655b,primary,True,True,True,True,True,True,True,A_BAL,True,False,True,matched_factorial,authenticated_decision_extract,both_fail,structured_30101
True,150,e1cb2a17df45c4d3f6e53efe78501a6d02aa16108daf8d2ac88596c3446b24e3,qp,-0.05431943562939523,"[False, False, False, False, False, False, False, False]",True,12,6.181442586239427e-05,True,eta0.7_lag1_extra1.6,both_fail,"[0.1539725959300995, 0.15399514138698578, 0.1089918464422226, 0.10905546694993973]",12,"[0.15406163036823273, 0.15416617691516876, 0.10887378454208374, 0.10881875455379486]",12,True,0.00023671239614486694,0.88,True,138,4341298343f699847c5b4724beb5b7dd4c6cc1f7fc34737e6ae62486083eb631,qp,0.10670821272844933,"[False, False, False, False, False, False, False, False]",True,12,0.0,16f6ff9632dd2c0d3d50a86700fe72f1d3c349c5a3dc768a6cdf9f74e6bfd29f,primary,True,True,True,True,True,True,True,A_BAL,True,False,True,matched_factorial,authenticated_decision_extract,both_fail,structured_30101
True,179,c22eeabfffa4f5b2209cfb0db2e6899c4d22ee86183fedb5a0615cd1abd10a08,qp,-4.341838227551349,"[False, False, False, False, False, False, False, False]",True,3,0.006906139198690653,True,eta0.7_lag2_extra0,both_fail,"[0.17311424016952515, 0.19855040311813354, 0.11535084992647171, 0.10137860476970673]",3,"[0.17286621034145355, 0.19814267754554749, 0.11550600081682205, 0.10161501914262772]",3,True,0.00040772557258605957,2.04,True,178,665a0426dcaaa9a4144165d3e23ffcdff3a81c0d0cfc39ebfc9d84f1688780f0,qp,-4.3735382860473635,"[False, False, False, False, False, False, False, False]",True,3,0.007000078912824392,271f3cb775bbe393fa3d276bb3fda3c741167945e032c57d65e5d8319a5b5986,primary,True,True,True,True,True,True,True,A_BAL,True,False,True,matched_factorial,authenticated_decision_extract,both_fail,structured_30101
True,139,897fdba4fe55c5791240c9b03b54941b232e515c89d336806f78c4f006be374a,qp,-0.3462693345637433,"[False, False, False, False, False, False, False, False]",True,11,0.0012867252808064222,True,eta0.7_lag2_extra1.6,both_fail,"[0.19913753867149353, 0.20000000298023224, 0.10236887633800507, 0.09753619879484177]",11,"[0.170983225107193, 0.1959163397550583, 0.1164623349905014, 0.10333991795778275]",3,True,0.028154313564300537,0.44,True,138,4341298343f699847c5b4724beb5b7dd4c6cc1f7fc34737e6ae62486083eb631,qp,-4.624524101947607,"[False, False, False, False, False, False, False, False]",True,3,0.007651603315025568,ecc8de94dc7eeb7d86f67104b2c3ba03d2976ad8b257959551e255eb07d63480,primary,True,True,True,True,True,True,True,A_BAL,False,False,True,matched_factorial,authenticated_decision_extract,both_fail,structured_30101
True,206,2d8a2c772dcffddfcd79a528935ae1c5120061dd5d6e5b3339c3a388a5c5c01c,qp,1.3976487960466177,"[False, False, False, False, False, False, False, False]",True,10,0.0,True,eta0.85_lag1_extra0,both_succeed,"[0.12535984814167023, 0.12536214292049408, 0.10648985952138901, 0.10648849606513977]",10,"[0.1282808482646942, 0.12337134033441544, 0.1031065508723259, 0.10882538557052612]",5,True,0.0033833086490631104,3.12,True,178,665a0426dcaaa9a4144165d3e23ffcdff3a81c0d0cfc39ebfc9d84f1688780f0,qp,-1.8854073158312303,"[False, False, False, False, False, False, False, False]",True,5,0.0004887064569629729,e4bbd5b7a1253371e041768241817bf1e4dd561f821b42986471d6f7f8941a8c,primary,True,True,True,True,True,True,True,A_BAL,False,False,True,matched_factorial,authenticated_decision_extract,both_succeed,structured_30101
True,205,d4b7dc1442c9e670cbd02516cd574efcb7c9119ea043a90479e43d086c699706,qp,1.424757255850409,"[False, False, False, False, False, False, False, False]",True,10,0.0,True,eta0.85_lag1_extra1.6,both_succeed,"[0.12513956427574158, 0.12514173984527588, 0.10637441277503967, 0.10637197643518448]",10,"[0.11468599736690521, 0.1104593500494957, 0.09052134305238724, 0.09673997014760971]",10,True,0.015853069722652435,3.08,True,138,4341298343f699847c5b4724beb5b7dd4c6cc1f7fc34737e6ae62486083eb631,fallback,-1.6595342771138917,"[False, False, False, False, False, True, False, False]",False,10,0.0004362962208688259,12316f7af5bd1eef7ca3784eedec904926bcd6a640d37437bd265c94fcdf3f9d,primary,True,True,True,True,True,True,True,A_BAL,True,False,True,matched_factorial,authenticated_decision_extract,both_succeed,structured_30101
True,206,317e0feccd1f3cfd63f343ba5d1d1ada7fb582a28471ef535b11d6e58f8b2310,qp,1.403599399097239,"[False, False, False, False, False, False, False, False]",True,10,0.0,True,eta0.85_lag2_extra0,frozen_alone_succeeds,"[0.12540419399738312, 0.12540578842163086, 0.10650405287742615, 0.1065027043223381]",10,"[0.12783551216125488, 0.1245003417134285, 0.1010284349322319, 0.10839792340993881]",10,True,0.005475617945194244,3.12,True,178,665a0426dcaaa9a4144165d3e23ffcdff3a81c0d0cfc39ebfc9d84f1688780f0,qp,-1.7429174303550212,"[False, False, False, False, False, False, False, False]",True,10,0.0007246721652336419,43a8e9e278abbe24a63dbccab6f4786093a5aea9971cf2673041bdf3a74b123c,primary,True,True,True,True,True,True,True,A_BAL,True,False,True,matched_factorial,authenticated_decision_extract,frozen_alone_succeeds,structured_30101
True,205,4992a5dabf1b0b373dfedc677a4fa6870dd25641bfd8ef56b3b7acb2f340e19b,qp,1.4213911753643345,"[False, False, False, False, False, False, False, False]",True,10,0.0,True,eta0.85_lag2_extra1.6,frozen_alone_succeeds,"[0.1251395344734192, 0.12514126300811768, 0.10637343674898148, 0.10637103021144867]",10,"[0.12733758985996246, 0.12434069812297821, 0.10140905529260635, 0.10805907845497131]",10,True,0.004964381456375122,3.08,True,138,4341298343f699847c5b4724beb5b7dd4c6cc1f7fc34737e6ae62486083eb631,qp,-1.659496330416573,"[False, False, False, False, False, False, False, False]",True,10,0.0006225256365723908,d4264ee19091a2c6a5de3143a8c820cac89e70302b925fa2e3fd94911a94c22b,primary,True,True,True,True,True,True,True,A_BAL,True,False,True,matched_factorial,authenticated_decision_extract,frozen_alone_succeeds,structured_30101
True,205,bf31c9da826fdd20cb7f42c183c0090401da9882e38f2ee5b6e9c28f4f078f4a,qp,-0.35317920984021356,"[False, False, False, False, False, False, False, False]",True,5,0.0001493167073931545,True,eta1_lag1_extra0,both_succeed,"[0.10730599611997604, 0.1063559502363205, 0.10547474771738052, 0.10640689730644226]",5,"[0.10933084785938263, 0.1053437665104866, 0.1033828854560852, 0.10736661404371262]",10,True,0.0020918622612953186,3.08,True,178,665a0426dcaaa9a4144165d3e23ffcdff3a81c0d0cfc39ebfc9d84f1688780f0,qp,-1.6573031582351518,"[False, False, False, False, False, False, False, False]",True,10,0.0003735581412911415,a2db6e0bfe7aa77928c4c04b0f65aa6e6751718aeac536055f844da52597aa32,primary,True,True,True,True,True,True,True,A_BAL,False,False,True,matched_factorial,authenticated_decision_extract,both_succeed,structured_30101
True,205,5147063eedb6ddb3ae79d8ae57b9c9a0558662ac240dbcb363e224f9f4f6891a,qp,0.3972190406001914,"[False, False, False, False, False, False, False, False]",True,5,0.0,True,eta1_lag2_extra0,frozen_alone_succeeds,"[0.1063811257481575, 0.1063825711607933, 0.10638287663459778, 0.10638081282377243]",5,"[0.10650169104337692, 0.1063990667462349, 0.10616003721952438, 0.10634942352771759]",5,True,0.00022283941507339478,3.08,True,178,665a0426dcaaa9a4144165d3e23ffcdff3a81c0d0cfc39ebfc9d84f1688780f0,qp,-0.053060729367501835,"[False, False, False, False, False, False, False, False]",True,5,3.86550382245332e-05,a7c5723e0e57d93d8662d3f76423fae7fd7fa932bbf954e8ccf385ce41cfd716,primary,True,True,True,True,True,True,True,A_BAL,True,False,True,matched_factorial,authenticated_decision_extract,frozen_alone_succeeds,structured_30101
True,206,bf7ea5cde728843a38d2947044ed3604c5329f3a9c06c4f53e005dd0786b6122,qp,-1.894582937088046,"[False, False, False, False, False, False, False, False]",True,5,0.0006534234853461385,True,eta1_lag2_extra1.6,both_succeed,"[0.10886465758085251, 0.10476889461278915, 0.10175430774688721, 0.10943284630775452]",5,"[0.10884276032447815, 0.10477456450462341, 0.10179533064365387, 0.1094236671924591]",5,True,4.10228967666626e-05,3.12,True,138,4341298343f699847c5b4724beb5b7dd4c6cc1f7fc34737e6ae62486083eb631,qp,-1.8893488264239409,"[False, False, False, False, False, False, False, False]",True,5,0.0006459365831688046,882a13473464a14f65d4241c570c38ccc612d757a61aaee31a80133ec5f113da,primary,True,True,True,True,True,True,True,A_BAL,True,False,True,matched_factorial,authenticated_decision_extract,both_succeed,structured_30101
True,206,f88da8bf8464f086ff829f5117a97e7611c14cf010584c1fef517e8189d56fc7,qp,2.1003200763530483,"[False, False, False, False, False, False, False, False]",True,12,0.0,True,eta0.7_lag1_extra0,both_succeed,"[0.15279041230678558, 0.1527896374464035, 0.10685638338327408, 0.10685678571462631]",12,"[0.1504601389169693, 0.15951810777187347, 0.10961803793907166, 0.096945621073246]",14,True,0.00991116464138031,3.12,True,178,58969afe8d42f167a08b1185c2e6bffb0fac9e0f5111ca96f2ee735e86b3bab3,qp,-2.2873999187285676,"[False, False, False, False, False, False, False, False]",True,14,0.0021448424085974693,6252fa8bb49e3c8a79a23066e8f362aab317803324cc359d02a7303666477e34,primary,True,True,True,True,True,True,True,A_BAL,False,False,True,matched_factorial,authenticated_decision_extract,frozen_alone_succeeds,structured_61001
True,206,da628a245499cde0c6c0c4db0fb0de7aeafe4617209afdf8915c94ac2a0d75da,qp,2.167511178760151,"[False, False, False, False, False, False, False, False]",True,12,0.0,True,eta0.7_lag1_extra1.6,both_succeed,"[0.15197010338306427, 0.1519695520401001, 0.10638432949781418, 0.10638493299484253]",12,"[0.14982520043849945, 0.1595555990934372, 0.10890193283557892, 0.0951807051897049]",14,True,0.011204227805137634,3.12,True,138,a8bf4eba50beae0d396d777eb269070d73cc033fdfe678193c370f384fb95d30,qp,-2.6049164516367114,"[False, False, False, False, False, False, False, False]",True,14,0.0023340554907917976,e9ff2a41b39a437a4aa7043ab5cca442f65603a3530651817531c4b37110ee57,primary,True,True,True,True,True,True,True,A_BAL,False,False,True,matched_factorial,authenticated_decision_extract,frozen_alone_succeeds,structured_61001
True,205,3aae9c130694a4118a7d2291b2803812bef9f0975f34eb822bf6d663faf50a79,qp,1.1778449383200922,"[False, False, False, False, False, False, False, False]",True,14,0.0,True,eta0.7_lag2_extra0,adaptation_alone_succeeds,"[0.15772119164466858, 0.15772110223770142, 0.11018316447734833, 0.11018270254135132]",14,"[0.15634393692016602, 0.15850207209587097, 0.11368632316589355, 0.10797140002250671]",11,True,0.003503158688545227,3.08,True,178,58969afe8d42f167a08b1185c2e6bffb0fac9e0f5111ca96f2ee735e86b3bab3,qp,-0.5543621077720218,"[False, False, False, False, False, False, False, False]",True,11,0.0011118288384750485,7d986e9d5071786aeec158f59bb815b3f2d4b5723f5379db0ffbc1f18fb7e276,primary,True,True,True,True,True,True,True,A_BAL,False,False,True,matched_factorial,authenticated_decision_extract,both_fail,structured_61001
True,206,7c9fa5ff655f3e35a71d44069310c482cf152d264d90a2178d303ef3a6e6093e,qp,2.1434386277319737,"[False, False, False, False, False, False, False, False]",True,12,0.0,True,eta0.7_lag2_extra1.6,adaptation_alone_succeeds,"[0.15179090201854706, 0.15179158747196198, 0.10628461837768555, 0.10628457367420197]",12,"[0.14997750520706177, 0.15656845271587372, 0.11043903231620789, 0.09285490959882736]",14,True,0.013429664075374603,3.12,True,138,a8bf4eba50beae0d396d777eb269070d73cc033fdfe678193c370f384fb95d30,qp,-2.3369393017898403,"[False, False, False, False, False, False, False, False]",True,14,0.002999967196956277,bca2a8f20c4ff518994502bd5cbaf2143736b619bc65489a7bc0467030a98b09,primary,True,True,True,True,True,True,True,A_BAL,False,False,True,matched_factorial,authenticated_decision_extract,adaptation_alone_succeeds,structured_61001
True,206,eac642c1b46c9f6814b998f6eee56013cdd9bad1cf1676dc00eecc11f1dc5502,qp,2.219145459910256,"[False, False, False, False, False, False, False, False]",True,12,0.0,True,eta0.85_lag1_extra0,both_succeed,"[0.12539830803871155, 0.1253977119922638, 0.10652041435241699, 0.10652080923318863]",12,"[0.1230521947145462, 0.13302822411060333, 0.10880142450332642, 0.0972626730799675]",14,True,0.00925813615322113,3.12,True,178,58969afe8d42f167a08b1185c2e6bffb0fac9e0f5111ca96f2ee735e86b3bab3,qp,-2.487674859722574,"[False, False, False, False, False, False, False, False]",True,14,0.001948040910065174,b8d5c7c953e22ea06951fc53e99a95685d66d4b432afaafc900b96d42e97648a,primary,True,True,True,True,True,True,True,A_BAL,False,False,True,matched_factorial,authenticated_decision_extract,frozen_alone_succeeds,structured_61001
True,206,34e84c77a1ce2a83f27b5dd082e2a7631c9888f2a9433b7fdf0570cbd5466e8d,qp,2.1992547254833426,"[False, False, False, False, False, False, False, False]",True,12,0.0,True,eta0.85_lag1_extra1.6,both_succeed,"[0.12517884373664856, 0.12517836689949036, 0.10640375316143036, 0.10640422999858856]",12,"[0.12516647577285767, 0.12516850233078003, 0.10642901062965393, 0.10642747581005096]",14,True,2.5257468223571777e-05,3.12,True,138,a8bf4eba50beae0d396d777eb269070d73cc033fdfe678193c370f384fb95d30,emergency,-2.6394412516758052,"[False, False, False, False, False, True, False, False]",False,14,0.002034453907981515,5834fea80568cfcffc1d95aa7af1c259d274e80c372be0df95b639f86309c67a,primary,True,True,True,True,True,True,True,A_BAL,False,False,True,matched_factorial,authenticated_decision_extract,frozen_alone_succeeds,structured_61001
True,206,b25309fe73eb63e1771bc9da1cbf29fa12ddfd6b7fb764a0b4f87611e51d1989,qp,2.117688972214624,"[False, False, False, False, False, False, False, False]",True,12,0.0,True,eta0.85_lag2_extra0,adaptation_alone_succeeds,"[0.12562091648578644, 0.12560179829597473, 0.1066412478685379, 0.10665477067232132]",12,"[0.1238090842962265, 0.13122698664665222, 0.10995647311210632, 0.0937807634472847]",14,True,0.012874007225036621,3.12,True,178,58969afe8d42f167a08b1185c2e6bffb0fac9e0f5111ca96f2ee735e86b3bab3,qp,-2.4472816826374526,"[False, False, False, False, False, False, False, False]",True,14,0.0027102099265903234,b647227eb644cde3bb3102ceb1a96361a0ba81278127187c77b4faffe0db4dbb,primary,True,True,True,True,True,True,True,A_BAL,False,False,True,matched_factorial,authenticated_decision_extract,both_fail,structured_61001
True,206,5c9aeeb3dd7a44915dec86d8937209686059fb213bde118e5c8afcbfe715d67d,qp,2.200950323209156,"[False, False, False, False, False, False, False, False]",True,12,0.0,True,eta0.85_lag2_extra1.6,both_succeed,"[0.12517035007476807, 0.1251697987318039, 0.10639865696430206, 0.10639844834804535]",12,"[0.12352161109447479, 0.13122355937957764, 0.10938840359449387, 0.09251220524311066]",14,True,0.013886243104934692,3.12,True,138,a8bf4eba50beae0d396d777eb269070d73cc033fdfe678193c370f384fb95d30,qp,-2.634165907922295,"[False, False, False, False, False, False, False, False]",True,14,0.0028685920406132936,57406485c316383318f8b93349c0d17660fee3238330e802c05ddce47e35e429,primary,True,True,True,True,True,True,True,A_BAL,False,False,True,matched_factorial,authenticated_decision_extract,frozen_alone_succeeds,structured_61001
True,206,c7102c2a17b404f32caa6bfc4c7d2573ea898de1ac9ed26300110de372722002,qp,-3.745768226117093,"[False, False, False, False, False, False, False, False]",True,12,0.0010605639545246959,True,eta1_lag1_extra0,both_succeed,"[0.10941138863563538, 0.11370164155960083, 0.10330771654844284, 0.09899649024009705]",12,"[0.10941265523433685, 0.11371002346277237, 0.10330721735954285, 0.09899045526981354]",12,True,8.381903171539307e-06,3.12,True,178,58969afe8d42f167a08b1185c2e6bffb0fac9e0f5111ca96f2ee735e86b3bab3,qp,-3.7471174518069006,"[False, False, False, False, False, False, False, False]",True,12,0.0010620433604344726,2fa41a43fb8f864dec4db97ecbfbe4ad5a2f327c4615cfad27686d5cdbb102ba,primary,True,True,True,True,True,True,True,A_BAL,True,False,True,matched_factorial,authenticated_decision_extract,both_succeed,structured_61001
True,206,81758b38808324af9217b6713422b2c55995268e5f02dd657653cf35b2d55f90,qp,-3.7453996362447697,"[False, False, False, False, False, False, False, False]",True,12,0.00164419028442353,True,eta1_lag2_extra0,both_succeed,"[0.10886988788843155, 0.1123819425702095, 0.10160012543201447, 0.09493890404701233]",12,"[0.10886592417955399, 0.11238615959882736, 0.10161137580871582, 0.09493882954120636]",12,True,1.125037670135498e-05,3.12,True,178,58969afe8d42f167a08b1185c2e6bffb0fac9e0f5111ca96f2ee735e86b3bab3,qp,-3.7478665460062075,"[False, False, False, False, False, False, False, False]",True,12,0.0016424754867330194,5a025bd368ed1f4728ba53df4c588632e6795901802e12b4ff2f477065203936,primary,True,True,True,True,True,True,True,A_BAL,True,False,True,matched_factorial,authenticated_decision_extract,both_succeed,structured_61001
True,206,fb662fa4f6b77c3ac801f9f74b75e5de4b7e81af474b0beea753c277d6ecd98e,qp,-3.7442262590251403,"[False, False, False, False, False, False, False, False]",True,12,0.00164366967510432,True,eta1_lag2_extra1.6,both_succeed,"[0.10886344313621521, 0.11237962543964386, 0.1016044169664383, 0.09493996948003769]",12,"[0.10888005048036575, 0.11238005012273788, 0.10158556699752808, 0.09495215862989426]",12,True,1.8849968910217285e-05,3.12,True,138,a8bf4eba50beae0d396d777eb269070d73cc033fdfe678193c370f384fb95d30,qp,-3.747492580279186,"[False, False, False, False, False, False, False, False]",True,12,0.0016421432374045253,0fac678775f628fc21ea789437fdd42f4e8110ef09e67f1f2d494146c6a134cc,primary,True,True,True,True,True,True,True,A_BAL,True,False,True,matched_factorial,authenticated_decision_extract,both_succeed,structured_61001
True,233,6a928fb3c5e6ba683a7cd703926d8449745cb634275bdac18d8d65bf80f853cf,fallback,-0.6749213822529327,"[False, False, False, False, False, True, False, False]",False,11,0.00010682860011002049,True,eta0.7_lag1_extra0,both_succeed,"[0.10370108485221863, 0.10384716838598251, 0.07925984263420105, 0.07819325476884842]",11,"[0.1580444574356079, 0.1579258292913437, 0.11061285436153412, 0.11059468984603882]",14,True,0.05434337258338928,4.2,True,178,c2c99285994162234d36c540be93fbaff0e622675cec82b5bfd95756c00185ac,qp,0.8595416175168111,"[False, False, False, False, False, False, False, False]",True,14,0.0,4cb88dc62a65c31ebfe83bdeba47a76f4bbb1c6e47be90d85530e887a76ded7a,primary,True,True,True,True,True,True,True,A_BAL,False,False,True,fresh_validation,authenticated_decision_extract,both_succeed,navigation_62101
True,104,f2b02d1573ced5d73bce0aa25846d3ec5d8098b1763bbb2575fdb4a9a512e8d5,fallback,-0.6211580307048052,"[False, False, False, False, False, True, False, False]",False,5,0.00011656137940008193,True,eta0.7_lag1_extra0,adaptation_alone_succeeds,"[0.11343520134687424, 0.10749174654483795, 0.08722463995218277, 0.0857144445180893]",5,"[0.15731212496757507, 0.1580853909254074, 0.1117694303393364, 0.11051949858665466]",5,True,0.05059364438056946,4.16,True,50,126d75a64f52c84f22e3386310b2f516b96d6eff258b8201773e2f4400344233,qp,-0.5846010172256229,"[False, False, False, False, False, False, False, False]",True,5,0.00010252070933347568,2860fa67cab712abc9ee276d061a9d1421063c4f45d2c98c2ba2995f41371267,primary,True,True,True,True,True,True,True,PD_A,True,False,True,fresh_validation,authenticated_decision_extract,adaptation_alone_succeeds,navigation_62101
True,233,6c7586dd4ae687bbeb63f10a6328816d8242a728f4d97cb0bced4627667943c4,qp,-0.3341308991979304,"[False, False, False, False, False, False, False, False]",True,14,4.62623756902758e-05,True,eta1_lag1_extra0,both_succeed,"[0.10975154489278793, 0.11038173735141754, 0.11058958619832993, 0.10993898659944534]",14,"[0.1097484603524208, 0.11038350313901901, 0.11059253662824631, 0.10993698984384537]",14,True,3.084540367126465e-06,4.2,True,178,c2c99285994162234d36c540be93fbaff0e622675cec82b5bfd95756c00185ac,qp,-0.3362718321892544,"[False, False, False, False, False, False, False, False]",True,14,4.6629011194454506e-05,e68e7fa7f42db0d89aba53e917752fd616102c649bed7ca174ed05791feaea3f,primary,True,True,True,True,True,True,True,A_BAL,True,False,True,fresh_validation,authenticated_decision_extract,both_succeed,navigation_62101
True,104,9bdbda4bd56a03ecb5a6890aa1ddee656d37dd058a9dc17a2021676f074ad072,qp,-0.23004535344603028,"[False, False, False, False, False, False, False, False]",True,2,2.9563690986833535e-05,True,eta1_lag1_extra0,both_succeed,"[0.1100211963057518, 0.1104096844792366, 0.11057505011558533, 0.11014343798160553]",2,"[0.1100214421749115, 0.11040954291820526, 0.11057481914758682, 0.11014357954263687]",2,True,2.4586915969848633e-07,4.16,True,50,126d75a64f52c84f22e3386310b2f516b96d6eff258b8201773e2f4400344233,qp,-0.22985326227058067,"[False, False, False, False, False, False, False, False]",True,2,2.953881812572945e-05,3297590fad7aa3b3185c4935ef0c85c6b9578ea2112546223dc8ce56ceff23d7,primary,True,True,True,True,True,True,True,PD_A,True,False,True,fresh_validation,authenticated_decision_extract,both_succeed,navigation_62101
True,250,4f5bec6dfe357afccfa592d157138d10c3282f263b6e22349cbfc429857b5b76,qp,2.0495874383067303,"[False, False, False, False, False, False, False, False]",True,9,0.0,True,eta0.7_lag1_extra0,both_succeed,"[0.15203459560871124, 0.15225009620189667, 0.10706207156181335, 0.10642433911561966]",9,"[0.14887869358062744, 0.15535365045070648, 0.11162864416837692, 0.10236236453056335]",3,True,0.004566572606563568,4.88,True,178,1386379f81be4f055406a35df3952aafaec83425f256c7fc1c470f174ae69dd3,qp,-2.2634114989796217,"[False, False, False, False, False, False, False, False]",True,3,0.0007884014630690217,a8f2d7f21fcb6760e6e2882bdddfc8641477b182502a23caf1674a8202ec4651,primary,True,True,True,True,True,True,True,A_BAL,False,False,True,fresh_validation,authenticated_decision_extract,both_succeed,navigation_62102
True,120,9d24a68e033673147a1616258b469d907b1e592bfc24e57315790bbce8e5a8e0,emergency,-4.100929695039753,"[False, False, False, False, False, True, False, False]",False,6,0.0004847209493163973,True,eta0.7_lag1_extra0,both_fail,"[0.14819489419460297, 0.14947620034217834, 0.10505986213684082, 0.10438766330480576]",6,"[0.15981534123420715, 0.16483108699321747, 0.11616124212741852, 0.11431163549423218]",13,True,0.015354886651039124,4.8,True,50,c9a40e2cb1d33f1a470f02a9df4b06c3c9d87d5baf01b1939a40e013a79e346c,qp,-3.2713960820111083,"[False, False, False, False, False, False, False, False]",True,13,0.00046774031943641603,647099cbb3b7f528c584f2a832b2dcd79b27b19585f8a7348c432eff53f0978d,primary,True,True,True,True,True,True,True,PD_A,False,False,True,fresh_validation,authenticated_decision_extract,both_fail,navigation_62102
True,368,9a062ac2a5fc5c36811411ce8b91a9b057ec1e40977d666aa40b45889a1c67d2,qp,-0.17765045800956614,"[False, False, False, False, False, False, False, False]",True,12,0.0002794784086290747,True,eta1_lag1_extra0,both_succeed,"[0.10041064023971558, 0.10060684382915497, 0.0993257686495781, 0.09893835335969925]",12,"[0.10041037946939468, 0.10060668736696243, 0.09932603687047958, 0.09893867373466492]",12,True,3.203749656677246e-07,9.6,True,178,1386379f81be4f055406a35df3952aafaec83425f256c7fc1c470f174ae69dd3,qp,-0.17756382863484532,"[False, False, False, False, False, False, False, False]",True,12,0.0002793949097394943,f784d98c0418e88560d6738bbfe0c21743433e561ecb6f86a3f5696ff5b28c2c,primary,True,True,True,True,True,True,True,A_BAL,True,False,True,fresh_validation,authenticated_decision_extract,both_succeed,navigation_62102
True,124,561715d2e3af6a76b00210f995c5b202f49a22cef2d715a9d98867ef513cc763,qp,-0.06827996342462939,"[False, False, False, False, False, False, False, False]",True,9,5.69274889130611e-05,True,eta1_lag1_extra0,both_succeed,"[0.1064944639801979, 0.10684917867183685, 0.1062208041548729, 0.10609901696443558]",9,"[0.10649401694536209, 0.10684731602668762, 0.10622122138738632, 0.10610083490610123]",9,True,1.862645149230957e-06,4.96,True,50,c9a40e2cb1d33f1a470f02a9df4b06c3c9d87d5baf01b1939a40e013a79e346c,qp,-0.06776314813836848,"[False, False, False, False, False, False, False, False]",True,9,5.649458398693241e-05,caebd347443944a5eda26837043d298d2625a602e89c1931bddc68a3cde5f9cd,primary,True,True,True,True,True,True,True,PD_A,True,False,True,fresh_validation,authenticated_decision_extract,both_succeed,navigation_62102
True,225,b1d094e27c3bf45e57a47a6f0ac2324fc42e5ef547c78828622439c7a11bf5de,qp,-0.16751160829193168,"[False, False, False, False, False, False, False, False]",True,11,3.2121803087648004e-05,True,eta0.7_lag1_extra0,adaptation_alone_succeeds,"[0.1578662246465683, 0.15771961212158203, 0.1110648661851883, 0.11098943650722504]",11,"[0.15810717642307281, 0.15769776701927185, 0.11073020100593567, 0.11102365702390671]",11,True,0.0003346651792526245,3.88,True,178,e2708191f23f1491cb5caf9692853deea081bef44a6663fe8f405c19595b5602,qp,0.5633103485345288,"[False, False, False, False, False, False, False, False]",True,11,0.0,5a2ebff32de0461a3fd0b8e2db8ef3bff3a660fd9c45021febdd39ca9426c40e,primary,True,True,True,True,True,True,True,A_BAL,True,False,True,fresh_validation,authenticated_decision_extract,both_fail,navigation_62103
True,93,7bdb256c819bf9a25321c54e855908e9771ed3914f0e30a316d0f55d7f5fc83f,qp,0.3133135798575637,"[False, False, False, False, False, False, False, False]",True,6,0.0,True,eta0.7_lag1_extra0,frozen_alone_succeeds,"[0.15724390745162964, 0.157430499792099, 0.11015807837247849, 0.1102844700217247]",6,"[0.15654808282852173, 0.15744738280773163, 0.1106322854757309, 0.11026463657617569]",13,True,0.0006958246231079102,3.72,True,50,09dcc4526d713a2b255d3de336dd5afc019ca6414052e2c4032fc2b2ce7096ac,qp,-0.4967627350798125,"[False, False, False, False, False, False, False, False]",True,13,4.4770473323296756e-05,6cbcbb0cb303e16fc809bcd8d2a5ddf4d9927af8242ab98db6ac6f16edb75580,primary,True,True,True,True,True,True,True,PD_A,False,False,True,fresh_validation,authenticated_decision_extract,frozen_alone_succeeds,navigation_62103
True,226,a1222e9d985b18ac576f408d98feafe05155e677a328bbf372c6868faec5cdcf,fallback,-0.030978227692514793,"[False, False, False, False, False, True, False, False]",False,14,5.87610702496022e-06,True,eta1_lag1_extra0,both_succeed,"[0.06481682509183884, 0.06625928729772568, 0.07048407942056656, 0.06971073150634766]",14,"[0.11064278334379196, 0.1103278249502182, 0.11079195886850357, 0.11101293563842773]",14,True,0.045825958251953125,3.92,True,178,e2708191f23f1491cb5caf9692853deea081bef44a6663fe8f405c19595b5602,qp,-0.02810230020051563,"[False, False, False, False, False, False, False, False]",True,14,5.277320269669872e-06,701b7f8e96f267bb42f9acbe037044376058575447f807b7e08160c097a054d4,primary,True,True,True,True,True,True,True,A_BAL,True,False,True,fresh_validation,authenticated_decision_extract,both_succeed,navigation_62103
True,97,a3715a241dc20c39c9eb964c1e9d2c0ba621f6e267bf4cbbe9dd182a8d6e1a60,qp,-0.29843312533692057,"[False, False, False, False, False, False, False, False]",True,10,4.9616188334766775e-05,True,eta1_lag1_extra0,both_succeed,"[0.11009491980075836, 0.11024560779333115, 0.11115963757038116, 0.11096573621034622]",10,"[0.1100950688123703, 0.11024556308984756, 0.11115948110818863, 0.11096576601266861]",10,True,1.564621925354004e-07,3.88,True,50,09dcc4526d713a2b255d3de336dd5afc019ca6414052e2c4032fc2b2ce7096ac,qp,-0.2983571885016616,"[False, False, False, False, False, False, False, False]",True,10,4.959862053510733e-05,a63c18484871f33823a3f79411377b116f18d6d8c234ad505ffd469f0d9c7c9e,primary,True,True,True,True,True,True,True,PD_A,True,False,True,fresh_validation,authenticated_decision_extract,both_succeed,navigation_62103
True,224,c19ed04d924be2750271958a8135e70887d5eb3c8a71cacd23556e888bd2ea63,qp,-1.3099359841914833,"[False, False, False, False, False, False, False, False]",True,3,0.00018136411381419748,True,eta0.7_lag1_extra0,adaptation_alone_succeeds,"[0.15695644915103912, 0.1583351045846939, 0.11314105242490768, 0.11092747002840042]",3,"[0.15854395925998688, 0.15819862484931946, 0.1109008640050888, 0.1110825389623642]",14,True,0.002240188419818878,3.84,True,178,91c5bc18c239acf8c87257a6638845537a1d6a9a2beccb528115e66419d8f4d7,qp,6.9463792110355325,"[False, False, False, False, False, False, False, False]",True,14,0.0,3313ab8b1a184685990a80545369dd3316b8947c74bbab1ef70e8ea25f54f7d5,primary,True,True,True,True,True,True,True,A_BAL,False,False,True,fresh_validation,authenticated_decision_extract,adaptation_alone_succeeds,navigation_62104
True,95,9a9d84e2a0311f453d24e200dd5f869fef87856bc703588791df7ac276b0add2,qp,-0.47178770070502196,"[False, False, False, False, False, False, False, False]",True,5,9.17761426535435e-05,True,eta0.7_lag1_extra0,frozen_alone_succeeds,"[0.15781350433826447, 0.15809772908687592, 0.11182378232479095, 0.11116597801446915]",5,"[0.15849880874156952, 0.15813180804252625, 0.11087154597043991, 0.11110135912895203]",10,True,0.0009522363543510437,3.8000000000000003,True,50,ab247f91007e908c89c02df6233a8b280938839aa9e9187ac059cea442e36c39,qp,6.988096214555114,"[False, False, False, False, False, False, False, False]",True,10,0.0,9857c8f23a70791ca7dfc0b8b951d011a7b5d0026805f59f561d8d3c016e6c01,primary,True,True,True,True,True,True,True,PD_A,False,False,True,fresh_validation,authenticated_decision_extract,frozen_alone_succeeds,navigation_62104
True,226,9ace178aad25d5540ac443dcbce4e1b7bc42714d416ba07bc7f6149c46bf4fb9,fallback,-2.345932116016378,"[False, False, False, False, False, True, False, False]",False,3,0.00026585650630295277,True,eta1_lag1_extra0,frozen_alone_succeeds,"[0.1222088485956192, 0.1209162250161171, 0.12888763844966888, 0.12864860892295837]",3,"[0.10780277848243713, 0.11079153418540955, 0.11404911428689957, 0.1109904795885086]",3,True,0.017658129334449768,3.92,True,178,91c5bc18c239acf8c87257a6638845537a1d6a9a2beccb528115e66419d8f4d7,qp,-2.350610707883341,"[False, False, False, False, False, False, False, False]",True,3,0.0002659314777702093,3c8daee5ef0ef3d3805379fa3b1184d71011049d824bfb03e063b1a4e9c71824,primary,True,True,True,True,True,True,True,A_BAL,True,False,True,fresh_validation,authenticated_decision_extract,frozen_alone_succeeds,navigation_62104
True,95,722ac97fbae2b1a10d18b0cc3e1d85159fe0286f40f54b7f8838b1d9b3a12df4,qp,-0.7753294408270222,"[False, False, False, False, False, False, False, False]",True,2,0.00011617122800089419,True,eta1_lag1_extra0,adaptation_alone_succeeds,"[0.10981650650501251, 0.11103242635726929, 0.11203186959028244, 0.11063224077224731]",2,"[0.1098170205950737, 0.11103226244449615, 0.11203142255544662, 0.11063241958618164]",2,True,5.140900611877441e-07,3.8000000000000003,True,50,ab247f91007e908c89c02df6233a8b280938839aa9e9187ac059cea442e36c39,qp,-0.7750170030636241,"[False, False, False, False, False, False, False, False]",True,2,0.00011611799709498882,752210539ce04ed86112dafb942fdae41dc8d20dec1ebc96a613de10e1fa09ce,primary,True,True,True,True,True,True,True,PD_A,True,False,True,fresh_validation,authenticated_decision_extract,adaptation_alone_succeeds,navigation_62104
True,179,d0e7b5d33f80f6b8a660a0a426965dcda1e0bdfb2639f7f74e00a202b3feb663,qp,-2.017901605938846,"[False, False, False, False, False, False, False, False]",True,16,0.0011180646251887083,True,eta0.7_lag1_extra0,both_fail,"[0.15678159892559052, 0.1635368913412094, 0.10797777771949768, 0.09828696399927139]",16,"[0.156782865524292, 0.1635342836380005, 0.10797680914402008, 0.0982917845249176]",16,True,4.820525646209717e-06,2.04,True,178,4a6bb398cfe45583602687d2d426cf4663552992a5dc566b9152cbf851e61a4a,qp,-2.0174090957372073,"[False, False, False, False, False, False, False, False]",True,16,0.0011171904625371099,70ada2cd3034457ecabc750b8581a2c696033b67a91a287452df034a3596bfba,primary,True,True,True,True,True,True,True,A_BAL,True,False,True,fresh_validation,authenticated_decision_extract,both_fail,structured_62001
True,51,8d1973009f0a62bf29484029e5caafb8b444bb66e5593b384499a4480afea5f3,qp,-2.2782467488410134,"[False, False, False, False, False, False, False, False]",True,11,0.001746390014886856,True,eta0.7_lag1_extra0,both_fail,"[0.15547485649585724, 0.1643233448266983, 0.11041408032178879, 0.0978473648428917]",11,"[0.15547576546669006, 0.16431891918182373, 0.11041214317083359, 0.09785415232181549]",11,True,6.787478923797607e-06,2.04,True,50,96f7d80d26cf5efab71178b9dc7658e84880d5e76fbbfecc30e1a95ea8ec7123,qp,-2.2770456409992903,"[False, False, False, False, False, False, False, False]",True,11,0.0017454946646466851,7611683c0b3166bfb208b0a1828e1f9a2adeb3b7001eec0c279b7dc36e81b05d,primary,True,True,True,True,True,True,True,PD_A,True,False,True,fresh_validation,authenticated_decision_extract,both_fail,structured_62001
True,184,e28be3ac6e27fa0917092e86a5c34cf98b571e3f2166070a58f4a93ef9768ff1,qp,-2.066694486769279,"[False, False, False, False, False, False, False, False]",True,12,0.0005859009688720107,True,eta1_lag1_extra0,both_succeed,"[0.10593858361244202, 0.11068994551897049, 0.10677887499332428, 0.10194350779056549]",12,"[0.1059170812368393, 0.11070562899112701, 0.1067994013428688, 0.10192730277776718]",12,True,2.1502375602722168e-05,2.24,True,178,4a6bb398cfe45583602687d2d426cf4663552992a5dc566b9152cbf851e61a4a,qp,-2.0732918246426095,"[False, False, False, False, False, False, False, False]",True,12,0.0005888015730306506,b154a5b7734b9076b1df2632b068c43d1ee8ba7dc96bd5ec413fd6fcf1767e65,primary,True,True,True,True,True,True,True,A_BAL,True,False,True,fresh_validation,authenticated_decision_extract,both_succeed,structured_62001
True,53,e6c357cd170e8688a9c96bd8dc3f503d814c6c4d5bf445c79b1979e7f845a791,qp,-2.551539694750659,"[False, False, False, False, False, False, False, False]",True,10,0.0007497612969018519,True,eta1_lag1_extra0,both_succeed,"[0.10238563269376755, 0.11025986820459366, 0.11031470447778702, 0.1025494858622551]",10,"[0.10238638520240784, 0.11025875806808472, 0.11031415313482285, 0.10255073010921478]",10,True,1.2442469596862793e-06,2.12,True,50,96f7d80d26cf5efab71178b9dc7658e84880d5e76fbbfecc30e1a95ea8ec7123,qp,-2.5512793808102288,"[False, False, False, False, False, False, False, False]",True,10,0.0007494876044802368,2cff34798516de25a4dc9eade22abb92700c592c845eb4d7009da488aeb59d18,primary,True,True,True,True,True,True,True,PD_A,True,False,True,fresh_validation,authenticated_decision_extract,both_succeed,structured_62001
True,221,aff25e3c6e9d8a18eb08c0a0c71354ee04fc28dce5a189c3849fcfda654a5bcf,qp,1.558750862684633,"[False, False, False, False, False, False, False, False]",True,14,0.0,True,eta0.7_lag1_extra0,both_succeed,"[0.15227264165878296, 0.15227074921131134, 0.10651321709156036, 0.10651686042547226]",14,"[0.14569248259067535, 0.15150147676467896, 0.111127570271492, 0.10719603300094604]",3,True,0.006580159068107605,3.72,True,178,211056247ebbd0ac5dc572f2933ae69e750ab18bb3fe42d606bc76f2f8bed941,qp,-3.9342436182591314,"[False, False, False, False, False, False, False, False]",True,3,0.0005228635272942483,1f9bb69155c3cb201c7cc132f1c3488988565fa23a74d92fa6d214a40d497de3,primary,True,True,True,True,True,True,True,A_BAL,False,False,True,fresh_validation,authenticated_decision_extract,both_succeed,structured_62002
True,92,855bbdae8c561dde0b7704b771eabc4090f34828492b82109237d198abf82357,qp,-4.220280218882749,"[False, False, False, False, False, False, False, False]",True,6,0.0013517426559701562,True,eta0.7_lag1_extra0,frozen_alone_succeeds,"[0.14131812751293182, 0.15339471399784088, 0.1142285168170929, 0.10591225326061249]",6,"[0.14274828135967255, 0.1518104374408722, 0.11318226903676987, 0.10702703893184662]",15,True,0.001584276556968689,3.68,True,50,3f05b4030941cc97c946b6a1ebc8e901ef4c9a2dadd1e5e7795261fadcadd7d2,qp,-4.271802318995427,"[False, False, False, False, False, False, False, False]",True,15,0.0010018169414252043,2c1769b7632a399ca3640f7677699de7af1e259598a1a64b2073da51c840665f,primary,True,True,True,True,True,True,True,PD_A,False,False,True,fresh_validation,authenticated_decision_extract,frozen_alone_succeeds,structured_62002
True,221,bb512238a09575496a21901d5b700c4aa8fddccd843b86e0ed2c7fe3208b9dfb,qp,-3.9249344085623505,"[False, False, False, False, False, False, False, False]",True,3,0.0008673910633660853,True,eta1_lag1_extra0,both_succeed,"[0.09916629642248154, 0.10566360503435135, 0.11380193382501602, 0.1073855459690094]",3,"[0.10654449462890625, 0.10653000324964523, 0.1065310686826706, 0.10654564201831818]",3,True,0.007378198206424713,3.72,True,178,211056247ebbd0ac5dc572f2933ae69e750ab18bb3fe42d606bc76f2f8bed941,emergency,-3.9335592120582845,"[False, False, False, False, False, True, False, False]",False,3,0.0008619987056590617,b3e08e64884c655ec2c8d80717faed841e2baf142db2ff5d9daa3d4a78e732fe,primary,True,True,True,True,True,True,True,A_BAL,True,False,True,fresh_validation,authenticated_decision_extract,frozen_alone_succeeds,structured_62002
True,92,f1905b140093b5e91aaf562c8c61cbb7915be03893540e7c000524c816cbaf4c,qp,-4.41988883171598,"[False, False, False, False, False, False, False, False]",True,2,0.0013861350016668439,True,eta1_lag1_extra0,adaptation_alone_succeeds,"[0.09731645882129669, 0.11018019914627075, 0.11557479202747345, 0.1025967076420784]",2,"[0.09731673449277878, 0.11018002778291702, 0.1155741736292839, 0.10259674489498138]",2,True,6.183981895446777e-07,3.68,True,50,3f05b4030941cc97c946b6a1ebc8e901ef4c9a2dadd1e5e7795261fadcadd7d2,qp,-4.419904732612338,"[False, False, False, False, False, False, False, False]",True,2,0.001386003103107214,fc5b9c4102c67553156f125f64d12ed1a5ad9d3e0c0738155304d4e59e2aa774,primary,True,True,True,True,True,True,True,PD_A,True,False,True,fresh_validation,authenticated_decision_extract,adaptation_alone_succeeds,structured_62002
True,236,5a4750ab11b09dfe45f7c76fe669cd5cfb7c5b9c71e3e1e138e8c8532f1bf846,qp,2.5677450513547058,"[False, False, False, False, False, False, False, False]",True,12,0.0,True,eta0.7_lag1_extra0,both_succeed,"[0.15193617343902588, 0.1519361138343811, 0.10638871043920517, 0.10638892650604248]",12,"[0.15125112235546112, 0.160401850938797, 0.10668399930000305, 0.09384778887033463]",14,True,0.012541137635707855,4.32,True,178,cfb4119160e3a50948418fe03e23b7fdd171ec4426a1bab2fcac63362e4ab1d3,qp,-3.0675511202219425,"[False, False, False, False, False, False, False, False]",True,14,0.002344532636925578,94786c68c5311f8447e429b72aae4765f4fd1bc4abbf1f55d04173b67a95a0eb,primary,True,True,True,True,True,True,True,A_BAL,False,False,True,fresh_validation,authenticated_decision_extract,both_succeed,structured_62003
True,106,00a837ebedf923af132790465c2af1fcb5c4ed08470be39f2ef0a0876cffdb2a,qp,1.171943291450134,"[False, False, False, False, False, False, False, False]",True,9,0.0,True,eta0.7_lag1_extra0,both_succeed,"[0.15194599330425262, 0.15194609761238098, 0.10639762133359909, 0.10639777779579163]",9,"[0.1528586745262146, 0.16076485812664032, 0.10488412529230118, 0.0938861146569252]",2,True,0.012511663138866425,4.24,True,50,c15ad8fcf9eec442f59bc8972125120660414a24e7127e574822671c2c41649b,qp,-3.7417864282484885,"[False, False, False, False, False, False, False, False]",True,2,0.001988486386835575,c97600c396aa908c727cd122e96bed12412044f0731741e389618d47a9305238,primary,True,True,True,True,True,True,True,PD_A,False,False,True,fresh_validation,authenticated_decision_extract,frozen_alone_succeeds,structured_62003
True,236,c524aa44ae2bae2163d3dae0c4f43be066b22175e1a3983d81034882ea201884,qp,-3.887566438820727,"[False, False, False, False, False, False, False, False]",True,12,0.0008377708727493882,True,eta1_lag1_extra0,both_succeed,"[0.1096716821193695, 0.1126958504319191, 0.10295853763818741, 0.09993793815374374]",12,"[0.1096845269203186, 0.1127142682671547, 0.10294544696807861, 0.0999213382601738]",12,True,1.8417835235595703e-05,4.32,True,178,cfb4119160e3a50948418fe03e23b7fdd171ec4426a1bab2fcac63362e4ab1d3,qp,-3.888871876303824,"[False, False, False, False, False, False, False, False]",True,12,0.0008424997795373201,9790ec0a0e3024f11f37be663b0f6733aa202f39129588dd102aa43181d7a6fb,primary,True,True,True,True,True,True,True,A_BAL,True,False,True,fresh_validation,authenticated_decision_extract,both_succeed,structured_62003
True,106,7afc5e7b734bb13e1a92a79da222926c333171d91653dbc1bdf6aa0d977344ff,emergency,-3.940163341787411,"[False, False, False, False, False, True, False, False]",False,8,0.0010535622714087367,True,eta1_lag1_extra0,adaptation_alone_succeeds,"[0.10634130984544754, 0.10634297877550125, 0.10634399950504303, 0.10634232312440872]",8,"[0.10912684351205826, 0.11403737217187881, 0.10356266051530838, 0.0987427830696106]",8,True,0.0076943933963775635,4.24,True,50,c15ad8fcf9eec442f59bc8972125120660414a24e7127e574822671c2c41649b,qp,-3.940117484991333,"[False, False, False, False, False, False, False, False]",True,8,0.0010533801978453994,f33db1fa8f21585b744cc2bc0639efeda49d23f9c1d88821787307f2d437fd51,primary,True,True,True,True,True,True,True,PD_A,True,False,True,fresh_validation,authenticated_decision_extract,adaptation_alone_succeeds,structured_62003
True,220,622bd31e52e6ae4b9aed2cca8d5380d821ef246f49888a62cb4466956a8a7f56,qp,0.38206430479988285,"[False, False, False, False, False, False, False, False]",True,12,0.0,True,eta0.7_lag1_extra0,both_succeed,"[0.15225474536418915, 0.15225589275360107, 0.10648927092552185, 0.10648590326309204]",12,"[0.15708287060260773, 0.14882014691829681, 0.0997220054268837, 0.11147382110357285]",5,True,0.006767265498638153,3.68,True,178,8e82aadef2648bedb67268ae0bb94bf47b6d7cf0e5c3f3946e1c9efba0e660bd,qp,-2.729394875678963,"[False, False, False, False, False, False, False, False]",True,5,0.0012146070366725326,cd79d034b2e125bfafd47a634fc8c7909101ad27bbc554665d171e8ba247377d,primary,True,True,True,True,True,True,True,A_BAL,False,False,True,fresh_validation,authenticated_decision_extract,both_succeed,structured_62004
True,90,5094e449b2e210d4f4c7c653de493a9ac6fcfa446be2158db7737ed23bfb1fd5,qp,-2.8627287279761617,"[False, False, False, False, False, False, False, False]",True,11,0.003004417521879077,True,eta0.7_lag1_extra0,both_succeed,"[0.16001616418361664, 0.14661934971809387, 0.09558150172233582, 0.11446702480316162]",11,"[0.1592952311038971, 0.14655184745788574, 0.09663375467061996, 0.11457116156816483]",11,True,0.0010522529482841492,3.6,True,50,42d9a92ca9bdfd0bebf1e7157319e4bed9f451154d0f05304587d6a4567dabcb,qp,-2.779269790682008,"[False, False, False, False, False, False, False, False]",True,11,0.0027563755866140127,42cbccde8f0f6d6023469401e778069c2945dfc9c0f2c9dc0309e4a37ea7c810,primary,True,True,True,True,True,True,True,PD_A,True,False,True,fresh_validation,authenticated_decision_extract,both_succeed,structured_62004
True,221,facae96477d8df41400a18f5a1ed83cc4cf30bfa8842625fe4d9e4e7d78ce2b5,qp,-2.2767021270308874,"[False, False, False, False, False, False, False, False]",True,12,0.0015099324518814683,True,eta1_lag1_extra0,both_succeed,"[0.11223883181810379, 0.11062704771757126, 0.10022972524166107, 0.10196558386087418]",12,"[0.11226754635572433, 0.11063078790903091, 0.10019955039024353, 0.1019614040851593]",12,True,3.0174851417541504e-05,3.72,True,178,8e82aadef2648bedb67268ae0bb94bf47b6d7cf0e5c3f3946e1c9efba0e660bd,qp,-2.279723945984415,"[False, False, False, False, False, False, False, False]",True,12,0.0015186291420832276,1c09283b3f5bfc687c7bc82ab35f0a1a57b721e85b368ffabd5375d724b62778,primary,True,True,True,True,True,True,True,A_BAL,True,False,True,fresh_validation,authenticated_decision_extract,both_succeed,structured_62004
True,90,a945c2358559747b852751529cb5d49ace3597349c1f4adc9533922d99988c9b,qp,-3.312789230826297,"[False, False, False, False, False, False, False, False]",True,3,0.0015410761116072536,True,eta1_lag1_extra0,both_succeed,"[0.11468895524740219, 0.10279344022274017, 0.09809413552284241, 0.10988719016313553]",3,"[0.11468750238418579, 0.102792888879776, 0.09809539467096329, 0.10988715291023254]",3,True,1.4528632164001465e-06,3.6,True,50,42d9a92ca9bdfd0bebf1e7157319e4bed9f451154d0f05304587d6a4567dabcb,qp,-3.3127455742856,"[False, False, False, False, False, False, False, False]",True,3,0.0015407050959765911,ebab5dc717d3e5c6f820826d066f16f2a981523daa42a42164f20b0812cc120b,primary,True,True,True,True,True,True,True,PD_A,True,False,True,fresh_validation,authenticated_decision_extract,both_succeed,structured_62004
True,190,eb95998f916dbcf2580f9caf562569a99b3867cffc6f3f8d2ddc50634d37d2c2,qp,-0.07602661489977436,"[False, False, False, False, False, False, False, False]",True,12,8.81403757375665e-05,True,eta0.7_lag1_extra0,frozen_alone_succeeds,"[0.15370924770832062, 0.15359961986541748, 0.10878043621778488, 0.1089463084936142]",12,"[0.1538357436656952, 0.15384092926979065, 0.10861177742481232, 0.10861290991306305]",12,True,0.00033339858055114746,2.48,True,178,6df7d413a47f90a0c5fead83a4da7f9d3177b24a2d2ee81140aeac7776bbeb3d,qp,0.06359752693322207,"[False, False, False, False, False, False, False, False]",True,12,0.0,b493ba4963d207d3ba44b04f8fde240d4d3c5aec5a46bffbaed9a0a924ef5880,fresh_build_1,True,True,True,True,True,True,True,A_BAL,True,False,True,numerical_robustness,authenticated_decision_extract,frozen_alone_succeeds,structured_30101
True,190,720c459ebe8d11598b811565f2c22bdf5c1ff266426d94eae513c0c4e8f8555a,qp,-0.0760321214436317,"[False, False, False, False, False, False, False, False]",True,12,8.814538159640506e-05,True,eta0.7_lag1_extra0,frozen_alone_succeeds,"[0.15370924770832062, 0.1535995900630951, 0.10878042876720428, 0.10894634574651718]",12,"[0.15383577346801758, 0.15384092926979065, 0.10861176252365112, 0.10861293226480484]",12,True,0.0003334134817123413,2.48,True,178,24a14093c69c89eeafbe47a7c031b5cce6ea1ed5ba603d173f772eb0513f3ad4,qp,0.06363897299183918,"[False, False, False, False, False, False, False, False]",True,12,0.0,c70a7a01f2282cdc8a53b4976186267186fadace92b566d4791d145d8d3324ce,fresh_build_2,True,True,True,True,True,True,True,A_BAL,True,False,True,numerical_robustness,authenticated_decision_extract,frozen_alone_succeeds,structured_30101
True,190,f653227fef4c534f9fd2e957fc5a064376163f0304bdd936f1537bfe81136987,qp,-0.07581107520769592,"[False, False, False, False, False, False, False, False]",True,12,8.791234722593799e-05,True,eta0.7_lag1_extra0,frozen_alone_succeeds,"[0.15370963513851166, 0.15360026061534882, 0.10877992957830429, 0.10894542932510376]",12,"[0.15383575856685638, 0.15384092926979065, 0.10861177742481232, 0.10861290991306305]",12,True,0.00033251941204071045,2.48,True,178,db5900aec36e3ba9ed43b2fa6cbe692735ea614983d445f4511851d1f36c1d83,qp,0.06359284404874188,"[False, False, False, False, False, False, False, False]",True,12,0.0,c92d6cb7ec3307d546f722b32ad8c85ab065c945070397f725ad2f04a164f06a,perturb_minus,True,True,True,True,True,True,True,A_BAL,True,False,True,numerical_robustness,authenticated_decision_extract,frozen_alone_succeeds,structured_30101
True,190,167d7c27b0f184a9ddec007533b50fcbbbbadeb559a6baa27f4aed710bab5db0,qp,-0.0760642228556776,"[False, False, False, False, False, False, False, False]",True,12,8.818699279800057e-05,True,eta0.7_lag1_extra0,frozen_alone_succeeds,"[0.15370917320251465, 0.15359948575496674, 0.10878053307533264, 0.10894647240638733]",12,"[0.1538357436656952, 0.15384092926979065, 0.10861177742481232, 0.10861290991306305]",12,True,0.0003335624933242798,2.48,True,178,bb0f5e6400cc2c8607bd7f682930064ba45ba4a22c2ee1791d7c0403bae83596,qp,0.06373383528728027,"[False, False, False, False, False, False, False, False]",True,12,0.0,2b570141ccfe52947ccb6064b71be839a810e779444f2777c4e0d50f64dba334,perturb_plus,True,True,True,True,True,True,True,A_BAL,True,False,True,numerical_robustness,authenticated_decision_extract,frozen_alone_succeeds,structured_30101
