stage,pair_id,world,cell,realization,task_outcome,actual_applied_command,actual_selected_policy,adaptive_max_fallback_hard_value,diagnostic_union_max_fallback_hard_value,diagnostic_union_minus_fault_frozen,fallback_count_each,frozen_max_fallback_hard_value,immutable_core_values_exact_equal,physical_branch,shared_inputs_sha256,time_seconds,source_report,source_sha256,per_skill_values_sha256
fresh_validation,8b6044bfaddc62023c71fd2625963ccd9aa29036a486e7b42701d1591b9cfb0f,navigation_63101,eta0.7_lag1_extra0,primary,frozen_alone_succeeds,"[0.19043195247650146, 0.19375073909759521, 0.10262024402618408, 0.10418261587619781]",16,0.1010923981666565,0.1010923981666565,0.0,32,0.1010923981666565,True,frozen,bf5bb2534134c997abba8f078e0f43137119216882dd7aafde055c5b4030f2ca,2.0,artifacts/da_plcbf/actuator-diagnostics-20260906/v1/secondary-refresh-validation-v1/analysis-v1/fresh_validation/8b6044bfaddc62023c71fd2625963ccd9aa29036a486e7b42701d1591b9cfb0f/common_state_report.json,6b4a210259e093cd43f8bc47764989b2d2ba12540dfab771b858734b4b28df9a,0d05c2fa1440300856e68e7b934312fcf528ba1f7354714860063317e23e0c49
fresh_validation,8b6044bfaddc62023c71fd2625963ccd9aa29036a486e7b42701d1591b9cfb0f,navigation_63101,eta0.7_lag1_extra0,primary,frozen_alone_succeeds,"[0.19043195247650146, 0.19375073909759521, 0.10262024402618408, 0.10418261587619781]",16,0.1010923981666565,0.1010923981666565,0.0,32,0.1010923981666565,True,adaptive,bf5bb2534134c997abba8f078e0f43137119216882dd7aafde055c5b4030f2ca,2.0,artifacts/da_plcbf/actuator-diagnostics-20260906/v1/secondary-refresh-validation-v1/analysis-v1/fresh_validation/8b6044bfaddc62023c71fd2625963ccd9aa29036a486e7b42701d1591b9cfb0f/common_state_report.json,6b4a210259e093cd43f8bc47764989b2d2ba12540dfab771b858734b4b28df9a,0d05c2fa1440300856e68e7b934312fcf528ba1f7354714860063317e23e0c49
fresh_validation,8b6044bfaddc62023c71fd2625963ccd9aa29036a486e7b42701d1591b9cfb0f,navigation_63101,eta0.7_lag1_extra0,primary,frozen_alone_succeeds,"[0.15382958948612213, 0.15088121592998505, 0.10475987195968628, 0.10879335552453995]",28,0.010265350341796875,0.01027059555053711,0.0,32,0.01027059555053711,True,frozen,4ce7ac8972935844329ea688ccf2a038ceb211a53dd13f5119a634612713bf57,2.4,artifacts/da_plcbf/actuator-diagnostics-20260906/v1/secondary-refresh-validation-v1/analysis-v1/fresh_validation/8b6044bfaddc62023c71fd2625963ccd9aa29036a486e7b42701d1591b9cfb0f/common_state_report.json,6b4a210259e093cd43f8bc47764989b2d2ba12540dfab771b858734b4b28df9a,0d05c2fa1440300856e68e7b934312fcf528ba1f7354714860063317e23e0c49
fresh_validation,8b6044bfaddc62023c71fd2625963ccd9aa29036a486e7b42701d1591b9cfb0f,navigation_63101,eta0.7_lag1_extra0,primary,frozen_alone_succeeds,"[0.15363624691963196, 0.1510777324438095, 0.10495321452617645, 0.10849085450172424]",30,0.00950700044631958,0.009512603282928467,0.0,32,0.009512603282928467,True,adaptive,ee4c711186521ec25fd11463c519d1f87f1c5a410bbf4bc0bce8a0daa1c5cad6,2.4,artifacts/da_plcbf/actuator-diagnostics-20260906/v1/secondary-refresh-validation-v1/analysis-v1/fresh_validation/8b6044bfaddc62023c71fd2625963ccd9aa29036a486e7b42701d1591b9cfb0f/common_state_report.json,6b4a210259e093cd43f8bc47764989b2d2ba12540dfab771b858734b4b28df9a,0d05c2fa1440300856e68e7b934312fcf528ba1f7354714860063317e23e0c49
fresh_validation,8b6044bfaddc62023c71fd2625963ccd9aa29036a486e7b42701d1591b9cfb0f,navigation_63101,eta0.7_lag1_extra0,primary,frozen_alone_succeeds,"[0.15466077625751495, 0.15486423671245575, 0.1078585758805275, 0.10885130614042282]",4,0.26502466201782227,0.26502466201782227,0.0,32,0.26502466201782227,True,frozen,fa96bec931d0f86f12c3771cfe9f9eadd0b92106b827191d0369437c37aa78a0,2.8,artifacts/da_plcbf/actuator-diagnostics-20260906/v1/secondary-refresh-validation-v1/analysis-v1/fresh_validation/8b6044bfaddc62023c71fd2625963ccd9aa29036a486e7b42701d1591b9cfb0f/common_state_report.json,6b4a210259e093cd43f8bc47764989b2d2ba12540dfab771b858734b4b28df9a,0d05c2fa1440300856e68e7b934312fcf528ba1f7354714860063317e23e0c49
fresh_validation,8b6044bfaddc62023c71fd2625963ccd9aa29036a486e7b42701d1591b9cfb0f,navigation_63101,eta0.7_lag1_extra0,primary,frozen_alone_succeeds,"[0.15427350997924805, 0.15400876104831696, 0.10735739022493362, 0.10840751230716705]",0,0.3015533685684204,0.3015533685684204,0.0,32,0.3015533685684204,True,adaptive,beca03fa5f7a6bad24c6dc2b3449b764274abc5e22353966d203851839a70b40,2.8,artifacts/da_plcbf/actuator-diagnostics-20260906/v1/secondary-refresh-validation-v1/analysis-v1/fresh_validation/8b6044bfaddc62023c71fd2625963ccd9aa29036a486e7b42701d1591b9cfb0f/common_state_report.json,6b4a210259e093cd43f8bc47764989b2d2ba12540dfab771b858734b4b28df9a,0d05c2fa1440300856e68e7b934312fcf528ba1f7354714860063317e23e0c49
fresh_validation,c79222c0c730c9ca352410c82913e62026ee00a21ca8c8786d13c947b806f73d,navigation_63101,eta1_lag1_extra0,primary,both_succeed,"[0.10070649534463882, 0.10399595648050308, 0.10533425956964493, 0.10196536779403687]",32,0.15726518630981445,0.15726518630981445,0.0,32,0.15726518630981445,True,frozen,0f167f6cd3aa304f9f53749da4a1bd75de61b27ca50e15cb73833cfdf832bb86,2.0,artifacts/da_plcbf/actuator-diagnostics-20260906/v1/secondary-refresh-validation-v1/analysis-v1/fresh_validation/c79222c0c730c9ca352410c82913e62026ee00a21ca8c8786d13c947b806f73d/common_state_report.json,e4145b058e5036f90d35dcf50caf79962b4dbe8eb54d4a916e688c82d04cf86f,b5a060befb677059939584b393edbde5dcbe45e92bdc2a1c136c3971c2da9286
fresh_validation,c79222c0c730c9ca352410c82913e62026ee00a21ca8c8786d13c947b806f73d,navigation_63101,eta1_lag1_extra0,primary,both_succeed,"[0.10070649534463882, 0.10399595648050308, 0.10533425956964493, 0.10196536779403687]",32,0.15726518630981445,0.15726518630981445,0.0,32,0.15726518630981445,True,adaptive,0f167f6cd3aa304f9f53749da4a1bd75de61b27ca50e15cb73833cfdf832bb86,2.0,artifacts/da_plcbf/actuator-diagnostics-20260906/v1/secondary-refresh-validation-v1/analysis-v1/fresh_validation/c79222c0c730c9ca352410c82913e62026ee00a21ca8c8786d13c947b806f73d/common_state_report.json,e4145b058e5036f90d35dcf50caf79962b4dbe8eb54d4a916e688c82d04cf86f,b5a060befb677059939584b393edbde5dcbe45e92bdc2a1c136c3971c2da9286
fresh_validation,c79222c0c730c9ca352410c82913e62026ee00a21ca8c8786d13c947b806f73d,navigation_63101,eta1_lag1_extra0,primary,both_succeed,"[0.1077682301402092, 0.10638277977705002, 0.10625119507312775, 0.10744059830904007]",14,0.016040265560150146,0.016055822372436523,0.0,32,0.016055822372436523,True,frozen,dadda3410758696b901aa658eb7ebbb87849a276cb72523af23165fad30ad23a,2.4,artifacts/da_plcbf/actuator-diagnostics-20260906/v1/secondary-refresh-validation-v1/analysis-v1/fresh_validation/c79222c0c730c9ca352410c82913e62026ee00a21ca8c8786d13c947b806f73d/common_state_report.json,e4145b058e5036f90d35dcf50caf79962b4dbe8eb54d4a916e688c82d04cf86f,b5a060befb677059939584b393edbde5dcbe45e92bdc2a1c136c3971c2da9286
fresh_validation,c79222c0c730c9ca352410c82913e62026ee00a21ca8c8786d13c947b806f73d,navigation_63101,eta1_lag1_extra0,primary,both_succeed,"[0.10777323693037033, 0.10638061910867691, 0.10624849796295166, 0.10744505375623703]",30,0.01598358154296875,0.015999019145965576,0.0,32,0.015999019145965576,True,adaptive,e3704a2f59aa377770bc9f683280e8be892064ceeee8950b15173b49a6bf1450,2.4,artifacts/da_plcbf/actuator-diagnostics-20260906/v1/secondary-refresh-validation-v1/analysis-v1/fresh_validation/c79222c0c730c9ca352410c82913e62026ee00a21ca8c8786d13c947b806f73d/common_state_report.json,e4145b058e5036f90d35dcf50caf79962b4dbe8eb54d4a916e688c82d04cf86f,b5a060befb677059939584b393edbde5dcbe45e92bdc2a1c136c3971c2da9286
fresh_validation,c79222c0c730c9ca352410c82913e62026ee00a21ca8c8786d13c947b806f73d,navigation_63101,eta1_lag1_extra0,primary,both_succeed,"[0.1077640950679779, 0.10758403688669205, 0.10746214538812637, 0.10779155045747757]",1,0.07879847288131714,0.07879847288131714,0.0,32,0.07879847288131714,True,frozen,5ed179c55bdd93cf7f4ad43498b1140eb8e53c11271a3cc7fba78624ab4d718d,2.8,artifacts/da_plcbf/actuator-diagnostics-20260906/v1/secondary-refresh-validation-v1/analysis-v1/fresh_validation/c79222c0c730c9ca352410c82913e62026ee00a21ca8c8786d13c947b806f73d/common_state_report.json,e4145b058e5036f90d35dcf50caf79962b4dbe8eb54d4a916e688c82d04cf86f,b5a060befb677059939584b393edbde5dcbe45e92bdc2a1c136c3971c2da9286
fresh_validation,c79222c0c730c9ca352410c82913e62026ee00a21ca8c8786d13c947b806f73d,navigation_63101,eta1_lag1_extra0,primary,both_succeed,"[0.10749209672212601, 0.10742338001728058, 0.10731325298547745, 0.10750944912433624]",12,0.0806649923324585,0.0806649923324585,0.0,32,0.0806649923324585,True,adaptive,71d1fcb06be3a37f1f2db80130dc5b968ebdd5e1a2ff0587e9f18629f382971d,2.8,artifacts/da_plcbf/actuator-diagnostics-20260906/v1/secondary-refresh-validation-v1/analysis-v1/fresh_validation/c79222c0c730c9ca352410c82913e62026ee00a21ca8c8786d13c947b806f73d/common_state_report.json,e4145b058e5036f90d35dcf50caf79962b4dbe8eb54d4a916e688c82d04cf86f,b5a060befb677059939584b393edbde5dcbe45e92bdc2a1c136c3971c2da9286
fresh_validation,740af8f7326856798dcf57c495059698c915f69d77bd3336cb663b25e41e806f,navigation_63102,eta0.7_lag1_extra0,primary,both_succeed,"[0.20000000298023224, 0.20000000298023224, 0.10839655250310898, 0.109148308634758]",28,1.278293490409851,1.278293490409851,0.0,32,1.278293490409851,True,frozen,55fd8145afd6cc5274866f1758226fc24ffd4a1a79a196c850fd1f1e94dc4b00,2.0,artifacts/da_plcbf/actuator-diagnostics-20260906/v1/secondary-refresh-validation-v1/analysis-v1/fresh_validation/740af8f7326856798dcf57c495059698c915f69d77bd3336cb663b25e41e806f/common_state_report.json,2a529a38de4134df594238de82530fcdb176ed5ecd6a8bcd617a1f79c2450af4,7299db4fba589d354ec0706ea15ec3dd49cfed01240ede18814ff611884c55f0
fresh_validation,740af8f7326856798dcf57c495059698c915f69d77bd3336cb663b25e41e806f,navigation_63102,eta0.7_lag1_extra0,primary,both_succeed,"[0.20000000298023224, 0.20000000298023224, 0.10839655250310898, 0.109148308634758]",28,1.278293490409851,1.278293490409851,0.0,32,1.278293490409851,True,adaptive,55fd8145afd6cc5274866f1758226fc24ffd4a1a79a196c850fd1f1e94dc4b00,2.0,artifacts/da_plcbf/actuator-diagnostics-20260906/v1/secondary-refresh-validation-v1/analysis-v1/fresh_validation/740af8f7326856798dcf57c495059698c915f69d77bd3336cb663b25e41e806f/common_state_report.json,2a529a38de4134df594238de82530fcdb176ed5ecd6a8bcd617a1f79c2450af4,7299db4fba589d354ec0706ea15ec3dd49cfed01240ede18814ff611884c55f0
fresh_validation,740af8f7326856798dcf57c495059698c915f69d77bd3336cb663b25e41e806f,navigation_63102,eta0.7_lag1_extra0,primary,both_succeed,"[0.1535598188638687, 0.15448616445064545, 0.10912563651800156, 0.10862649977207184]",28,1.4778697490692139,1.479263424873352,0.0,32,1.479263424873352,True,frozen,43c924713b0b323bb5a01685b6d507328defaabeb4556036ee0771c0d1bd3f13,2.4,artifacts/da_plcbf/actuator-diagnostics-20260906/v1/secondary-refresh-validation-v1/analysis-v1/fresh_validation/740af8f7326856798dcf57c495059698c915f69d77bd3336cb663b25e41e806f/common_state_report.json,2a529a38de4134df594238de82530fcdb176ed5ecd6a8bcd617a1f79c2450af4,7299db4fba589d354ec0706ea15ec3dd49cfed01240ede18814ff611884c55f0
fresh_validation,740af8f7326856798dcf57c495059698c915f69d77bd3336cb663b25e41e806f,navigation_63102,eta0.7_lag1_extra0,primary,both_succeed,"[0.1535598188638687, 0.15448616445064545, 0.10912563651800156, 0.10862649977207184]",30,1.4778697490692139,1.479263424873352,0.0,32,1.479263424873352,True,adaptive,43c924713b0b323bb5a01685b6d507328defaabeb4556036ee0771c0d1bd3f13,2.4,artifacts/da_plcbf/actuator-diagnostics-20260906/v1/secondary-refresh-validation-v1/analysis-v1/fresh_validation/740af8f7326856798dcf57c495059698c915f69d77bd3336cb663b25e41e806f/common_state_report.json,2a529a38de4134df594238de82530fcdb176ed5ecd6a8bcd617a1f79c2450af4,7299db4fba589d354ec0706ea15ec3dd49cfed01240ede18814ff611884c55f0
fresh_validation,740af8f7326856798dcf57c495059698c915f69d77bd3336cb663b25e41e806f,navigation_63102,eta0.7_lag1_extra0,primary,both_succeed,"[0.15415051579475403, 0.1536681056022644, 0.10799295455217361, 0.10764362663030624]",28,1.336652159690857,1.336652159690857,2.276897430419922e-05,32,1.3366293907165527,True,frozen,b194ca2850ebbf8b2b581b994b9edd5988beb526564e2e955213088bfd622965,2.8,artifacts/da_plcbf/actuator-diagnostics-20260906/v1/secondary-refresh-validation-v1/analysis-v1/fresh_validation/740af8f7326856798dcf57c495059698c915f69d77bd3336cb663b25e41e806f/common_state_report.json,2a529a38de4134df594238de82530fcdb176ed5ecd6a8bcd617a1f79c2450af4,7299db4fba589d354ec0706ea15ec3dd49cfed01240ede18814ff611884c55f0
fresh_validation,740af8f7326856798dcf57c495059698c915f69d77bd3336cb663b25e41e806f,navigation_63102,eta0.7_lag1_extra0,primary,both_succeed,"[0.15415051579475403, 0.1536681056022644, 0.10799295455217361, 0.10764362663030624]",16,1.336652159690857,1.336652159690857,2.276897430419922e-05,32,1.3366293907165527,True,adaptive,b194ca2850ebbf8b2b581b994b9edd5988beb526564e2e955213088bfd622965,2.8,artifacts/da_plcbf/actuator-diagnostics-20260906/v1/secondary-refresh-validation-v1/analysis-v1/fresh_validation/740af8f7326856798dcf57c495059698c915f69d77bd3336cb663b25e41e806f/common_state_report.json,2a529a38de4134df594238de82530fcdb176ed5ecd6a8bcd617a1f79c2450af4,7299db4fba589d354ec0706ea15ec3dd49cfed01240ede18814ff611884c55f0
fresh_validation,36dac22953c93a92ceb7d534e7c551256812a7266955382dbb05eb9d86da1c95,navigation_63102,eta1_lag1_extra0,primary,both_succeed,"[0.10922154784202576, 0.1083478108048439, 0.10839655250310898, 0.109148308634758]",32,1.192889928817749,1.192889928817749,0.0,32,1.192889928817749,True,frozen,9a72b36ab1d45af1947e9c3be9e43b187753d86d195598ed33a4512c47c8b4d6,2.0,artifacts/da_plcbf/actuator-diagnostics-20260906/v1/secondary-refresh-validation-v1/analysis-v1/fresh_validation/36dac22953c93a92ceb7d534e7c551256812a7266955382dbb05eb9d86da1c95/common_state_report.json,9c71145b7daf4e9f11b062f162d0e389e2e0eeb3882a7815904d21643cd9cc1f,a2a285c3896ffc2efc799f5008e6c4abbfcc1f0d50b745b82ee5f8c34d83c569
fresh_validation,36dac22953c93a92ceb7d534e7c551256812a7266955382dbb05eb9d86da1c95,navigation_63102,eta1_lag1_extra0,primary,both_succeed,"[0.10922154784202576, 0.1083478108048439, 0.10839655250310898, 0.109148308634758]",32,1.192889928817749,1.192889928817749,0.0,32,1.192889928817749,True,adaptive,9a72b36ab1d45af1947e9c3be9e43b187753d86d195598ed33a4512c47c8b4d6,2.0,artifacts/da_plcbf/actuator-diagnostics-20260906/v1/secondary-refresh-validation-v1/analysis-v1/fresh_validation/36dac22953c93a92ceb7d534e7c551256812a7266955382dbb05eb9d86da1c95/common_state_report.json,9c71145b7daf4e9f11b062f162d0e389e2e0eeb3882a7815904d21643cd9cc1f,a2a285c3896ffc2efc799f5008e6c4abbfcc1f0d50b745b82ee5f8c34d83c569
fresh_validation,36dac22953c93a92ceb7d534e7c551256812a7266955382dbb05eb9d86da1c95,navigation_63102,eta1_lag1_extra0,primary,both_succeed,"[0.10711070150136948, 0.10776462405920029, 0.1077977791428566, 0.10719628632068634]",12,0.8249979019165039,0.8262207508087158,0.0,32,0.8262207508087158,True,frozen,1fe661aa7aa699d753d318abc7de42d1ebac65c0416018638c82ac266576dd35,2.4,artifacts/da_plcbf/actuator-diagnostics-20260906/v1/secondary-refresh-validation-v1/analysis-v1/fresh_validation/36dac22953c93a92ceb7d534e7c551256812a7266955382dbb05eb9d86da1c95/common_state_report.json,9c71145b7daf4e9f11b062f162d0e389e2e0eeb3882a7815904d21643cd9cc1f,a2a285c3896ffc2efc799f5008e6c4abbfcc1f0d50b745b82ee5f8c34d83c569
fresh_validation,36dac22953c93a92ceb7d534e7c551256812a7266955382dbb05eb9d86da1c95,navigation_63102,eta1_lag1_extra0,primary,both_succeed,"[0.10711070150136948, 0.10776462405920029, 0.1077977791428566, 0.10719628632068634]",12,0.8249979019165039,0.8262207508087158,0.0,32,0.8262207508087158,True,adaptive,1fe661aa7aa699d753d318abc7de42d1ebac65c0416018638c82ac266576dd35,2.4,artifacts/da_plcbf/actuator-diagnostics-20260906/v1/secondary-refresh-validation-v1/analysis-v1/fresh_validation/36dac22953c93a92ceb7d534e7c551256812a7266955382dbb05eb9d86da1c95/common_state_report.json,9c71145b7daf4e9f11b062f162d0e389e2e0eeb3882a7815904d21643cd9cc1f,a2a285c3896ffc2efc799f5008e6c4abbfcc1f0d50b745b82ee5f8c34d83c569
fresh_validation,36dac22953c93a92ceb7d534e7c551256812a7266955382dbb05eb9d86da1c95,navigation_63102,eta1_lag1_extra0,primary,both_succeed,"[0.10688013583421707, 0.1069636419415474, 0.10693614184856415, 0.10689171403646469]",12,0.6869150400161743,0.6869218349456787,0.0,32,0.6869218349456787,True,frozen,cc1ee0dd4b9d3bf14c1fbf8335af5507d28c6c2df9140fef5985e34d79751892,2.8,artifacts/da_plcbf/actuator-diagnostics-20260906/v1/secondary-refresh-validation-v1/analysis-v1/fresh_validation/36dac22953c93a92ceb7d534e7c551256812a7266955382dbb05eb9d86da1c95/common_state_report.json,9c71145b7daf4e9f11b062f162d0e389e2e0eeb3882a7815904d21643cd9cc1f,a2a285c3896ffc2efc799f5008e6c4abbfcc1f0d50b745b82ee5f8c34d83c569
fresh_validation,36dac22953c93a92ceb7d534e7c551256812a7266955382dbb05eb9d86da1c95,navigation_63102,eta1_lag1_extra0,primary,both_succeed,"[0.10688013583421707, 0.1069636419415474, 0.10693614184856415, 0.10689171403646469]",12,0.6869150400161743,0.6869218349456787,0.0,32,0.6869218349456787,True,adaptive,cc1ee0dd4b9d3bf14c1fbf8335af5507d28c6c2df9140fef5985e34d79751892,2.8,artifacts/da_plcbf/actuator-diagnostics-20260906/v1/secondary-refresh-validation-v1/analysis-v1/fresh_validation/36dac22953c93a92ceb7d534e7c551256812a7266955382dbb05eb9d86da1c95/common_state_report.json,9c71145b7daf4e9f11b062f162d0e389e2e0eeb3882a7815904d21643cd9cc1f,a2a285c3896ffc2efc799f5008e6c4abbfcc1f0d50b745b82ee5f8c34d83c569
fresh_validation,bb94998f34effd70d711aa7ea8908688fae7e49bfe7f5e3dc51e611a26e2c0fa,navigation_63103,eta0.7_lag1_extra0,primary,frozen_alone_succeeds,"[0.20000000298023224, 0.20000000298023224, 0.1067877933382988, 0.10725028812885284]",13,1.1222450733184814,1.1222450733184814,0.0,32,1.1222450733184814,True,frozen,4b7923a02e5f9a5834b44df4dfab99096e561443062f8f093b46ac4f5763b6d2,2.0,artifacts/da_plcbf/actuator-diagnostics-20260906/v1/secondary-refresh-validation-v1/analysis-v1/fresh_validation/bb94998f34effd70d711aa7ea8908688fae7e49bfe7f5e3dc51e611a26e2c0fa/common_state_report.json,38114741194ac68baa9f33965fef2b0d8ef890baab3c957fe6ad0a013ea0db59,31d7a3275f5b26386f6849dc66df4a249a3a8d9dd1db6b0b132bcd1836efddc6
fresh_validation,bb94998f34effd70d711aa7ea8908688fae7e49bfe7f5e3dc51e611a26e2c0fa,navigation_63103,eta0.7_lag1_extra0,primary,frozen_alone_succeeds,"[0.20000000298023224, 0.20000000298023224, 0.1067877933382988, 0.10725028812885284]",13,1.1222450733184814,1.1222450733184814,0.0,32,1.1222450733184814,True,adaptive,4b7923a02e5f9a5834b44df4dfab99096e561443062f8f093b46ac4f5763b6d2,2.0,artifacts/da_plcbf/actuator-diagnostics-20260906/v1/secondary-refresh-validation-v1/analysis-v1/fresh_validation/bb94998f34effd70d711aa7ea8908688fae7e49bfe7f5e3dc51e611a26e2c0fa/common_state_report.json,38114741194ac68baa9f33965fef2b0d8ef890baab3c957fe6ad0a013ea0db59,31d7a3275f5b26386f6849dc66df4a249a3a8d9dd1db6b0b132bcd1836efddc6
fresh_validation,bb94998f34effd70d711aa7ea8908688fae7e49bfe7f5e3dc51e611a26e2c0fa,navigation_63103,eta0.7_lag1_extra0,primary,frozen_alone_succeeds,"[0.15296226739883423, 0.15342777967453003, 0.1081283763051033, 0.10772888362407684]",13,1.2775788307189941,1.2775788307189941,0.0,32,1.2775788307189941,True,frozen,c3622174c464f908d2f07b88320489a58e537353ed215e10312708e78a6dda84,2.4,artifacts/da_plcbf/actuator-diagnostics-20260906/v1/secondary-refresh-validation-v1/analysis-v1/fresh_validation/bb94998f34effd70d711aa7ea8908688fae7e49bfe7f5e3dc51e611a26e2c0fa/common_state_report.json,38114741194ac68baa9f33965fef2b0d8ef890baab3c957fe6ad0a013ea0db59,31d7a3275f5b26386f6849dc66df4a249a3a8d9dd1db6b0b132bcd1836efddc6
fresh_validation,bb94998f34effd70d711aa7ea8908688fae7e49bfe7f5e3dc51e611a26e2c0fa,navigation_63103,eta0.7_lag1_extra0,primary,frozen_alone_succeeds,"[0.15296226739883423, 0.15342777967453003, 0.1081283763051033, 0.10772888362407684]",13,1.2775788307189941,1.2775788307189941,0.0,32,1.2775788307189941,True,adaptive,c3622174c464f908d2f07b88320489a58e537353ed215e10312708e78a6dda84,2.4,artifacts/da_plcbf/actuator-diagnostics-20260906/v1/secondary-refresh-validation-v1/analysis-v1/fresh_validation/bb94998f34effd70d711aa7ea8908688fae7e49bfe7f5e3dc51e611a26e2c0fa/common_state_report.json,38114741194ac68baa9f33965fef2b0d8ef890baab3c957fe6ad0a013ea0db59,31d7a3275f5b26386f6849dc66df4a249a3a8d9dd1db6b0b132bcd1836efddc6
fresh_validation,bb94998f34effd70d711aa7ea8908688fae7e49bfe7f5e3dc51e611a26e2c0fa,navigation_63103,eta0.7_lag1_extra0,primary,frozen_alone_succeeds,"[0.15370580554008484, 0.15293309092521667, 0.10761131346225739, 0.10728071630001068]",9,2.5965075492858887,2.5965075492858887,0.0,32,2.5965075492858887,True,frozen,ead7b3a950f0b2f52e7a892702e35d617029a3cd5862211508bff1819d6f978b,2.8,artifacts/da_plcbf/actuator-diagnostics-20260906/v1/secondary-refresh-validation-v1/analysis-v1/fresh_validation/bb94998f34effd70d711aa7ea8908688fae7e49bfe7f5e3dc51e611a26e2c0fa/common_state_report.json,38114741194ac68baa9f33965fef2b0d8ef890baab3c957fe6ad0a013ea0db59,31d7a3275f5b26386f6849dc66df4a249a3a8d9dd1db6b0b132bcd1836efddc6
fresh_validation,bb94998f34effd70d711aa7ea8908688fae7e49bfe7f5e3dc51e611a26e2c0fa,navigation_63103,eta0.7_lag1_extra0,primary,frozen_alone_succeeds,"[0.15370580554008484, 0.15293309092521667, 0.10761131346225739, 0.10728071630001068]",9,2.5965075492858887,2.5965075492858887,0.0,32,2.5965075492858887,True,adaptive,ead7b3a950f0b2f52e7a892702e35d617029a3cd5862211508bff1819d6f978b,2.8,artifacts/da_plcbf/actuator-diagnostics-20260906/v1/secondary-refresh-validation-v1/analysis-v1/fresh_validation/bb94998f34effd70d711aa7ea8908688fae7e49bfe7f5e3dc51e611a26e2c0fa/common_state_report.json,38114741194ac68baa9f33965fef2b0d8ef890baab3c957fe6ad0a013ea0db59,31d7a3275f5b26386f6849dc66df4a249a3a8d9dd1db6b0b132bcd1836efddc6
fresh_validation,4204c0b680a36a3190b4d5287f189b33096b1a71e5446e114bb0d5ec48970e87,navigation_63103,eta1_lag1_extra0,primary,frozen_alone_succeeds,"[0.10702192783355713, 0.10680627822875977, 0.1067877933382988, 0.10725028812885284]",32,1.0358924865722656,1.0358924865722656,0.0,32,1.0358924865722656,True,frozen,fa6cd596e4c9eb2d9f848a4914236f607b0811242d4237487d4d015b17fc8f80,2.0,artifacts/da_plcbf/actuator-diagnostics-20260906/v1/secondary-refresh-validation-v1/analysis-v1/fresh_validation/4204c0b680a36a3190b4d5287f189b33096b1a71e5446e114bb0d5ec48970e87/common_state_report.json,1d8633721c6561fdec7b15fd10d5c7c5e7e2e242c1db722911db723a0f14cb28,c52cced8180ed1b1d7cac17dec640b068febc1b5ffb4d04cce4e1ef9047163f7
fresh_validation,4204c0b680a36a3190b4d5287f189b33096b1a71e5446e114bb0d5ec48970e87,navigation_63103,eta1_lag1_extra0,primary,frozen_alone_succeeds,"[0.10702192783355713, 0.10680627822875977, 0.1067877933382988, 0.10725028812885284]",32,1.0358924865722656,1.0358924865722656,0.0,32,1.0358924865722656,True,adaptive,fa6cd596e4c9eb2d9f848a4914236f607b0811242d4237487d4d015b17fc8f80,2.0,artifacts/da_plcbf/actuator-diagnostics-20260906/v1/secondary-refresh-validation-v1/analysis-v1/fresh_validation/4204c0b680a36a3190b4d5287f189b33096b1a71e5446e114bb0d5ec48970e87/common_state_report.json,1d8633721c6561fdec7b15fd10d5c7c5e7e2e242c1db722911db723a0f14cb28,c52cced8180ed1b1d7cac17dec640b068febc1b5ffb4d04cce4e1ef9047163f7
fresh_validation,4204c0b680a36a3190b4d5287f189b33096b1a71e5446e114bb0d5ec48970e87,navigation_63103,eta1_lag1_extra0,primary,frozen_alone_succeeds,"[0.10697872191667557, 0.10728014260530472, 0.10725127905607224, 0.10688409209251404]",32,1.071700096130371,1.071700096130371,0.0,32,1.071700096130371,True,frozen,d628786cc6e429d2e8025bc3dd7c9fa00f140ee56e28238852431edf6c66fb47,2.4,artifacts/da_plcbf/actuator-diagnostics-20260906/v1/secondary-refresh-validation-v1/analysis-v1/fresh_validation/4204c0b680a36a3190b4d5287f189b33096b1a71e5446e114bb0d5ec48970e87/common_state_report.json,1d8633721c6561fdec7b15fd10d5c7c5e7e2e242c1db722911db723a0f14cb28,c52cced8180ed1b1d7cac17dec640b068febc1b5ffb4d04cce4e1ef9047163f7
fresh_validation,4204c0b680a36a3190b4d5287f189b33096b1a71e5446e114bb0d5ec48970e87,navigation_63103,eta1_lag1_extra0,primary,frozen_alone_succeeds,"[0.10697872191667557, 0.10728014260530472, 0.10725127905607224, 0.10688409209251404]",16,1.071700096130371,1.071700096130371,0.0,32,1.071700096130371,True,adaptive,d628786cc6e429d2e8025bc3dd7c9fa00f140ee56e28238852431edf6c66fb47,2.4,artifacts/da_plcbf/actuator-diagnostics-20260906/v1/secondary-refresh-validation-v1/analysis-v1/fresh_validation/4204c0b680a36a3190b4d5287f189b33096b1a71e5446e114bb0d5ec48970e87/common_state_report.json,1d8633721c6561fdec7b15fd10d5c7c5e7e2e242c1db722911db723a0f14cb28,c52cced8180ed1b1d7cac17dec640b068febc1b5ffb4d04cce4e1ef9047163f7
fresh_validation,4204c0b680a36a3190b4d5287f189b33096b1a71e5446e114bb0d5ec48970e87,navigation_63103,eta1_lag1_extra0,primary,frozen_alone_succeeds,"[0.10676053911447525, 0.10669895261526108, 0.10670368373394012, 0.10673416405916214]",32,2.2559633255004883,2.2559633255004883,0.0,32,2.2559633255004883,True,frozen,f8a35963ed57d855ee493e18919f467222855a44d4575bbbf6e771c617b69601,2.8,artifacts/da_plcbf/actuator-diagnostics-20260906/v1/secondary-refresh-validation-v1/analysis-v1/fresh_validation/4204c0b680a36a3190b4d5287f189b33096b1a71e5446e114bb0d5ec48970e87/common_state_report.json,1d8633721c6561fdec7b15fd10d5c7c5e7e2e242c1db722911db723a0f14cb28,c52cced8180ed1b1d7cac17dec640b068febc1b5ffb4d04cce4e1ef9047163f7
fresh_validation,4204c0b680a36a3190b4d5287f189b33096b1a71e5446e114bb0d5ec48970e87,navigation_63103,eta1_lag1_extra0,primary,frozen_alone_succeeds,"[0.10676053911447525, 0.10669895261526108, 0.10670368373394012, 0.10673416405916214]",16,2.2559633255004883,2.2559633255004883,0.0,32,2.2559633255004883,True,adaptive,f8a35963ed57d855ee493e18919f467222855a44d4575bbbf6e771c617b69601,2.8,artifacts/da_plcbf/actuator-diagnostics-20260906/v1/secondary-refresh-validation-v1/analysis-v1/fresh_validation/4204c0b680a36a3190b4d5287f189b33096b1a71e5446e114bb0d5ec48970e87/common_state_report.json,1d8633721c6561fdec7b15fd10d5c7c5e7e2e242c1db722911db723a0f14cb28,c52cced8180ed1b1d7cac17dec640b068febc1b5ffb4d04cce4e1ef9047163f7
fresh_validation,3fccde503b5e27facdd85e85f992196b7bb5d6640deed1adc203ca1f1e06236a,navigation_63104,eta0.7_lag1_extra0,primary,frozen_alone_succeeds,"[0.187233105301857, 0.19465157389640808, 0.10454122722148895, 0.09871085733175278]",18,0.019432663917541504,0.019432663917541504,0.0,32,0.019432663917541504,True,frozen,49a3554e8422b9e14fa8555c374b16767170c47e37b0ceee9a37b783a3c7812c,2.0,artifacts/da_plcbf/actuator-diagnostics-20260906/v1/secondary-refresh-validation-v1/analysis-v1/fresh_validation/3fccde503b5e27facdd85e85f992196b7bb5d6640deed1adc203ca1f1e06236a/common_state_report.json,11a8b727bcbb1ab1700dc19ca97e91a209b6b1d8aa1719369a8fbefa99fc07cd,b68952b49510349a57811e2fd8158a754245add213ec0204c470bab89c89883e
fresh_validation,3fccde503b5e27facdd85e85f992196b7bb5d6640deed1adc203ca1f1e06236a,navigation_63104,eta0.7_lag1_extra0,primary,frozen_alone_succeeds,"[0.187233105301857, 0.19465157389640808, 0.10454122722148895, 0.09871085733175278]",18,0.019432663917541504,0.019432663917541504,0.0,32,0.019432663917541504,True,adaptive,49a3554e8422b9e14fa8555c374b16767170c47e37b0ceee9a37b783a3c7812c,2.0,artifacts/da_plcbf/actuator-diagnostics-20260906/v1/secondary-refresh-validation-v1/analysis-v1/fresh_validation/3fccde503b5e27facdd85e85f992196b7bb5d6640deed1adc203ca1f1e06236a/common_state_report.json,11a8b727bcbb1ab1700dc19ca97e91a209b6b1d8aa1719369a8fbefa99fc07cd,b68952b49510349a57811e2fd8158a754245add213ec0204c470bab89c89883e
fresh_validation,3fccde503b5e27facdd85e85f992196b7bb5d6640deed1adc203ca1f1e06236a,navigation_63104,eta0.7_lag1_extra0,primary,frozen_alone_succeeds,"[0.124234139919281, 0.13363660871982574, 0.09242387861013412, 0.08328872174024582]",23,0.015833407640457153,0.015833407640457153,0.0,32,0.015833407640457153,True,frozen,4ba1f65053cac8aa554e0e12b9fbf9b83871857985554b9b8baf1e227f557b6d,2.4,artifacts/da_plcbf/actuator-diagnostics-20260906/v1/secondary-refresh-validation-v1/analysis-v1/fresh_validation/3fccde503b5e27facdd85e85f992196b7bb5d6640deed1adc203ca1f1e06236a/common_state_report.json,11a8b727bcbb1ab1700dc19ca97e91a209b6b1d8aa1719369a8fbefa99fc07cd,b68952b49510349a57811e2fd8158a754245add213ec0204c470bab89c89883e
fresh_validation,3fccde503b5e27facdd85e85f992196b7bb5d6640deed1adc203ca1f1e06236a,navigation_63104,eta0.7_lag1_extra0,primary,frozen_alone_succeeds,"[0.1111142709851265, 0.12366059422492981, 0.08627253025770187, 0.07012965530157089]",0,0.01712954044342041,0.01712954044342041,0.0,32,0.01712954044342041,True,adaptive,9faa9198b771d973060e145d07da3091635cbe9b0fac6065968925d97aaeb82b,2.4,artifacts/da_plcbf/actuator-diagnostics-20260906/v1/secondary-refresh-validation-v1/analysis-v1/fresh_validation/3fccde503b5e27facdd85e85f992196b7bb5d6640deed1adc203ca1f1e06236a/common_state_report.json,11a8b727bcbb1ab1700dc19ca97e91a209b6b1d8aa1719369a8fbefa99fc07cd,b68952b49510349a57811e2fd8158a754245add213ec0204c470bab89c89883e
fresh_validation,3fccde503b5e27facdd85e85f992196b7bb5d6640deed1adc203ca1f1e06236a,navigation_63104,eta0.7_lag1_extra0,primary,frozen_alone_succeeds,"[0.15188422799110413, 0.1493021547794342, 0.10480128973722458, 0.10664398968219757]",23,1.5676223039627075,1.5676223039627075,0.0,32,1.5676223039627075,True,frozen,108519fe4c4c20792d06f9dfab30a3523d7fc469c335f71381d938e35dcf79a9,2.8,artifacts/da_plcbf/actuator-diagnostics-20260906/v1/secondary-refresh-validation-v1/analysis-v1/fresh_validation/3fccde503b5e27facdd85e85f992196b7bb5d6640deed1adc203ca1f1e06236a/common_state_report.json,11a8b727bcbb1ab1700dc19ca97e91a209b6b1d8aa1719369a8fbefa99fc07cd,b68952b49510349a57811e2fd8158a754245add213ec0204c470bab89c89883e
fresh_validation,3fccde503b5e27facdd85e85f992196b7bb5d6640deed1adc203ca1f1e06236a,navigation_63104,eta0.7_lag1_extra0,primary,frozen_alone_succeeds,"[0.15045909583568573, 0.1468539983034134, 0.10330942273139954, 0.10564634948968887]",0,1.796552062034607,1.796552062034607,0.0,32,1.796552062034607,True,adaptive,c57d0715c9da97a28952f17037e2f3d05d18018a28807a613afa2f09f85245c3,2.8,artifacts/da_plcbf/actuator-diagnostics-20260906/v1/secondary-refresh-validation-v1/analysis-v1/fresh_validation/3fccde503b5e27facdd85e85f992196b7bb5d6640deed1adc203ca1f1e06236a/common_state_report.json,11a8b727bcbb1ab1700dc19ca97e91a209b6b1d8aa1719369a8fbefa99fc07cd,b68952b49510349a57811e2fd8158a754245add213ec0204c470bab89c89883e
fresh_validation,33bf3bc593df1c6b44a2072d5597775ce567ee893071e4da943e17ecea757333,navigation_63104,eta1_lag1_extra0,primary,both_succeed,"[0.10229962319135666, 0.10198632627725601, 0.10194743424654007, 0.10150808095932007]",1,0.0644630491733551,0.0644630491733551,0.0,32,0.0644630491733551,True,frozen,a123dbe7395cd6bc73a1ac24658172ba7bd5517c6c8f3703d8610f3d34c8af35,2.0,artifacts/da_plcbf/actuator-diagnostics-20260906/v1/secondary-refresh-validation-v1/analysis-v1/fresh_validation/33bf3bc593df1c6b44a2072d5597775ce567ee893071e4da943e17ecea757333/common_state_report.json,6e9ed09712a31924fe7faa6e61f5a364f522e42bde66bd6756fd720416349e5e,e42424fbc3949a2da41c9faca46640949d328b33651987f1680742e76dec1263
fresh_validation,33bf3bc593df1c6b44a2072d5597775ce567ee893071e4da943e17ecea757333,navigation_63104,eta1_lag1_extra0,primary,both_succeed,"[0.10229962319135666, 0.10198632627725601, 0.10194743424654007, 0.10150808095932007]",1,0.0644630491733551,0.0644630491733551,0.0,32,0.0644630491733551,True,adaptive,a123dbe7395cd6bc73a1ac24658172ba7bd5517c6c8f3703d8610f3d34c8af35,2.0,artifacts/da_plcbf/actuator-diagnostics-20260906/v1/secondary-refresh-validation-v1/analysis-v1/fresh_validation/33bf3bc593df1c6b44a2072d5597775ce567ee893071e4da943e17ecea757333/common_state_report.json,6e9ed09712a31924fe7faa6e61f5a364f522e42bde66bd6756fd720416349e5e,e42424fbc3949a2da41c9faca46640949d328b33651987f1680742e76dec1263
fresh_validation,33bf3bc593df1c6b44a2072d5597775ce567ee893071e4da943e17ecea757333,navigation_63104,eta1_lag1_extra0,primary,both_succeed,"[0.0991375744342804, 0.10489093512296677, 0.10496428608894348, 0.0995238721370697]",31,0.008655846118927002,0.008655846118927002,0.0,32,0.008655846118927002,True,frozen,77203c1f064c8043125f1937f80b22c57c675ca63bfc0bed46721d2d43c1ddd6,2.4,artifacts/da_plcbf/actuator-diagnostics-20260906/v1/secondary-refresh-validation-v1/analysis-v1/fresh_validation/33bf3bc593df1c6b44a2072d5597775ce567ee893071e4da943e17ecea757333/common_state_report.json,6e9ed09712a31924fe7faa6e61f5a364f522e42bde66bd6756fd720416349e5e,e42424fbc3949a2da41c9faca46640949d328b33651987f1680742e76dec1263
fresh_validation,33bf3bc593df1c6b44a2072d5597775ce567ee893071e4da943e17ecea757333,navigation_63104,eta1_lag1_extra0,primary,both_succeed,"[0.09912656247615814, 0.10489580780267715, 0.10496935993432999, 0.0995115265250206]",0,0.008654356002807617,0.008654356002807617,0.0,32,0.008654356002807617,True,adaptive,3dc153f326b2fea5259446187158ccadfb13c5101c8a7a377fb54214fd572c0d,2.4,artifacts/da_plcbf/actuator-diagnostics-20260906/v1/secondary-refresh-validation-v1/analysis-v1/fresh_validation/33bf3bc593df1c6b44a2072d5597775ce567ee893071e4da943e17ecea757333/common_state_report.json,6e9ed09712a31924fe7faa6e61f5a364f522e42bde66bd6756fd720416349e5e,e42424fbc3949a2da41c9faca46640949d328b33651987f1680742e76dec1263
fresh_validation,33bf3bc593df1c6b44a2072d5597775ce567ee893071e4da943e17ecea757333,navigation_63104,eta1_lag1_extra0,primary,both_succeed,"[0.10727860033512115, 0.10646011680364609, 0.10629122704267502, 0.10742437839508057]",31,0.7007207870483398,0.7007207870483398,0.0,32,0.7007207870483398,True,frozen,0fe8d37af4122b641f878fb1e505f032c7c82f8c51a273e3cf7fffb071d43d75,2.8,artifacts/da_plcbf/actuator-diagnostics-20260906/v1/secondary-refresh-validation-v1/analysis-v1/fresh_validation/33bf3bc593df1c6b44a2072d5597775ce567ee893071e4da943e17ecea757333/common_state_report.json,6e9ed09712a31924fe7faa6e61f5a364f522e42bde66bd6756fd720416349e5e,e42424fbc3949a2da41c9faca46640949d328b33651987f1680742e76dec1263
fresh_validation,33bf3bc593df1c6b44a2072d5597775ce567ee893071e4da943e17ecea757333,navigation_63104,eta1_lag1_extra0,primary,both_succeed,"[0.10727807134389877, 0.10645844787359238, 0.10628966242074966, 0.10742388665676117]",0,0.7009567022323608,0.7009567022323608,0.0,32,0.7009567022323608,True,adaptive,346fac152ec96ca9dacd60e44e64d59cf087b301b7b9dcd24955e72e15189026,2.8,artifacts/da_plcbf/actuator-diagnostics-20260906/v1/secondary-refresh-validation-v1/analysis-v1/fresh_validation/33bf3bc593df1c6b44a2072d5597775ce567ee893071e4da943e17ecea757333/common_state_report.json,6e9ed09712a31924fe7faa6e61f5a364f522e42bde66bd6756fd720416349e5e,e42424fbc3949a2da41c9faca46640949d328b33651987f1680742e76dec1263
fresh_validation,ac52a4d4de6e4a629d73a1e1af147d8d8b090e632d743f433d35be7767f0e8e5,structured_63001,eta0.7_lag1_extra0,primary,both_succeed,"[0.1996443271636963, 0.19969165325164795, 0.10646310448646545, 0.1064409613609314]",10,1.3313292264938354,1.3313292264938354,0.0,32,1.3313292264938354,True,frozen,9fd5e783cc056980e3c1cf1ccf1bd07e399bb98e42a311e0a28429909b96cc2c,2.0,artifacts/da_plcbf/actuator-diagnostics-20260906/v1/secondary-refresh-validation-v1/analysis-v1/fresh_validation/ac52a4d4de6e4a629d73a1e1af147d8d8b090e632d743f433d35be7767f0e8e5/common_state_report.json,d9d01236ed052170ee38d555d84a498a97d9fc6d4576f775fe6e6ccb79392274,fe1b9ae6b2cf6a14288c1140790bb76e60a21a636be21b3f3d75b9d3e34453f3
fresh_validation,ac52a4d4de6e4a629d73a1e1af147d8d8b090e632d743f433d35be7767f0e8e5,structured_63001,eta0.7_lag1_extra0,primary,both_succeed,"[0.1996443271636963, 0.19969165325164795, 0.10646310448646545, 0.1064409613609314]",10,1.3313292264938354,1.3313292264938354,0.0,32,1.3313292264938354,True,adaptive,9fd5e783cc056980e3c1cf1ccf1bd07e399bb98e42a311e0a28429909b96cc2c,2.0,artifacts/da_plcbf/actuator-diagnostics-20260906/v1/secondary-refresh-validation-v1/analysis-v1/fresh_validation/ac52a4d4de6e4a629d73a1e1af147d8d8b090e632d743f433d35be7767f0e8e5/common_state_report.json,d9d01236ed052170ee38d555d84a498a97d9fc6d4576f775fe6e6ccb79392274,fe1b9ae6b2cf6a14288c1140790bb76e60a21a636be21b3f3d75b9d3e34453f3
fresh_validation,ac52a4d4de6e4a629d73a1e1af147d8d8b090e632d743f433d35be7767f0e8e5,structured_63001,eta0.7_lag1_extra0,primary,both_succeed,"[0.1535464972257614, 0.15354546904563904, 0.10833608359098434, 0.10833289474248886]",10,1.1880576610565186,1.1880576610565186,0.0018776655197143555,32,1.1861799955368042,True,frozen,04e4d533ba467809c2d87ae9cea513797fe98870f1082c1552b33cdebc67a3a7,2.4,artifacts/da_plcbf/actuator-diagnostics-20260906/v1/secondary-refresh-validation-v1/analysis-v1/fresh_validation/ac52a4d4de6e4a629d73a1e1af147d8d8b090e632d743f433d35be7767f0e8e5/common_state_report.json,d9d01236ed052170ee38d555d84a498a97d9fc6d4576f775fe6e6ccb79392274,fe1b9ae6b2cf6a14288c1140790bb76e60a21a636be21b3f3d75b9d3e34453f3
fresh_validation,ac52a4d4de6e4a629d73a1e1af147d8d8b090e632d743f433d35be7767f0e8e5,structured_63001,eta0.7_lag1_extra0,primary,both_succeed,"[0.1535464972257614, 0.15354546904563904, 0.10833608359098434, 0.10833289474248886]",10,1.1880576610565186,1.1880576610565186,0.0018776655197143555,32,1.1861799955368042,True,adaptive,04e4d533ba467809c2d87ae9cea513797fe98870f1082c1552b33cdebc67a3a7,2.4,artifacts/da_plcbf/actuator-diagnostics-20260906/v1/secondary-refresh-validation-v1/analysis-v1/fresh_validation/ac52a4d4de6e4a629d73a1e1af147d8d8b090e632d743f433d35be7767f0e8e5/common_state_report.json,d9d01236ed052170ee38d555d84a498a97d9fc6d4576f775fe6e6ccb79392274,fe1b9ae6b2cf6a14288c1140790bb76e60a21a636be21b3f3d75b9d3e34453f3
fresh_validation,ac52a4d4de6e4a629d73a1e1af147d8d8b090e632d743f433d35be7767f0e8e5,structured_63001,eta0.7_lag1_extra0,primary,both_succeed,"[0.1529209017753601, 0.15291239321231842, 0.10746681690216064, 0.10747192800045013]",4,1.141788125038147,1.141788125038147,0.0,32,1.141788125038147,True,frozen,bcbe4ad20b1d5aa3a01e04c530ca2210b623a30f182fc9df2ca4ced83d7ce0e7,2.8,artifacts/da_plcbf/actuator-diagnostics-20260906/v1/secondary-refresh-validation-v1/analysis-v1/fresh_validation/ac52a4d4de6e4a629d73a1e1af147d8d8b090e632d743f433d35be7767f0e8e5/common_state_report.json,d9d01236ed052170ee38d555d84a498a97d9fc6d4576f775fe6e6ccb79392274,fe1b9ae6b2cf6a14288c1140790bb76e60a21a636be21b3f3d75b9d3e34453f3
fresh_validation,ac52a4d4de6e4a629d73a1e1af147d8d8b090e632d743f433d35be7767f0e8e5,structured_63001,eta0.7_lag1_extra0,primary,both_succeed,"[0.1529209017753601, 0.15291239321231842, 0.10746681690216064, 0.10747192800045013]",4,1.141788125038147,1.141788125038147,0.0,32,1.141788125038147,True,adaptive,bcbe4ad20b1d5aa3a01e04c530ca2210b623a30f182fc9df2ca4ced83d7ce0e7,2.8,artifacts/da_plcbf/actuator-diagnostics-20260906/v1/secondary-refresh-validation-v1/analysis-v1/fresh_validation/ac52a4d4de6e4a629d73a1e1af147d8d8b090e632d743f433d35be7767f0e8e5/common_state_report.json,d9d01236ed052170ee38d555d84a498a97d9fc6d4576f775fe6e6ccb79392274,fe1b9ae6b2cf6a14288c1140790bb76e60a21a636be21b3f3d75b9d3e34453f3
fresh_validation,95fd42ebfee29b3dd016f225772fe01396b09753f2f687939a8e2b1e8476e107,structured_63001,eta1_lag1_extra0,primary,both_succeed,"[0.10644455254077911, 0.10646960139274597, 0.10646310448646545, 0.1064409613609314]",1,1.429498553276062,1.429498553276062,0.0,32,1.429498553276062,True,frozen,f21b942f64d2bcdd0e366ff46b0c0ec0d531c3525d7dcac31fd30d5aac53e941,2.0,artifacts/da_plcbf/actuator-diagnostics-20260906/v1/secondary-refresh-validation-v1/analysis-v1/fresh_validation/95fd42ebfee29b3dd016f225772fe01396b09753f2f687939a8e2b1e8476e107/common_state_report.json,9a82145c674fd1a22140d4685a2d704dd6426a7134a42ffb53b112d8c1747c07,d38e11d689be2b377408c2de814005c860e1b7064866192462d1fc5ffe4bb916
fresh_validation,95fd42ebfee29b3dd016f225772fe01396b09753f2f687939a8e2b1e8476e107,structured_63001,eta1_lag1_extra0,primary,both_succeed,"[0.10644455254077911, 0.10646960139274597, 0.10646310448646545, 0.1064409613609314]",1,1.429498553276062,1.429498553276062,0.0,32,1.429498553276062,True,adaptive,f21b942f64d2bcdd0e366ff46b0c0ec0d531c3525d7dcac31fd30d5aac53e941,2.0,artifacts/da_plcbf/actuator-diagnostics-20260906/v1/secondary-refresh-validation-v1/analysis-v1/fresh_validation/95fd42ebfee29b3dd016f225772fe01396b09753f2f687939a8e2b1e8476e107/common_state_report.json,9a82145c674fd1a22140d4685a2d704dd6426a7134a42ffb53b112d8c1747c07,d38e11d689be2b377408c2de814005c860e1b7064866192462d1fc5ffe4bb916
fresh_validation,95fd42ebfee29b3dd016f225772fe01396b09753f2f687939a8e2b1e8476e107,structured_63001,eta1_lag1_extra0,primary,both_succeed,"[0.10646025836467743, 0.10646228492259979, 0.1064615473151207, 0.10645932704210281]",1,1.4256693124771118,1.4256693124771118,6.73532485961914e-05,32,1.4256019592285156,True,frozen,f57201cb439666bc006ebefcaafa8f6b34f761a9de60f57da63ce2c730eadbda,2.4,artifacts/da_plcbf/actuator-diagnostics-20260906/v1/secondary-refresh-validation-v1/analysis-v1/fresh_validation/95fd42ebfee29b3dd016f225772fe01396b09753f2f687939a8e2b1e8476e107/common_state_report.json,9a82145c674fd1a22140d4685a2d704dd6426a7134a42ffb53b112d8c1747c07,d38e11d689be2b377408c2de814005c860e1b7064866192462d1fc5ffe4bb916
fresh_validation,95fd42ebfee29b3dd016f225772fe01396b09753f2f687939a8e2b1e8476e107,structured_63001,eta1_lag1_extra0,primary,both_succeed,"[0.10646025836467743, 0.10646228492259979, 0.1064615473151207, 0.10645932704210281]",1,1.4256693124771118,1.4256693124771118,6.73532485961914e-05,32,1.4256019592285156,True,adaptive,f57201cb439666bc006ebefcaafa8f6b34f761a9de60f57da63ce2c730eadbda,2.4,artifacts/da_plcbf/actuator-diagnostics-20260906/v1/secondary-refresh-validation-v1/analysis-v1/fresh_validation/95fd42ebfee29b3dd016f225772fe01396b09753f2f687939a8e2b1e8476e107/common_state_report.json,9a82145c674fd1a22140d4685a2d704dd6426a7134a42ffb53b112d8c1747c07,d38e11d689be2b377408c2de814005c860e1b7064866192462d1fc5ffe4bb916
fresh_validation,95fd42ebfee29b3dd016f225772fe01396b09753f2f687939a8e2b1e8476e107,structured_63001,eta1_lag1_extra0,primary,both_succeed,"[0.10645125806331635, 0.10644522309303284, 0.10644640028476715, 0.10645181685686111]",20,1.3965024948120117,1.3974493741989136,0.0,32,1.3974493741989136,True,frozen,65e6c8cd700b67a89b2931f7e6224ae5ef91c4c5eb430e24755a9f45ba1377e2,2.8,artifacts/da_plcbf/actuator-diagnostics-20260906/v1/secondary-refresh-validation-v1/analysis-v1/fresh_validation/95fd42ebfee29b3dd016f225772fe01396b09753f2f687939a8e2b1e8476e107/common_state_report.json,9a82145c674fd1a22140d4685a2d704dd6426a7134a42ffb53b112d8c1747c07,d38e11d689be2b377408c2de814005c860e1b7064866192462d1fc5ffe4bb916
fresh_validation,95fd42ebfee29b3dd016f225772fe01396b09753f2f687939a8e2b1e8476e107,structured_63001,eta1_lag1_extra0,primary,both_succeed,"[0.10645125806331635, 0.10644522309303284, 0.10644640028476715, 0.10645181685686111]",4,1.3965024948120117,1.3974493741989136,0.0,32,1.3974493741989136,True,adaptive,65e6c8cd700b67a89b2931f7e6224ae5ef91c4c5eb430e24755a9f45ba1377e2,2.8,artifacts/da_plcbf/actuator-diagnostics-20260906/v1/secondary-refresh-validation-v1/analysis-v1/fresh_validation/95fd42ebfee29b3dd016f225772fe01396b09753f2f687939a8e2b1e8476e107/common_state_report.json,9a82145c674fd1a22140d4685a2d704dd6426a7134a42ffb53b112d8c1747c07,d38e11d689be2b377408c2de814005c860e1b7064866192462d1fc5ffe4bb916
fresh_validation,dd949063d75a80ef05383b8717a29ec5cb7fe36bc2cc47bffc6aca42f7ceee56,structured_63002,eta0.7_lag1_extra0,primary,both_fail,"[0.19939959049224854, 0.19943933188915253, 0.10631520301103592, 0.10629964619874954]",12,1.687148094177246,1.687148094177246,0.0,32,1.687148094177246,True,frozen,171330db5712cd42572db44154075670c116fceaff8ac615e1bd4853fc381add,2.0,artifacts/da_plcbf/actuator-diagnostics-20260906/v1/secondary-refresh-validation-v1/analysis-v1/fresh_validation/dd949063d75a80ef05383b8717a29ec5cb7fe36bc2cc47bffc6aca42f7ceee56/common_state_report.json,fa32df66727e118be170c7d8ca5dacfe6ec00d446c8399ddc5cbe263bbc4edb3,c0c9091af1af41ae2f7cb05934e92c5a15fab4fc9bc852867ef4acd59cf42284
fresh_validation,dd949063d75a80ef05383b8717a29ec5cb7fe36bc2cc47bffc6aca42f7ceee56,structured_63002,eta0.7_lag1_extra0,primary,both_fail,"[0.19939959049224854, 0.19943933188915253, 0.10631520301103592, 0.10629964619874954]",12,1.687148094177246,1.687148094177246,0.0,32,1.687148094177246,True,adaptive,171330db5712cd42572db44154075670c116fceaff8ac615e1bd4853fc381add,2.0,artifacts/da_plcbf/actuator-diagnostics-20260906/v1/secondary-refresh-validation-v1/analysis-v1/fresh_validation/dd949063d75a80ef05383b8717a29ec5cb7fe36bc2cc47bffc6aca42f7ceee56/common_state_report.json,fa32df66727e118be170c7d8ca5dacfe6ec00d446c8399ddc5cbe263bbc4edb3,c0c9091af1af41ae2f7cb05934e92c5a15fab4fc9bc852867ef4acd59cf42284
fresh_validation,dd949063d75a80ef05383b8717a29ec5cb7fe36bc2cc47bffc6aca42f7ceee56,structured_63002,eta0.7_lag1_extra0,primary,both_fail,"[0.15338937938213348, 0.15339036285877228, 0.10821768641471863, 0.10821416229009628]",12,1.4796736240386963,1.4796736240386963,0.00969386100769043,32,1.4699797630310059,True,frozen,fe078b04237a57e66cbaed9c293124a794e02ea21befdebb247c9aa2c5b25029,2.4,artifacts/da_plcbf/actuator-diagnostics-20260906/v1/secondary-refresh-validation-v1/analysis-v1/fresh_validation/dd949063d75a80ef05383b8717a29ec5cb7fe36bc2cc47bffc6aca42f7ceee56/common_state_report.json,fa32df66727e118be170c7d8ca5dacfe6ec00d446c8399ddc5cbe263bbc4edb3,c0c9091af1af41ae2f7cb05934e92c5a15fab4fc9bc852867ef4acd59cf42284
fresh_validation,dd949063d75a80ef05383b8717a29ec5cb7fe36bc2cc47bffc6aca42f7ceee56,structured_63002,eta0.7_lag1_extra0,primary,both_fail,"[0.15338937938213348, 0.15339036285877228, 0.10821768641471863, 0.10821416229009628]",12,1.4796736240386963,1.4796736240386963,0.00969386100769043,32,1.4699797630310059,True,adaptive,fe078b04237a57e66cbaed9c293124a794e02ea21befdebb247c9aa2c5b25029,2.4,artifacts/da_plcbf/actuator-diagnostics-20260906/v1/secondary-refresh-validation-v1/analysis-v1/fresh_validation/dd949063d75a80ef05383b8717a29ec5cb7fe36bc2cc47bffc6aca42f7ceee56/common_state_report.json,fa32df66727e118be170c7d8ca5dacfe6ec00d446c8399ddc5cbe263bbc4edb3,c0c9091af1af41ae2f7cb05934e92c5a15fab4fc9bc852867ef4acd59cf42284
fresh_validation,dd949063d75a80ef05383b8717a29ec5cb7fe36bc2cc47bffc6aca42f7ceee56,structured_63002,eta0.7_lag1_extra0,primary,both_fail,"[0.15269559621810913, 0.15268708765506744, 0.1073111966252327, 0.10731375217437744]",0,1.414837121963501,1.414837121963501,0.00014734268188476562,32,1.4146897792816162,True,frozen,e554abd51ded49bc0a2237e60b9d8f60656304321880aeed1b24b2843de78366,2.8,artifacts/da_plcbf/actuator-diagnostics-20260906/v1/secondary-refresh-validation-v1/analysis-v1/fresh_validation/dd949063d75a80ef05383b8717a29ec5cb7fe36bc2cc47bffc6aca42f7ceee56/common_state_report.json,fa32df66727e118be170c7d8ca5dacfe6ec00d446c8399ddc5cbe263bbc4edb3,c0c9091af1af41ae2f7cb05934e92c5a15fab4fc9bc852867ef4acd59cf42284
fresh_validation,dd949063d75a80ef05383b8717a29ec5cb7fe36bc2cc47bffc6aca42f7ceee56,structured_63002,eta0.7_lag1_extra0,primary,both_fail,"[0.15269559621810913, 0.15268708765506744, 0.1073111966252327, 0.10731375217437744]",0,1.414837121963501,1.414837121963501,0.00014734268188476562,32,1.4146897792816162,True,adaptive,e554abd51ded49bc0a2237e60b9d8f60656304321880aeed1b24b2843de78366,2.8,artifacts/da_plcbf/actuator-diagnostics-20260906/v1/secondary-refresh-validation-v1/analysis-v1/fresh_validation/dd949063d75a80ef05383b8717a29ec5cb7fe36bc2cc47bffc6aca42f7ceee56/common_state_report.json,fa32df66727e118be170c7d8ca5dacfe6ec00d446c8399ddc5cbe263bbc4edb3,c0c9091af1af41ae2f7cb05934e92c5a15fab4fc9bc852867ef4acd59cf42284
fresh_validation,b8aeb02527a160df34c7bc5d7b90977b5104beb9bd685377f67572ee62f5fa4b,structured_63002,eta1_lag1_extra0,primary,both_fail,"[0.10630883276462555, 0.10632999986410141, 0.10631520301103592, 0.10629964619874954]",0,1.9153804779052734,1.9153804779052734,0.0,32,1.9153804779052734,True,frozen,ed0c3749b2e839ae184b85e6432ede2e2aac8e901b0448067573cea76f64c0d5,2.0,artifacts/da_plcbf/actuator-diagnostics-20260906/v1/secondary-refresh-validation-v1/analysis-v1/fresh_validation/b8aeb02527a160df34c7bc5d7b90977b5104beb9bd685377f67572ee62f5fa4b/common_state_report.json,88bd05f74e5391d508ba047d55391ee6eddd6398d52f2d52d4528620b45918e5,5ca54984da295eea5f3df544d7078969cb4b75d9cf7c4ddf163380afb6b0d755
fresh_validation,b8aeb02527a160df34c7bc5d7b90977b5104beb9bd685377f67572ee62f5fa4b,structured_63002,eta1_lag1_extra0,primary,both_fail,"[0.10630883276462555, 0.10632999986410141, 0.10631520301103592, 0.10629964619874954]",0,1.9153804779052734,1.9153804779052734,0.0,32,1.9153804779052734,True,adaptive,ed0c3749b2e839ae184b85e6432ede2e2aac8e901b0448067573cea76f64c0d5,2.0,artifacts/da_plcbf/actuator-diagnostics-20260906/v1/secondary-refresh-validation-v1/analysis-v1/fresh_validation/b8aeb02527a160df34c7bc5d7b90977b5104beb9bd685377f67572ee62f5fa4b/common_state_report.json,88bd05f74e5391d508ba047d55391ee6eddd6398d52f2d52d4528620b45918e5,5ca54984da295eea5f3df544d7078969cb4b75d9cf7c4ddf163380afb6b0d755
fresh_validation,b8aeb02527a160df34c7bc5d7b90977b5104beb9bd685377f67572ee62f5fa4b,structured_63002,eta1_lag1_extra0,primary,both_fail,"[0.10629191249608994, 0.10629454255104065, 0.10629197210073471, 0.10628906637430191]",0,1.9291763305664062,1.9291763305664062,0.0,32,1.9291763305664062,True,frozen,8f0d3ad472cfd8c44c815f274292c57cfc88d3114315b97c0059ca5955cec211,2.4,artifacts/da_plcbf/actuator-diagnostics-20260906/v1/secondary-refresh-validation-v1/analysis-v1/fresh_validation/b8aeb02527a160df34c7bc5d7b90977b5104beb9bd685377f67572ee62f5fa4b/common_state_report.json,88bd05f74e5391d508ba047d55391ee6eddd6398d52f2d52d4528620b45918e5,5ca54984da295eea5f3df544d7078969cb4b75d9cf7c4ddf163380afb6b0d755
fresh_validation,b8aeb02527a160df34c7bc5d7b90977b5104beb9bd685377f67572ee62f5fa4b,structured_63002,eta1_lag1_extra0,primary,both_fail,"[0.10629191249608994, 0.10629454255104065, 0.10629197210073471, 0.10628906637430191]",0,1.9291763305664062,1.9291763305664062,0.0,32,1.9291763305664062,True,adaptive,8f0d3ad472cfd8c44c815f274292c57cfc88d3114315b97c0059ca5955cec211,2.4,artifacts/da_plcbf/actuator-diagnostics-20260906/v1/secondary-refresh-validation-v1/analysis-v1/fresh_validation/b8aeb02527a160df34c7bc5d7b90977b5104beb9bd685377f67572ee62f5fa4b/common_state_report.json,88bd05f74e5391d508ba047d55391ee6eddd6398d52f2d52d4528620b45918e5,5ca54984da295eea5f3df544d7078969cb4b75d9cf7c4ddf163380afb6b0d755
fresh_validation,b8aeb02527a160df34c7bc5d7b90977b5104beb9bd685377f67572ee62f5fa4b,structured_63002,eta1_lag1_extra0,primary,both_fail,"[0.10630636662244797, 0.1063014417886734, 0.10630394518375397, 0.10630772262811661]",0,1.9391474723815918,1.9391474723815918,0.0007178783416748047,32,1.938429594039917,True,frozen,469caff043feaa201e2f249c81ce6b8bcd0ff26afb25dd96ac2d43c63914bd27,2.8,artifacts/da_plcbf/actuator-diagnostics-20260906/v1/secondary-refresh-validation-v1/analysis-v1/fresh_validation/b8aeb02527a160df34c7bc5d7b90977b5104beb9bd685377f67572ee62f5fa4b/common_state_report.json,88bd05f74e5391d508ba047d55391ee6eddd6398d52f2d52d4528620b45918e5,5ca54984da295eea5f3df544d7078969cb4b75d9cf7c4ddf163380afb6b0d755
fresh_validation,b8aeb02527a160df34c7bc5d7b90977b5104beb9bd685377f67572ee62f5fa4b,structured_63002,eta1_lag1_extra0,primary,both_fail,"[0.10630636662244797, 0.1063014417886734, 0.10630394518375397, 0.10630772262811661]",0,1.9391474723815918,1.9391474723815918,0.0007178783416748047,32,1.938429594039917,True,adaptive,469caff043feaa201e2f249c81ce6b8bcd0ff26afb25dd96ac2d43c63914bd27,2.8,artifacts/da_plcbf/actuator-diagnostics-20260906/v1/secondary-refresh-validation-v1/analysis-v1/fresh_validation/b8aeb02527a160df34c7bc5d7b90977b5104beb9bd685377f67572ee62f5fa4b/common_state_report.json,88bd05f74e5391d508ba047d55391ee6eddd6398d52f2d52d4528620b45918e5,5ca54984da295eea5f3df544d7078969cb4b75d9cf7c4ddf163380afb6b0d755
fresh_validation,4bd415c30a4bf49f095d00f4a47429eaded3f8e9898df76593a2a8dbcdb037f1,structured_63003,eta0.7_lag1_extra0,primary,both_succeed,"[0.19877183437347412, 0.18806658685207367, 0.10759294778108597, 0.11426500976085663]",25,0.7445216178894043,0.7445216178894043,0.0,32,0.7445216178894043,True,frozen,7a8c13f1e9926a3ab4f1057f2b9032e913d81b1330c0b33ed3c586a6f23e5fab,2.0,artifacts/da_plcbf/actuator-diagnostics-20260906/v1/secondary-refresh-validation-v1/analysis-v1/fresh_validation/4bd415c30a4bf49f095d00f4a47429eaded3f8e9898df76593a2a8dbcdb037f1/common_state_report.json,4d9ca2ee47397c81b033014476508a800d3dce8040a9fda711eaaf4ea59468bf,0037a8ac90a9b28c3c3516f3caf7e647934d85499dd3e0dbf969abfe54cccba1
fresh_validation,4bd415c30a4bf49f095d00f4a47429eaded3f8e9898df76593a2a8dbcdb037f1,structured_63003,eta0.7_lag1_extra0,primary,both_succeed,"[0.19877183437347412, 0.18806658685207367, 0.10759294778108597, 0.11426500976085663]",25,0.7445216178894043,0.7445216178894043,0.0,32,0.7445216178894043,True,adaptive,7a8c13f1e9926a3ab4f1057f2b9032e913d81b1330c0b33ed3c586a6f23e5fab,2.0,artifacts/da_plcbf/actuator-diagnostics-20260906/v1/secondary-refresh-validation-v1/analysis-v1/fresh_validation/4bd415c30a4bf49f095d00f4a47429eaded3f8e9898df76593a2a8dbcdb037f1/common_state_report.json,4d9ca2ee47397c81b033014476508a800d3dce8040a9fda711eaaf4ea59468bf,0037a8ac90a9b28c3c3516f3caf7e647934d85499dd3e0dbf969abfe54cccba1
fresh_validation,4bd415c30a4bf49f095d00f4a47429eaded3f8e9898df76593a2a8dbcdb037f1,structured_63003,eta0.7_lag1_extra0,primary,both_succeed,"[0.15357057750225067, 0.1533687710762024, 0.10854534059762955, 0.10868649929761887]",9,0.5325734615325928,0.5325734615325928,0.001304030418395996,32,0.5312694311141968,True,frozen,073cb8fa44726f40b399e99d47de0403044136da79a9e05294c6f5321d723f64,2.4,artifacts/da_plcbf/actuator-diagnostics-20260906/v1/secondary-refresh-validation-v1/analysis-v1/fresh_validation/4bd415c30a4bf49f095d00f4a47429eaded3f8e9898df76593a2a8dbcdb037f1/common_state_report.json,4d9ca2ee47397c81b033014476508a800d3dce8040a9fda711eaaf4ea59468bf,0037a8ac90a9b28c3c3516f3caf7e647934d85499dd3e0dbf969abfe54cccba1
fresh_validation,4bd415c30a4bf49f095d00f4a47429eaded3f8e9898df76593a2a8dbcdb037f1,structured_63003,eta0.7_lag1_extra0,primary,both_succeed,"[0.15357057750225067, 0.1533687710762024, 0.10854534059762955, 0.10868649929761887]",9,0.5325734615325928,0.5325734615325928,0.001304030418395996,32,0.5312694311141968,True,adaptive,073cb8fa44726f40b399e99d47de0403044136da79a9e05294c6f5321d723f64,2.4,artifacts/da_plcbf/actuator-diagnostics-20260906/v1/secondary-refresh-validation-v1/analysis-v1/fresh_validation/4bd415c30a4bf49f095d00f4a47429eaded3f8e9898df76593a2a8dbcdb037f1/common_state_report.json,4d9ca2ee47397c81b033014476508a800d3dce8040a9fda711eaaf4ea59468bf,0037a8ac90a9b28c3c3516f3caf7e647934d85499dd3e0dbf969abfe54cccba1
fresh_validation,4bd415c30a4bf49f095d00f4a47429eaded3f8e9898df76593a2a8dbcdb037f1,structured_63003,eta0.7_lag1_extra0,primary,both_succeed,"[0.15520033240318298, 0.15504418313503265, 0.10874654352664948, 0.10876581072807312]",30,0.47159644961357117,0.47159644961357117,0.0002364516258239746,32,0.4713599979877472,True,frozen,4bb0a91aec5f60422bf84ea1f991d9a6330ae561d11ab9b49f0e4b1efee61708,2.8,artifacts/da_plcbf/actuator-diagnostics-20260906/v1/secondary-refresh-validation-v1/analysis-v1/fresh_validation/4bd415c30a4bf49f095d00f4a47429eaded3f8e9898df76593a2a8dbcdb037f1/common_state_report.json,4d9ca2ee47397c81b033014476508a800d3dce8040a9fda711eaaf4ea59468bf,0037a8ac90a9b28c3c3516f3caf7e647934d85499dd3e0dbf969abfe54cccba1
fresh_validation,4bd415c30a4bf49f095d00f4a47429eaded3f8e9898df76593a2a8dbcdb037f1,structured_63003,eta0.7_lag1_extra0,primary,both_succeed,"[0.15520033240318298, 0.15504418313503265, 0.10874654352664948, 0.10876581072807312]",30,0.47159644961357117,0.47159644961357117,0.0002364516258239746,32,0.4713599979877472,True,adaptive,4bb0a91aec5f60422bf84ea1f991d9a6330ae561d11ab9b49f0e4b1efee61708,2.8,artifacts/da_plcbf/actuator-diagnostics-20260906/v1/secondary-refresh-validation-v1/analysis-v1/fresh_validation/4bd415c30a4bf49f095d00f4a47429eaded3f8e9898df76593a2a8dbcdb037f1/common_state_report.json,4d9ca2ee47397c81b033014476508a800d3dce8040a9fda711eaaf4ea59468bf,0037a8ac90a9b28c3c3516f3caf7e647934d85499dd3e0dbf969abfe54cccba1
fresh_validation,e83d21811bd9a53dd1ef2a9495e7c332a6395a081a43985ab5039ff129ca9e9a,structured_63003,eta1_lag1_extra0,primary,both_succeed,"[0.10641986131668091, 0.10641801357269287, 0.10642842203378677, 0.10643082857131958]",31,0.7611044645309448,0.7611044645309448,0.0,32,0.7611044645309448,True,frozen,f9d7c5e88f2b8d745d33000e35f8814906f886159ea5a56428ae2deb8d6fdee6,2.0,artifacts/da_plcbf/actuator-diagnostics-20260906/v1/secondary-refresh-validation-v1/analysis-v1/fresh_validation/e83d21811bd9a53dd1ef2a9495e7c332a6395a081a43985ab5039ff129ca9e9a/common_state_report.json,927d30799203df90c865c566892a8eb6bcab00a048b2e170eb6a0acd97ce4011,68039a15121277fbd2cc9bdf823077954ff197df48f467c181cecd3a8169a335
fresh_validation,e83d21811bd9a53dd1ef2a9495e7c332a6395a081a43985ab5039ff129ca9e9a,structured_63003,eta1_lag1_extra0,primary,both_succeed,"[0.10641986131668091, 0.10641801357269287, 0.10642842203378677, 0.10643082857131958]",31,0.7611044645309448,0.7611044645309448,0.0,32,0.7611044645309448,True,adaptive,f9d7c5e88f2b8d745d33000e35f8814906f886159ea5a56428ae2deb8d6fdee6,2.0,artifacts/da_plcbf/actuator-diagnostics-20260906/v1/secondary-refresh-validation-v1/analysis-v1/fresh_validation/e83d21811bd9a53dd1ef2a9495e7c332a6395a081a43985ab5039ff129ca9e9a/common_state_report.json,927d30799203df90c865c566892a8eb6bcab00a048b2e170eb6a0acd97ce4011,68039a15121277fbd2cc9bdf823077954ff197df48f467c181cecd3a8169a335
fresh_validation,e83d21811bd9a53dd1ef2a9495e7c332a6395a081a43985ab5039ff129ca9e9a,structured_63003,eta1_lag1_extra0,primary,both_succeed,"[0.10642747581005096, 0.10642722994089127, 0.10642918199300766, 0.10642936080694199]",31,0.7646408081054688,0.7646408081054688,0.0,32,0.7646408081054688,True,frozen,e670d92d0029caa17e5aeaf2ea28782715a41a29506f0ef1dd6456513d68c687,2.4,artifacts/da_plcbf/actuator-diagnostics-20260906/v1/secondary-refresh-validation-v1/analysis-v1/fresh_validation/e83d21811bd9a53dd1ef2a9495e7c332a6395a081a43985ab5039ff129ca9e9a/common_state_report.json,927d30799203df90c865c566892a8eb6bcab00a048b2e170eb6a0acd97ce4011,68039a15121277fbd2cc9bdf823077954ff197df48f467c181cecd3a8169a335
fresh_validation,e83d21811bd9a53dd1ef2a9495e7c332a6395a081a43985ab5039ff129ca9e9a,structured_63003,eta1_lag1_extra0,primary,both_succeed,"[0.10642747581005096, 0.10642722994089127, 0.10642918199300766, 0.10642936080694199]",15,0.7646408081054688,0.7646408081054688,0.0,32,0.7646408081054688,True,adaptive,e670d92d0029caa17e5aeaf2ea28782715a41a29506f0ef1dd6456513d68c687,2.4,artifacts/da_plcbf/actuator-diagnostics-20260906/v1/secondary-refresh-validation-v1/analysis-v1/fresh_validation/e83d21811bd9a53dd1ef2a9495e7c332a6395a081a43985ab5039ff129ca9e9a/common_state_report.json,927d30799203df90c865c566892a8eb6bcab00a048b2e170eb6a0acd97ce4011,68039a15121277fbd2cc9bdf823077954ff197df48f467c181cecd3a8169a335
fresh_validation,e83d21811bd9a53dd1ef2a9495e7c332a6395a081a43985ab5039ff129ca9e9a,structured_63003,eta1_lag1_extra0,primary,both_succeed,"[0.10642249882221222, 0.10642295330762863, 0.10642116516828537, 0.10642062872648239]",27,0.7682772874832153,0.7682772874832153,0.0,32,0.7682772874832153,True,frozen,41f6c48abc4add13ae13004cb3c565d8ef691670279ae7fa03c1c44ecae5777d,2.8,artifacts/da_plcbf/actuator-diagnostics-20260906/v1/secondary-refresh-validation-v1/analysis-v1/fresh_validation/e83d21811bd9a53dd1ef2a9495e7c332a6395a081a43985ab5039ff129ca9e9a/common_state_report.json,927d30799203df90c865c566892a8eb6bcab00a048b2e170eb6a0acd97ce4011,68039a15121277fbd2cc9bdf823077954ff197df48f467c181cecd3a8169a335
fresh_validation,e83d21811bd9a53dd1ef2a9495e7c332a6395a081a43985ab5039ff129ca9e9a,structured_63003,eta1_lag1_extra0,primary,both_succeed,"[0.10642249882221222, 0.10642295330762863, 0.10642116516828537, 0.10642062872648239]",27,0.7682772874832153,0.7682772874832153,0.0,32,0.7682772874832153,True,adaptive,41f6c48abc4add13ae13004cb3c565d8ef691670279ae7fa03c1c44ecae5777d,2.8,artifacts/da_plcbf/actuator-diagnostics-20260906/v1/secondary-refresh-validation-v1/analysis-v1/fresh_validation/e83d21811bd9a53dd1ef2a9495e7c332a6395a081a43985ab5039ff129ca9e9a/common_state_report.json,927d30799203df90c865c566892a8eb6bcab00a048b2e170eb6a0acd97ce4011,68039a15121277fbd2cc9bdf823077954ff197df48f467c181cecd3a8169a335
fresh_validation,9330aee988a2f25ddcbc1ef31d00e3696ba5ad2d67994ff31faded5c53206689,structured_63004,eta0.7_lag1_extra0,primary,both_succeed,"[0.19958674907684326, 0.19957564771175385, 0.10642017424106598, 0.10642877221107483]",13,1.5699797868728638,1.5699797868728638,0.0,32,1.5699797868728638,True,frozen,f447775839e5f6dcd1183c2893f4e1796980a0a34a3fbb58a587d8bd943b402c,2.0,artifacts/da_plcbf/actuator-diagnostics-20260906/v1/secondary-refresh-validation-v1/analysis-v1/fresh_validation/9330aee988a2f25ddcbc1ef31d00e3696ba5ad2d67994ff31faded5c53206689/common_state_report.json,15c588c9cc3f37cfe05aa17ec050337e082b6d6ebc1dc3bb46d67e919a09625b,1c8f025649ba4285ddba85d489829f53780b7def240fec80025c67f490c5395f
fresh_validation,9330aee988a2f25ddcbc1ef31d00e3696ba5ad2d67994ff31faded5c53206689,structured_63004,eta0.7_lag1_extra0,primary,both_succeed,"[0.19958674907684326, 0.19957564771175385, 0.10642017424106598, 0.10642877221107483]",13,1.5699797868728638,1.5699797868728638,0.0,32,1.5699797868728638,True,adaptive,f447775839e5f6dcd1183c2893f4e1796980a0a34a3fbb58a587d8bd943b402c,2.0,artifacts/da_plcbf/actuator-diagnostics-20260906/v1/secondary-refresh-validation-v1/analysis-v1/fresh_validation/9330aee988a2f25ddcbc1ef31d00e3696ba5ad2d67994ff31faded5c53206689/common_state_report.json,15c588c9cc3f37cfe05aa17ec050337e082b6d6ebc1dc3bb46d67e919a09625b,1c8f025649ba4285ddba85d489829f53780b7def240fec80025c67f490c5395f
fresh_validation,9330aee988a2f25ddcbc1ef31d00e3696ba5ad2d67994ff31faded5c53206689,structured_63004,eta0.7_lag1_extra0,primary,both_succeed,"[0.15353333950042725, 0.15353330969810486, 0.10831519961357117, 0.10831622034311295]",8,1.5065964460372925,1.5065964460372925,0.0,32,1.5065964460372925,True,frozen,07d6a2cba3a1b9d8a23cd5d8aee23cec8c8088858505f4909fc55d7955364c66,2.4,artifacts/da_plcbf/actuator-diagnostics-20260906/v1/secondary-refresh-validation-v1/analysis-v1/fresh_validation/9330aee988a2f25ddcbc1ef31d00e3696ba5ad2d67994ff31faded5c53206689/common_state_report.json,15c588c9cc3f37cfe05aa17ec050337e082b6d6ebc1dc3bb46d67e919a09625b,1c8f025649ba4285ddba85d489829f53780b7def240fec80025c67f490c5395f
fresh_validation,9330aee988a2f25ddcbc1ef31d00e3696ba5ad2d67994ff31faded5c53206689,structured_63004,eta0.7_lag1_extra0,primary,both_succeed,"[0.15353333950042725, 0.15353330969810486, 0.10831519961357117, 0.10831622034311295]",24,1.5065964460372925,1.5065964460372925,0.0,32,1.5065964460372925,True,adaptive,07d6a2cba3a1b9d8a23cd5d8aee23cec8c8088858505f4909fc55d7955364c66,2.4,artifacts/da_plcbf/actuator-diagnostics-20260906/v1/secondary-refresh-validation-v1/analysis-v1/fresh_validation/9330aee988a2f25ddcbc1ef31d00e3696ba5ad2d67994ff31faded5c53206689/common_state_report.json,15c588c9cc3f37cfe05aa17ec050337e082b6d6ebc1dc3bb46d67e919a09625b,1c8f025649ba4285ddba85d489829f53780b7def240fec80025c67f490c5395f
fresh_validation,9330aee988a2f25ddcbc1ef31d00e3696ba5ad2d67994ff31faded5c53206689,structured_63004,eta0.7_lag1_extra0,primary,both_succeed,"[0.15467862784862518, 0.1549108475446701, 0.10286667943000793, 0.1027088463306427]",3,0.7411454319953918,0.7418137192726135,0.0,32,0.7418137192726135,True,frozen,a80a794027f0171e176f510ec95def9d8d7ad60a3497d7b499af7abbcba10e18,2.8,artifacts/da_plcbf/actuator-diagnostics-20260906/v1/secondary-refresh-validation-v1/analysis-v1/fresh_validation/9330aee988a2f25ddcbc1ef31d00e3696ba5ad2d67994ff31faded5c53206689/common_state_report.json,15c588c9cc3f37cfe05aa17ec050337e082b6d6ebc1dc3bb46d67e919a09625b,1c8f025649ba4285ddba85d489829f53780b7def240fec80025c67f490c5395f
fresh_validation,9330aee988a2f25ddcbc1ef31d00e3696ba5ad2d67994ff31faded5c53206689,structured_63004,eta0.7_lag1_extra0,primary,both_succeed,"[0.15467862784862518, 0.1549108475446701, 0.10286667943000793, 0.1027088463306427]",3,0.7411454319953918,0.7418137192726135,0.0,32,0.7418137192726135,True,adaptive,a80a794027f0171e176f510ec95def9d8d7ad60a3497d7b499af7abbcba10e18,2.8,artifacts/da_plcbf/actuator-diagnostics-20260906/v1/secondary-refresh-validation-v1/analysis-v1/fresh_validation/9330aee988a2f25ddcbc1ef31d00e3696ba5ad2d67994ff31faded5c53206689/common_state_report.json,15c588c9cc3f37cfe05aa17ec050337e082b6d6ebc1dc3bb46d67e919a09625b,1c8f025649ba4285ddba85d489829f53780b7def240fec80025c67f490c5395f
fresh_validation,3d38c69d583bb842ef534c53f8a20718ead61f1eb372d53321527d6c050271b3,structured_63004,eta1_lag1_extra0,primary,both_fail,"[0.10641250014305115, 0.1064065545797348, 0.10642017424106598, 0.10642877221107483]",3,1.5699797868728638,1.5699797868728638,0.0,32,1.5699797868728638,True,frozen,28b5b786a6128810996475977daa3225b86b3c41b96eb0fe856781d1706915d8,2.0,artifacts/da_plcbf/actuator-diagnostics-20260906/v1/secondary-refresh-validation-v1/analysis-v1/fresh_validation/3d38c69d583bb842ef534c53f8a20718ead61f1eb372d53321527d6c050271b3/common_state_report.json,aaecdd941651c691b217638aed9c797fa9f59ab8d918ec3ea91442fd2c90f3d2,a861336f4386374ce7d24aa47d627c218fb0c5f00e80ceee784af3e0a2ee3c19
fresh_validation,3d38c69d583bb842ef534c53f8a20718ead61f1eb372d53321527d6c050271b3,structured_63004,eta1_lag1_extra0,primary,both_fail,"[0.10641250014305115, 0.1064065545797348, 0.10642017424106598, 0.10642877221107483]",3,1.5699797868728638,1.5699797868728638,0.0,32,1.5699797868728638,True,adaptive,28b5b786a6128810996475977daa3225b86b3c41b96eb0fe856781d1706915d8,2.0,artifacts/da_plcbf/actuator-diagnostics-20260906/v1/secondary-refresh-validation-v1/analysis-v1/fresh_validation/3d38c69d583bb842ef534c53f8a20718ead61f1eb372d53321527d6c050271b3/common_state_report.json,aaecdd941651c691b217638aed9c797fa9f59ab8d918ec3ea91442fd2c90f3d2,a861336f4386374ce7d24aa47d627c218fb0c5f00e80ceee784af3e0a2ee3c19
fresh_validation,3d38c69d583bb842ef534c53f8a20718ead61f1eb372d53321527d6c050271b3,structured_63004,eta1_lag1_extra0,primary,both_fail,"[0.10641574114561081, 0.10641486942768097, 0.1064177006483078, 0.10641838610172272]",3,1.5663610696792603,1.5663660764694214,0.0,32,1.5663660764694214,True,frozen,6d190ac300fe13e2a589090aa19a222c166443a7ae4090996a89e782f2a6e25c,2.4,artifacts/da_plcbf/actuator-diagnostics-20260906/v1/secondary-refresh-validation-v1/analysis-v1/fresh_validation/3d38c69d583bb842ef534c53f8a20718ead61f1eb372d53321527d6c050271b3/common_state_report.json,aaecdd941651c691b217638aed9c797fa9f59ab8d918ec3ea91442fd2c90f3d2,a861336f4386374ce7d24aa47d627c218fb0c5f00e80ceee784af3e0a2ee3c19
fresh_validation,3d38c69d583bb842ef534c53f8a20718ead61f1eb372d53321527d6c050271b3,structured_63004,eta1_lag1_extra0,primary,both_fail,"[0.10641574114561081, 0.10641486942768097, 0.1064177006483078, 0.10641838610172272]",3,1.5663610696792603,1.5663660764694214,0.0,32,1.5663660764694214,True,adaptive,6d190ac300fe13e2a589090aa19a222c166443a7ae4090996a89e782f2a6e25c,2.4,artifacts/da_plcbf/actuator-diagnostics-20260906/v1/secondary-refresh-validation-v1/analysis-v1/fresh_validation/3d38c69d583bb842ef534c53f8a20718ead61f1eb372d53321527d6c050271b3/common_state_report.json,aaecdd941651c691b217638aed9c797fa9f59ab8d918ec3ea91442fd2c90f3d2,a861336f4386374ce7d24aa47d627c218fb0c5f00e80ceee784af3e0a2ee3c19
fresh_validation,3d38c69d583bb842ef534c53f8a20718ead61f1eb372d53321527d6c050271b3,structured_63004,eta1_lag1_extra0,primary,both_fail,"[0.10491865128278732, 0.10624194145202637, 0.10464814305305481, 0.10319074243307114]",21,0.364274799823761,0.364274799823761,0.002146482467651367,32,0.3621283173561096,True,frozen,3500a7a9acdbdf6a3ad80cf49ec62de9366887abec4340d2462b7c17fe00ac09,2.8,artifacts/da_plcbf/actuator-diagnostics-20260906/v1/secondary-refresh-validation-v1/analysis-v1/fresh_validation/3d38c69d583bb842ef534c53f8a20718ead61f1eb372d53321527d6c050271b3/common_state_report.json,aaecdd941651c691b217638aed9c797fa9f59ab8d918ec3ea91442fd2c90f3d2,a861336f4386374ce7d24aa47d627c218fb0c5f00e80ceee784af3e0a2ee3c19
fresh_validation,3d38c69d583bb842ef534c53f8a20718ead61f1eb372d53321527d6c050271b3,structured_63004,eta1_lag1_extra0,primary,both_fail,"[0.10649841278791428, 0.10497961938381195, 0.10262446850538254, 0.10443698614835739]",14,0.29649263620376587,0.2975977659225464,0.0,32,0.2975977659225464,True,adaptive,583e625b2f4d7d04d36f81d07da1c5d190002986ac5abbaf4c9d2e87a38ff92b,2.8,artifacts/da_plcbf/actuator-diagnostics-20260906/v1/secondary-refresh-validation-v1/analysis-v1/fresh_validation/3d38c69d583bb842ef534c53f8a20718ead61f1eb372d53321527d6c050271b3/common_state_report.json,aaecdd941651c691b217638aed9c797fa9f59ab8d918ec3ea91442fd2c90f3d2,a861336f4386374ce7d24aa47d627c218fb0c5f00e80ceee784af3e0a2ee3c19
numerical_robustness,f4438fbf2d5136a5549adde3ebe0922b32009470365c79b4cad3d6f099914e17,structured_30101,eta0.7_lag1_extra0,fresh_build_1,both_succeed,"[0.19955988228321075, 0.19952137768268585, 0.10637392848730087, 0.10639268904924393]",28,0.6524291038513184,0.6524291038513184,0.0,32,0.6524291038513184,True,frozen,343a15c71e227c2e706ec78618f9f0299e8a3b6fb7370de639553da9b34ea53b,2.0,artifacts/da_plcbf/actuator-diagnostics-20260906/v1/secondary-refresh-validation-v1/analysis-v1/numerical_robustness/f4438fbf2d5136a5549adde3ebe0922b32009470365c79b4cad3d6f099914e17/common_state_report.json,71beae8a64d753a53089c9e2fd3b6d0e2f1e2fa3be16706819add7881f7ab782,fab517dc14dade625fffc006806154d4fdb63aec2641bdb495dac042a078cfe0
numerical_robustness,f4438fbf2d5136a5549adde3ebe0922b32009470365c79b4cad3d6f099914e17,structured_30101,eta0.7_lag1_extra0,fresh_build_1,both_succeed,"[0.19955988228321075, 0.19952137768268585, 0.10637392848730087, 0.10639268904924393]",28,0.6524291038513184,0.6524291038513184,0.0,32,0.6524291038513184,True,adaptive,343a15c71e227c2e706ec78618f9f0299e8a3b6fb7370de639553da9b34ea53b,2.0,artifacts/da_plcbf/actuator-diagnostics-20260906/v1/secondary-refresh-validation-v1/analysis-v1/numerical_robustness/f4438fbf2d5136a5549adde3ebe0922b32009470365c79b4cad3d6f099914e17/common_state_report.json,71beae8a64d753a53089c9e2fd3b6d0e2f1e2fa3be16706819add7881f7ab782,fab517dc14dade625fffc006806154d4fdb63aec2641bdb495dac042a078cfe0
numerical_robustness,f4438fbf2d5136a5549adde3ebe0922b32009470365c79b4cad3d6f099914e17,structured_30101,eta0.7_lag1_extra0,fresh_build_1,both_succeed,"[0.1534753441810608, 0.15347522497177124, 0.10827936977148056, 0.10828249156475067]",28,0.48324403166770935,0.48324403166770935,0.0072931647300720215,32,0.47595086693763733,True,frozen,6d0095fd1de419d44f878f38dc9ceab21a325766262284e1177b97451e6f839b,2.4,artifacts/da_plcbf/actuator-diagnostics-20260906/v1/secondary-refresh-validation-v1/analysis-v1/numerical_robustness/f4438fbf2d5136a5549adde3ebe0922b32009470365c79b4cad3d6f099914e17/common_state_report.json,71beae8a64d753a53089c9e2fd3b6d0e2f1e2fa3be16706819add7881f7ab782,fab517dc14dade625fffc006806154d4fdb63aec2641bdb495dac042a078cfe0
numerical_robustness,f4438fbf2d5136a5549adde3ebe0922b32009470365c79b4cad3d6f099914e17,structured_30101,eta0.7_lag1_extra0,fresh_build_1,both_succeed,"[0.1534753441810608, 0.15347522497177124, 0.10827936977148056, 0.10828249156475067]",12,0.48324403166770935,0.48324403166770935,0.0072931647300720215,32,0.47595086693763733,True,adaptive,6d0095fd1de419d44f878f38dc9ceab21a325766262284e1177b97451e6f839b,2.4,artifacts/da_plcbf/actuator-diagnostics-20260906/v1/secondary-refresh-validation-v1/analysis-v1/numerical_robustness/f4438fbf2d5136a5549adde3ebe0922b32009470365c79b4cad3d6f099914e17/common_state_report.json,71beae8a64d753a53089c9e2fd3b6d0e2f1e2fa3be16706819add7881f7ab782,fab517dc14dade625fffc006806154d4fdb63aec2641bdb495dac042a078cfe0
numerical_robustness,f4438fbf2d5136a5549adde3ebe0922b32009470365c79b4cad3d6f099914e17,structured_30101,eta0.7_lag1_extra0,fresh_build_1,both_succeed,"[0.15302827954292297, 0.15313845872879028, 0.10735024511814117, 0.10721361637115479]",31,0.43996861577033997,0.43996861577033997,0.00015610456466674805,32,0.4398125112056732,True,frozen,0ac9ec219edd856b106bf0e791a79175c338f96416df58a081b488aafa31745a,2.8,artifacts/da_plcbf/actuator-diagnostics-20260906/v1/secondary-refresh-validation-v1/analysis-v1/numerical_robustness/f4438fbf2d5136a5549adde3ebe0922b32009470365c79b4cad3d6f099914e17/common_state_report.json,71beae8a64d753a53089c9e2fd3b6d0e2f1e2fa3be16706819add7881f7ab782,fab517dc14dade625fffc006806154d4fdb63aec2641bdb495dac042a078cfe0
numerical_robustness,f4438fbf2d5136a5549adde3ebe0922b32009470365c79b4cad3d6f099914e17,structured_30101,eta0.7_lag1_extra0,fresh_build_1,both_succeed,"[0.15294820070266724, 0.15301012992858887, 0.10739321261644363, 0.10731016844511032]",7,0.44019684195518494,0.44019684195518494,0.00012409687042236328,32,0.4400727450847626,True,adaptive,b806070ab57b4dd03265a242d4f1bfd85970cb5ed2902e6f14d3866b77dd6f24,2.8,artifacts/da_plcbf/actuator-diagnostics-20260906/v1/secondary-refresh-validation-v1/analysis-v1/numerical_robustness/f4438fbf2d5136a5549adde3ebe0922b32009470365c79b4cad3d6f099914e17/common_state_report.json,71beae8a64d753a53089c9e2fd3b6d0e2f1e2fa3be16706819add7881f7ab782,fab517dc14dade625fffc006806154d4fdb63aec2641bdb495dac042a078cfe0
numerical_robustness,40d12ca56e8b9c846cab0fd746fe7534c7336a626231426eb3e306a36f154fae,structured_30101,eta0.7_lag1_extra0,fresh_build_2,both_succeed,"[0.19955988228321075, 0.19952137768268585, 0.10637392848730087, 0.10639268904924393]",28,0.6524465084075928,0.6524465084075928,0.0,32,0.6524465084075928,True,frozen,343a15c71e227c2e706ec78618f9f0299e8a3b6fb7370de639553da9b34ea53b,2.0,artifacts/da_plcbf/actuator-diagnostics-20260906/v1/secondary-refresh-validation-v1/analysis-v1/numerical_robustness/40d12ca56e8b9c846cab0fd746fe7534c7336a626231426eb3e306a36f154fae/common_state_report.json,dba5f10c614a0f9a541d8331282cb8dd00ffda313c72b7817152fe5fa2be42b8,71611577ec213d1f290bd8bb57624ca06979559f7d24ce2705a85c9fb3f630b5
numerical_robustness,40d12ca56e8b9c846cab0fd746fe7534c7336a626231426eb3e306a36f154fae,structured_30101,eta0.7_lag1_extra0,fresh_build_2,both_succeed,"[0.19955988228321075, 0.19952137768268585, 0.10637392848730087, 0.10639268904924393]",28,0.6524465084075928,0.6524465084075928,0.0,32,0.6524465084075928,True,adaptive,343a15c71e227c2e706ec78618f9f0299e8a3b6fb7370de639553da9b34ea53b,2.0,artifacts/da_plcbf/actuator-diagnostics-20260906/v1/secondary-refresh-validation-v1/analysis-v1/numerical_robustness/40d12ca56e8b9c846cab0fd746fe7534c7336a626231426eb3e306a36f154fae/common_state_report.json,dba5f10c614a0f9a541d8331282cb8dd00ffda313c72b7817152fe5fa2be42b8,71611577ec213d1f290bd8bb57624ca06979559f7d24ce2705a85c9fb3f630b5
numerical_robustness,40d12ca56e8b9c846cab0fd746fe7534c7336a626231426eb3e306a36f154fae,structured_30101,eta0.7_lag1_extra0,fresh_build_2,both_succeed,"[0.1534753441810608, 0.15347522497177124, 0.10827936977148056, 0.10828249156475067]",28,0.4832351505756378,0.4832351505756378,0.007284283638000488,32,0.47595086693763733,True,frozen,6d0095fd1de419d44f878f38dc9ceab21a325766262284e1177b97451e6f839b,2.4,artifacts/da_plcbf/actuator-diagnostics-20260906/v1/secondary-refresh-validation-v1/analysis-v1/numerical_robustness/40d12ca56e8b9c846cab0fd746fe7534c7336a626231426eb3e306a36f154fae/common_state_report.json,dba5f10c614a0f9a541d8331282cb8dd00ffda313c72b7817152fe5fa2be42b8,71611577ec213d1f290bd8bb57624ca06979559f7d24ce2705a85c9fb3f630b5
numerical_robustness,40d12ca56e8b9c846cab0fd746fe7534c7336a626231426eb3e306a36f154fae,structured_30101,eta0.7_lag1_extra0,fresh_build_2,both_succeed,"[0.1534753441810608, 0.15347522497177124, 0.10827936977148056, 0.10828249156475067]",12,0.4832351505756378,0.4832351505756378,0.007284283638000488,32,0.47595086693763733,True,adaptive,6d0095fd1de419d44f878f38dc9ceab21a325766262284e1177b97451e6f839b,2.4,artifacts/da_plcbf/actuator-diagnostics-20260906/v1/secondary-refresh-validation-v1/analysis-v1/numerical_robustness/40d12ca56e8b9c846cab0fd746fe7534c7336a626231426eb3e306a36f154fae/common_state_report.json,dba5f10c614a0f9a541d8331282cb8dd00ffda313c72b7817152fe5fa2be42b8,71611577ec213d1f290bd8bb57624ca06979559f7d24ce2705a85c9fb3f630b5
numerical_robustness,40d12ca56e8b9c846cab0fd746fe7534c7336a626231426eb3e306a36f154fae,structured_30101,eta0.7_lag1_extra0,fresh_build_2,both_succeed,"[0.1534232795238495, 0.15349002182483673, 0.10742805153131485, 0.107343889772892]",31,0.43979743123054504,0.43979743123054504,0.00015741586685180664,32,0.43964001536369324,True,frozen,a9936de4c5430b528b342d8402b83a20bd5023f43d2dae9351c6573ab5efd7c1,2.8,artifacts/da_plcbf/actuator-diagnostics-20260906/v1/secondary-refresh-validation-v1/analysis-v1/numerical_robustness/40d12ca56e8b9c846cab0fd746fe7534c7336a626231426eb3e306a36f154fae/common_state_report.json,dba5f10c614a0f9a541d8331282cb8dd00ffda313c72b7817152fe5fa2be42b8,71611577ec213d1f290bd8bb57624ca06979559f7d24ce2705a85c9fb3f630b5
numerical_robustness,40d12ca56e8b9c846cab0fd746fe7534c7336a626231426eb3e306a36f154fae,structured_30101,eta0.7_lag1_extra0,fresh_build_2,both_succeed,"[0.15294820070266724, 0.15301012992858887, 0.10739321261644363, 0.10731016844511032]",7,0.4401967227458954,0.4401967227458954,0.0001240372657775879,32,0.4400726854801178,True,adaptive,b806070ab57b4dd03265a242d4f1bfd85970cb5ed2902e6f14d3866b77dd6f24,2.8,artifacts/da_plcbf/actuator-diagnostics-20260906/v1/secondary-refresh-validation-v1/analysis-v1/numerical_robustness/40d12ca56e8b9c846cab0fd746fe7534c7336a626231426eb3e306a36f154fae/common_state_report.json,dba5f10c614a0f9a541d8331282cb8dd00ffda313c72b7817152fe5fa2be42b8,71611577ec213d1f290bd8bb57624ca06979559f7d24ce2705a85c9fb3f630b5
numerical_robustness,2b37f4dc7e83c6131224cacfb4f06f538b52910ecc7f8e3d64e2cd23b7f73623,structured_30101,eta0.7_lag1_extra0,perturb_minus,both_succeed,"[0.19955989718437195, 0.19952136278152466, 0.10637394338846207, 0.10639266669750214]",28,0.6523938179016113,0.6523938179016113,0.0,32,0.6523938179016113,True,frozen,cd710f89cbab8d095ee7b06e67a090fbce4dd082b0e758d4472f1ed2cd7d7773,2.0,artifacts/da_plcbf/actuator-diagnostics-20260906/v1/secondary-refresh-validation-v1/analysis-v1/numerical_robustness/2b37f4dc7e83c6131224cacfb4f06f538b52910ecc7f8e3d64e2cd23b7f73623/common_state_report.json,4949dc623bb19ae0bd58a2b95de0b76d9d262581097095d95da3a44efe43ddd0,f3b991f465be594455b8c0509b725f22345e8032ff0f9b22ba26b6cc134e4da7
numerical_robustness,2b37f4dc7e83c6131224cacfb4f06f538b52910ecc7f8e3d64e2cd23b7f73623,structured_30101,eta0.7_lag1_extra0,perturb_minus,both_succeed,"[0.19955989718437195, 0.19952136278152466, 0.10637394338846207, 0.10639266669750214]",28,0.6523938179016113,0.6523938179016113,0.0,32,0.6523938179016113,True,adaptive,cd710f89cbab8d095ee7b06e67a090fbce4dd082b0e758d4472f1ed2cd7d7773,2.0,artifacts/da_plcbf/actuator-diagnostics-20260906/v1/secondary-refresh-validation-v1/analysis-v1/numerical_robustness/2b37f4dc7e83c6131224cacfb4f06f538b52910ecc7f8e3d64e2cd23b7f73623/common_state_report.json,4949dc623bb19ae0bd58a2b95de0b76d9d262581097095d95da3a44efe43ddd0,f3b991f465be594455b8c0509b725f22345e8032ff0f9b22ba26b6cc134e4da7
numerical_robustness,2b37f4dc7e83c6131224cacfb4f06f538b52910ecc7f8e3d64e2cd23b7f73623,structured_30101,eta0.7_lag1_extra0,perturb_minus,both_succeed,"[0.15347528457641602, 0.15347522497177124, 0.10827940702438354, 0.10828248411417007]",28,0.48323854804039,0.48323854804039,0.007294774055480957,32,0.47594377398490906,True,frozen,b4cdc89fb17beb8179d1dc3e7f96ebd4854bda24a7c204e368b17018dabe6d71,2.4,artifacts/da_plcbf/actuator-diagnostics-20260906/v1/secondary-refresh-validation-v1/analysis-v1/numerical_robustness/2b37f4dc7e83c6131224cacfb4f06f538b52910ecc7f8e3d64e2cd23b7f73623/common_state_report.json,4949dc623bb19ae0bd58a2b95de0b76d9d262581097095d95da3a44efe43ddd0,f3b991f465be594455b8c0509b725f22345e8032ff0f9b22ba26b6cc134e4da7
numerical_robustness,2b37f4dc7e83c6131224cacfb4f06f538b52910ecc7f8e3d64e2cd23b7f73623,structured_30101,eta0.7_lag1_extra0,perturb_minus,both_succeed,"[0.15347528457641602, 0.15347522497177124, 0.10827940702438354, 0.10828248411417007]",12,0.48323854804039,0.48323854804039,0.007294774055480957,32,0.47594377398490906,True,adaptive,b4cdc89fb17beb8179d1dc3e7f96ebd4854bda24a7c204e368b17018dabe6d71,2.4,artifacts/da_plcbf/actuator-diagnostics-20260906/v1/secondary-refresh-validation-v1/analysis-v1/numerical_robustness/2b37f4dc7e83c6131224cacfb4f06f538b52910ecc7f8e3d64e2cd23b7f73623/common_state_report.json,4949dc623bb19ae0bd58a2b95de0b76d9d262581097095d95da3a44efe43ddd0,f3b991f465be594455b8c0509b725f22345e8032ff0f9b22ba26b6cc134e4da7
numerical_robustness,2b37f4dc7e83c6131224cacfb4f06f538b52910ecc7f8e3d64e2cd23b7f73623,structured_30101,eta0.7_lag1_extra0,perturb_minus,both_succeed,"[0.15302829444408417, 0.15313845872879028, 0.10735020041465759, 0.10721353441476822]",31,0.4399597942829132,0.4399597942829132,0.00015586614608764648,32,0.43980392813682556,True,frozen,359d7b55eb5146f399f534849a33fb34779ad24c4c4512e281acd8004084c32d,2.8,artifacts/da_plcbf/actuator-diagnostics-20260906/v1/secondary-refresh-validation-v1/analysis-v1/numerical_robustness/2b37f4dc7e83c6131224cacfb4f06f538b52910ecc7f8e3d64e2cd23b7f73623/common_state_report.json,4949dc623bb19ae0bd58a2b95de0b76d9d262581097095d95da3a44efe43ddd0,f3b991f465be594455b8c0509b725f22345e8032ff0f9b22ba26b6cc134e4da7
numerical_robustness,2b37f4dc7e83c6131224cacfb4f06f538b52910ecc7f8e3d64e2cd23b7f73623,structured_30101,eta0.7_lag1_extra0,perturb_minus,both_succeed,"[0.15294820070266724, 0.15301012992858887, 0.10739319771528244, 0.10731015354394913]",7,0.44019028544425964,0.44019028544425964,0.00012415647506713867,32,0.4400661289691925,True,adaptive,b30c6a2d8bef27b97ced503fe0653c665ea4d558924ec0e24611846f0f5032f8,2.8,artifacts/da_plcbf/actuator-diagnostics-20260906/v1/secondary-refresh-validation-v1/analysis-v1/numerical_robustness/2b37f4dc7e83c6131224cacfb4f06f538b52910ecc7f8e3d64e2cd23b7f73623/common_state_report.json,4949dc623bb19ae0bd58a2b95de0b76d9d262581097095d95da3a44efe43ddd0,f3b991f465be594455b8c0509b725f22345e8032ff0f9b22ba26b6cc134e4da7
numerical_robustness,80a563b8ff4c940287eda729531d8c913d9ab48ea4551ecfb1d61e7db3a543c7,structured_30101,eta0.7_lag1_extra0,perturb_plus,both_succeed,"[0.19955989718437195, 0.19952142238616943, 0.10637391358613968, 0.10639266669750214]",28,0.6524875164031982,0.6524875164031982,0.0,32,0.6524875164031982,True,frozen,660553924c695414f8a0d420d67f8c9691b1860025854932632a387b81814c7f,2.0,artifacts/da_plcbf/actuator-diagnostics-20260906/v1/secondary-refresh-validation-v1/analysis-v1/numerical_robustness/80a563b8ff4c940287eda729531d8c913d9ab48ea4551ecfb1d61e7db3a543c7/common_state_report.json,e7ab25f5c8f8770946147f23962a2fc9b9b7b0fc0bbe3e00eaf429db22afb654,3c0972e193582a749e4c2fd91b4006d6a4e639712a3ece2b74d6f0dc3b5becf5
numerical_robustness,80a563b8ff4c940287eda729531d8c913d9ab48ea4551ecfb1d61e7db3a543c7,structured_30101,eta0.7_lag1_extra0,perturb_plus,both_succeed,"[0.19955989718437195, 0.19952142238616943, 0.10637391358613968, 0.10639266669750214]",28,0.6524875164031982,0.6524875164031982,0.0,32,0.6524875164031982,True,adaptive,660553924c695414f8a0d420d67f8c9691b1860025854932632a387b81814c7f,2.0,artifacts/da_plcbf/actuator-diagnostics-20260906/v1/secondary-refresh-validation-v1/analysis-v1/numerical_robustness/80a563b8ff4c940287eda729531d8c913d9ab48ea4551ecfb1d61e7db3a543c7/common_state_report.json,e7ab25f5c8f8770946147f23962a2fc9b9b7b0fc0bbe3e00eaf429db22afb654,3c0972e193582a749e4c2fd91b4006d6a4e639712a3ece2b74d6f0dc3b5becf5
numerical_robustness,80a563b8ff4c940287eda729531d8c913d9ab48ea4551ecfb1d61e7db3a543c7,structured_30101,eta0.7_lag1_extra0,perturb_plus,both_succeed,"[0.1534753441810608, 0.15347521007061005, 0.10827936977148056, 0.10828248411417007]",28,0.4832361042499542,0.4832361042499542,0.00727534294128418,32,0.47596076130867004,True,frozen,0329af0bf067e43c86410ea566f4fe195043b41a8999cba61f8161fa2a3f4e37,2.4,artifacts/da_plcbf/actuator-diagnostics-20260906/v1/secondary-refresh-validation-v1/analysis-v1/numerical_robustness/80a563b8ff4c940287eda729531d8c913d9ab48ea4551ecfb1d61e7db3a543c7/common_state_report.json,e7ab25f5c8f8770946147f23962a2fc9b9b7b0fc0bbe3e00eaf429db22afb654,3c0972e193582a749e4c2fd91b4006d6a4e639712a3ece2b74d6f0dc3b5becf5
numerical_robustness,80a563b8ff4c940287eda729531d8c913d9ab48ea4551ecfb1d61e7db3a543c7,structured_30101,eta0.7_lag1_extra0,perturb_plus,both_succeed,"[0.1534753441810608, 0.15347521007061005, 0.10827936977148056, 0.10828248411417007]",12,0.4832361042499542,0.4832361042499542,0.00727534294128418,32,0.47596076130867004,True,adaptive,0329af0bf067e43c86410ea566f4fe195043b41a8999cba61f8161fa2a3f4e37,2.4,artifacts/da_plcbf/actuator-diagnostics-20260906/v1/secondary-refresh-validation-v1/analysis-v1/numerical_robustness/80a563b8ff4c940287eda729531d8c913d9ab48ea4551ecfb1d61e7db3a543c7/common_state_report.json,e7ab25f5c8f8770946147f23962a2fc9b9b7b0fc0bbe3e00eaf429db22afb654,3c0972e193582a749e4c2fd91b4006d6a4e639712a3ece2b74d6f0dc3b5becf5
numerical_robustness,80a563b8ff4c940287eda729531d8c913d9ab48ea4551ecfb1d61e7db3a543c7,structured_30101,eta0.7_lag1_extra0,perturb_plus,both_succeed,"[0.1530284732580185, 0.15313871204853058, 0.10735016316175461, 0.10721336305141449]",31,0.4399690330028534,0.4399690330028534,0.0001556873321533203,32,0.4398133456707001,True,frozen,713f6858b687d5031348e6bef04af94e69a0c65c69e89c9e184adb1e374905f5,2.8,artifacts/da_plcbf/actuator-diagnostics-20260906/v1/secondary-refresh-validation-v1/analysis-v1/numerical_robustness/80a563b8ff4c940287eda729531d8c913d9ab48ea4551ecfb1d61e7db3a543c7/common_state_report.json,e7ab25f5c8f8770946147f23962a2fc9b9b7b0fc0bbe3e00eaf429db22afb654,3c0972e193582a749e4c2fd91b4006d6a4e639712a3ece2b74d6f0dc3b5becf5
numerical_robustness,80a563b8ff4c940287eda729531d8c913d9ab48ea4551ecfb1d61e7db3a543c7,structured_30101,eta0.7_lag1_extra0,perturb_plus,both_succeed,"[0.15294824540615082, 0.15301015973091125, 0.10739319026470184, 0.10731019079685211]",7,0.4402053654193878,0.4402053654193878,0.0001240372657775879,32,0.44008132815361023,True,adaptive,4a262e7d345092734837e2f9ca6c74eeef51605da96616a9644d39add8adcaeb,2.8,artifacts/da_plcbf/actuator-diagnostics-20260906/v1/secondary-refresh-validation-v1/analysis-v1/numerical_robustness/80a563b8ff4c940287eda729531d8c913d9ab48ea4551ecfb1d61e7db3a543c7/common_state_report.json,e7ab25f5c8f8770946147f23962a2fc9b9b7b0fc0bbe3e00eaf429db22afb654,3c0972e193582a749e4c2fd91b4006d6a4e639712a3ece2b74d6f0dc3b5becf5
