trial_id,world,cell,arm,realization,split,outcome,status,declared_duration_s,physical_time_s,safe_task_completion,collision,operational_all_nodes_pass,waypoints_completed,waypoints_total,finite_credited_updates,publications,wrapper_commands_authenticated,source_record,source_sha256
0404be7c7c19a7e2bd28e040c8e6d5b0874e540f0cb88245a839049bfa7b7ce1,structured_63001,eta0.7_lag1_extra0,UNION_REFRESH,primary,secondary_validation,safe_task,completed,14.0,14.0,True,False,True,2,2,349,349,True,artifacts/da_plcbf/actuator-diagnostics-20260906/v1/secondary-refresh-validation-v1/results-v1/fresh_validation/0404be7c7c19a7e2bd28e040c8e6d5b0874e540f0cb88245a839049bfa7b7ce1/record.json,57a3823a34bcac9312fed1c3e67d4721beefaf8b308b91b345facbf552b1c030
13854dbb91c8c111aba7633da782999936a9b2e91da3848e8b1b2b43bada1f4b,structured_63001,eta1_lag1_extra0,UNION_REFRESH_FREEZE_AT_FAULT,primary,secondary_validation,safe_task,completed,14.0,14.0,True,False,True,2,2,50,50,True,artifacts/da_plcbf/actuator-diagnostics-20260906/v1/secondary-refresh-validation-v1/results-v1/fresh_validation/13854dbb91c8c111aba7633da782999936a9b2e91da3848e8b1b2b43bada1f4b/record.json,e59f450004e3b280ce82b455492d79b000f0a67df751f711b374add7cfee4c48
2b1338b6c8db83baa0e0cb3adb765ddaf4d164cd95002cb7fc865d35c445e15d,navigation_63104,eta0.7_lag1_extra0,UNION_REFRESH,primary,secondary_validation,collision,completed,24.0,4.595,False,True,False,0,4,114,114,True,artifacts/da_plcbf/actuator-diagnostics-20260906/v1/secondary-refresh-validation-v1/results-v1/fresh_validation/2b1338b6c8db83baa0e0cb3adb765ddaf4d164cd95002cb7fc865d35c445e15d/record.json,d8970b1bffa743a8af8f004f5fed9dc8d57520d846e298cd25ba3f9f67845bba
30621b7fb690dc6f1682df02613fdfd84f0c24c6a3fda207461ee56c86659909,navigation_63104,eta1_lag1_extra0,UNION_REFRESH,primary,secondary_validation,safe_task,completed,24.0,24.0,True,False,True,4,4,599,599,True,artifacts/da_plcbf/actuator-diagnostics-20260906/v1/secondary-refresh-validation-v1/results-v1/fresh_validation/30621b7fb690dc6f1682df02613fdfd84f0c24c6a3fda207461ee56c86659909/record.json,9369a1c1debaef21cbaa82c89c32f03895ddf2859378b856e23571d9db69c063
31c294f867f6a777a45a6b6340e03df7902837437f24cc6322c545018fdb5b3c,structured_63004,eta0.7_lag1_extra0,UNION_REFRESH,primary,secondary_validation,safe_task,completed,14.0,14.0,True,False,True,2,2,349,349,True,artifacts/da_plcbf/actuator-diagnostics-20260906/v1/secondary-refresh-validation-v1/results-v1/fresh_validation/31c294f867f6a777a45a6b6340e03df7902837437f24cc6322c545018fdb5b3c/record.json,c79f5141e2552e32b4b1cf242e62ab1042f38c5513008c003b2b58afa96b9134
3402747db4d5cee7953a455724ef1146b7c39171363ac4fd4c75656724836227,structured_63001,eta1_lag1_extra0,UNION_REFRESH,primary,secondary_validation,safe_task,completed,14.0,14.0,True,False,True,2,2,349,349,True,artifacts/da_plcbf/actuator-diagnostics-20260906/v1/secondary-refresh-validation-v1/results-v1/fresh_validation/3402747db4d5cee7953a455724ef1146b7c39171363ac4fd4c75656724836227/record.json,84a2ffc212e2fa50918749f6e468cfeb7b738386355a6702e40d68a2d3768b61
3bc6ccd76c1716c62315467b48f29c168d1d17de27eacd6efe83140a34b3a30f,structured_30101,eta0.7_lag1_extra0,UNION_REFRESH,fresh_build_2,development,safe_task,completed,14.0,14.0,True,False,True,2,2,349,349,True,artifacts/da_plcbf/actuator-diagnostics-20260906/v1/secondary-refresh-validation-v1/results-v1/numerical_robustness/fresh_build_2/3bc6ccd76c1716c62315467b48f29c168d1d17de27eacd6efe83140a34b3a30f/record.json,833ddd55e555fb59f79f22c6ca981d0b03179785ec1e45b43acd5827ee6e811c
4161d67a30297be12bf217db4a4e8f469b14fb63e53ee57508299ba74173bdcc,structured_63001,eta0.7_lag1_extra0,UNION_REFRESH_FREEZE_AT_FAULT,primary,secondary_validation,safe_task,completed,14.0,14.0,True,False,True,2,2,50,50,True,artifacts/da_plcbf/actuator-diagnostics-20260906/v1/secondary-refresh-validation-v1/results-v1/fresh_validation/4161d67a30297be12bf217db4a4e8f469b14fb63e53ee57508299ba74173bdcc/record.json,046b433499691840880b5e818425fbdd2c1d5e5c5752808864d86434faeb92dc
4dcff5918574e30fb278fa8bcdcf826e094c593c83f7cd2af4a0cb8918289eec,structured_30101,eta0.7_lag1_extra0,UNION_REFRESH,fresh_build_1,development,safe_task,completed,14.0,14.0,True,False,True,2,2,349,349,True,artifacts/da_plcbf/actuator-diagnostics-20260906/v1/secondary-refresh-validation-v1/results-v1/numerical_robustness/fresh_build_1/4dcff5918574e30fb278fa8bcdcf826e094c593c83f7cd2af4a0cb8918289eec/record.json,66f24575791b234588bcaa33f458927abf4eb21920ace385c1cb6b630931536a
4eca3553550d9058d00f79fdecb26efa58df0ee8625e650cbdaa802b3565f5e8,structured_63003,eta0.7_lag1_extra0,UNION_REFRESH_FREEZE_AT_FAULT,primary,secondary_validation,safe_task,completed,14.0,14.0,True,False,True,2,2,50,50,True,artifacts/da_plcbf/actuator-diagnostics-20260906/v1/secondary-refresh-validation-v1/results-v1/fresh_validation/4eca3553550d9058d00f79fdecb26efa58df0ee8625e650cbdaa802b3565f5e8/record.json,fa1161b50dd0a40ae34800363dde00eb8c8498b12614c2219a3fd711580a94d6
525c84195a79b374658f6355720ac0ea9c12929cbc5614a68cba6e46002440d8,structured_63002,eta0.7_lag1_extra0,UNION_REFRESH_FREEZE_AT_FAULT,primary,secondary_validation,collision,completed,14.0,5.1899999999999995,False,True,True,0,2,50,50,True,artifacts/da_plcbf/actuator-diagnostics-20260906/v1/secondary-refresh-validation-v1/results-v1/fresh_validation/525c84195a79b374658f6355720ac0ea9c12929cbc5614a68cba6e46002440d8/record.json,fabc3c56bdb076afc5886b26dd3b1fc60bf9ea755485cc0478ae1230f8fb884d
56aec064b98da718dcf2d34c14eaadd90ec0651e8a83b1dd096fcacb46533e5f,structured_63003,eta1_lag1_extra0,UNION_REFRESH_FREEZE_AT_FAULT,primary,secondary_validation,safe_task,completed,14.0,14.0,True,False,True,2,2,50,50,True,artifacts/da_plcbf/actuator-diagnostics-20260906/v1/secondary-refresh-validation-v1/results-v1/fresh_validation/56aec064b98da718dcf2d34c14eaadd90ec0651e8a83b1dd096fcacb46533e5f/record.json,559563044886de96dd437079ed23dae5f6e56486a6857e88155dd4d576365c5e
590a83d2e3b5e01c97c13f2a28dba4080534464cd9cfd15d1ee27fde8b4e3955,structured_30101,eta0.7_lag1_extra0,UNION_REFRESH_FREEZE_AT_FAULT,perturb_plus,development,safe_task,completed,14.0,14.0,True,False,True,2,2,50,50,True,artifacts/da_plcbf/actuator-diagnostics-20260906/v1/secondary-refresh-validation-v1/results-v1/numerical_robustness/perturb_plus/590a83d2e3b5e01c97c13f2a28dba4080534464cd9cfd15d1ee27fde8b4e3955/record.json,bd854dcb5183f09071a27d80c829d21b0be0680ecfd58bd7ca43959b6e19b38d
592a88797015e70376c2d890d803911a289d2ad6f29be71bd4681afbb7810ed1,structured_63004,eta1_lag1_extra0,UNION_REFRESH,primary,secondary_validation,collision,completed,14.0,4.1499999999999995,False,True,True,0,2,103,103,True,artifacts/da_plcbf/actuator-diagnostics-20260906/v1/secondary-refresh-validation-v1/results-v1/fresh_validation/592a88797015e70376c2d890d803911a289d2ad6f29be71bd4681afbb7810ed1/record.json,95d918189498c226ccffa338c84f3c7890fd96beca88e64767484443b68f4232
5a38de007da0cc689166fcf5789f4218dcc7cb15a9f5ec0e2029f5afb35d3171,structured_63003,eta1_lag1_extra0,UNION_REFRESH,primary,secondary_validation,safe_task,completed,14.0,14.0,True,False,True,2,2,349,349,True,artifacts/da_plcbf/actuator-diagnostics-20260906/v1/secondary-refresh-validation-v1/results-v1/fresh_validation/5a38de007da0cc689166fcf5789f4218dcc7cb15a9f5ec0e2029f5afb35d3171/record.json,12ef009654b619d175305f47bb8059f001cdb193cddb85ca8dab5304a103cafd
5bc489db11fa633d086917a75e12126b3efc6efa826ef63ad915f3e426ef4c17,structured_63002,eta1_lag1_extra0,UNION_REFRESH_FREEZE_AT_FAULT,primary,secondary_validation,collision,completed,14.0,5.1049999999999995,False,True,True,0,2,50,50,True,artifacts/da_plcbf/actuator-diagnostics-20260906/v1/secondary-refresh-validation-v1/results-v1/fresh_validation/5bc489db11fa633d086917a75e12126b3efc6efa826ef63ad915f3e426ef4c17/record.json,ac063390110f930d1f81896c4fe6e7232e675c12f6d4c3b8c11693815d00c19c
63a56f284534fd350aaa1a09b59b3e29d94c3b859af5b4c0348f1057360ba9df,structured_63004,eta0.7_lag1_extra0,UNION_REFRESH_FREEZE_AT_FAULT,primary,secondary_validation,safe_task,completed,14.0,14.0,True,False,True,2,2,50,50,True,artifacts/da_plcbf/actuator-diagnostics-20260906/v1/secondary-refresh-validation-v1/results-v1/fresh_validation/63a56f284534fd350aaa1a09b59b3e29d94c3b859af5b4c0348f1057360ba9df/record.json,197468ac26e7888a0031543671910b61f9aaf0b27189bfb76ab01bc7a141b0bd
66171b58e9b86111de607a017cd1c3f4fcddcc60f5cbc19bdc227460ea7ecb41,navigation_63101,eta0.7_lag1_extra0,UNION_REFRESH,primary,secondary_validation,collision,completed,24.0,14.095000000000002,False,True,True,2,4,352,352,True,artifacts/da_plcbf/actuator-diagnostics-20260906/v1/secondary-refresh-validation-v1/results-v1/fresh_validation/66171b58e9b86111de607a017cd1c3f4fcddcc60f5cbc19bdc227460ea7ecb41/record.json,278e93e1d80f43b223d2d83833c6298d67a51c393324815ac2625f2a761d32c8
6d89ec00ade100ef6e8d3db028da41fdc7c38e2d728eb7cd173f46a15ec5edb5,structured_63002,eta1_lag1_extra0,UNION_REFRESH,primary,secondary_validation,collision,completed,14.0,5.1049999999999995,False,True,True,0,2,127,127,True,artifacts/da_plcbf/actuator-diagnostics-20260906/v1/secondary-refresh-validation-v1/results-v1/fresh_validation/6d89ec00ade100ef6e8d3db028da41fdc7c38e2d728eb7cd173f46a15ec5edb5/record.json,1733c8337457c8a8291ed8e0c4e2b991102fd826f8d6a3d80a80d6d15e3bbfc7
6db228e0a6ef790e28b804902b0723f54c989f93515c65e4e00eb4e8ab2aac9b,navigation_63103,eta0.7_lag1_extra0,UNION_REFRESH_FREEZE_AT_FAULT,primary,secondary_validation,safe_task,completed,24.0,24.0,True,False,True,4,4,50,50,True,artifacts/da_plcbf/actuator-diagnostics-20260906/v1/secondary-refresh-validation-v1/results-v1/fresh_validation/6db228e0a6ef790e28b804902b0723f54c989f93515c65e4e00eb4e8ab2aac9b/record.json,fdeebab8f3b4458143a92988ca0cd80cf331e031fea161ec2c28957673d11ea2
7442dd7a80a899b59933106d533b41b1af4c90c27ef6b8d6631420938fc6d3ec,navigation_63104,eta0.7_lag1_extra0,UNION_REFRESH_FREEZE_AT_FAULT,primary,secondary_validation,safe_task,completed,24.0,24.0,True,False,True,4,4,50,50,True,artifacts/da_plcbf/actuator-diagnostics-20260906/v1/secondary-refresh-validation-v1/results-v1/fresh_validation/7442dd7a80a899b59933106d533b41b1af4c90c27ef6b8d6631420938fc6d3ec/record.json,05c3396eba572d38dae4a46b9cd283e01961ac0ae906f316eb46f1621e56a0c2
76427f51bb60ede8b228e3c872f4047abfa4764b952ea251682d6f9e651f692b,structured_63002,eta0.7_lag1_extra0,UNION_REFRESH,primary,secondary_validation,collision,completed,14.0,5.965,False,True,True,0,2,149,149,True,artifacts/da_plcbf/actuator-diagnostics-20260906/v1/secondary-refresh-validation-v1/results-v1/fresh_validation/76427f51bb60ede8b228e3c872f4047abfa4764b952ea251682d6f9e651f692b/record.json,b151388500c69c8c7b92400aeba55d18c3109325c6e81cf34fa7dfd83a09789c
77c4512126de7c299ecb1ce83d574de93e93abb0eb50b3740475b2030f96b164,navigation_63102,eta0.7_lag1_extra0,UNION_REFRESH,primary,secondary_validation,safe_task,completed,24.0,24.0,True,False,True,4,4,599,599,True,artifacts/da_plcbf/actuator-diagnostics-20260906/v1/secondary-refresh-validation-v1/results-v1/fresh_validation/77c4512126de7c299ecb1ce83d574de93e93abb0eb50b3740475b2030f96b164/record.json,3baf8710020ad0fbc4a56951bca3c2f1d0e6244ceed5c4f514316efa60262fa2
7ac27acc5e600629dcdf6fe3abbb226f3213f565127f67d20d3a45cb3a1da166,structured_30101,eta0.7_lag1_extra0,UNION_REFRESH,perturb_minus,development,safe_task,completed,14.0,14.0,True,False,True,2,2,349,349,True,artifacts/da_plcbf/actuator-diagnostics-20260906/v1/secondary-refresh-validation-v1/results-v1/numerical_robustness/perturb_minus/7ac27acc5e600629dcdf6fe3abbb226f3213f565127f67d20d3a45cb3a1da166/record.json,b25f4c4d57a7eb2e2749e3ab985c16a214fb398ddee31f14e9429d24da96194d
808f1783069825ec8046100846b5b7a3a59f3925861d469d6495de8baa6b7cc4,structured_30101,eta0.7_lag1_extra0,UNION_REFRESH,perturb_plus,development,safe_task,completed,14.0,14.0,True,False,True,2,2,349,349,True,artifacts/da_plcbf/actuator-diagnostics-20260906/v1/secondary-refresh-validation-v1/results-v1/numerical_robustness/perturb_plus/808f1783069825ec8046100846b5b7a3a59f3925861d469d6495de8baa6b7cc4/record.json,0898c2bf650b35abfdf3eef2e2ebe6b99c2fae42656c8ac153c1fc3ac1207b61
9c45168d4d124edd219be1e3ff5f52f52bf1b276385e8b7ee3cddd9640873fd2,navigation_63103,eta1_lag1_extra0,UNION_REFRESH_FREEZE_AT_FAULT,primary,secondary_validation,safe_task,completed,24.0,24.0,True,False,True,4,4,50,50,True,artifacts/da_plcbf/actuator-diagnostics-20260906/v1/secondary-refresh-validation-v1/results-v1/fresh_validation/9c45168d4d124edd219be1e3ff5f52f52bf1b276385e8b7ee3cddd9640873fd2/record.json,5ff8ec9b6c55667d306cc5a65844333534e4b949389ff49b7ccb0814f36c441e
9ef978885dba85b0572155fb9d752dc984e3cd6255aa455c600e8bff65a60991,navigation_63102,eta0.7_lag1_extra0,UNION_REFRESH_FREEZE_AT_FAULT,primary,secondary_validation,safe_task,completed,24.0,24.0,True,False,True,4,4,50,50,True,artifacts/da_plcbf/actuator-diagnostics-20260906/v1/secondary-refresh-validation-v1/results-v1/fresh_validation/9ef978885dba85b0572155fb9d752dc984e3cd6255aa455c600e8bff65a60991/record.json,7655054021155be1b336cc4dcd33b02c3546f8eff9b0a1763d0eb4751cf42817
9ff46c229ec5bba9a2502c30d61269a34829d6165a242a26cf000a8bfc39456d,structured_63003,eta0.7_lag1_extra0,UNION_REFRESH,primary,secondary_validation,safe_task,completed,14.0,14.0,True,False,True,2,2,349,349,True,artifacts/da_plcbf/actuator-diagnostics-20260906/v1/secondary-refresh-validation-v1/results-v1/fresh_validation/9ff46c229ec5bba9a2502c30d61269a34829d6165a242a26cf000a8bfc39456d/record.json,0aa38a568e8f6b79002e2252574091575f206a87bddaaeefcf8e3254b3940d54
a7db0672ed9ebc985fdb35115551878bc36ef281731fc1c172f79ae79be0c442,navigation_63103,eta1_lag1_extra0,UNION_REFRESH,primary,secondary_validation,collision,completed,24.0,13.450000000000001,False,True,True,2,4,336,336,True,artifacts/da_plcbf/actuator-diagnostics-20260906/v1/secondary-refresh-validation-v1/results-v1/fresh_validation/a7db0672ed9ebc985fdb35115551878bc36ef281731fc1c172f79ae79be0c442/record.json,ed646146b8b67e1f7bbf7e5cd8f301274b2d43559a1940df6a8a8319f9f603c7
ccb20f0a01ab416b77fda4156242a5b91946e2443f10ea0a0a7e29fb8bc9f7f9,structured_30101,eta0.7_lag1_extra0,UNION_REFRESH_FREEZE_AT_FAULT,perturb_minus,development,safe_task,completed,14.0,14.0,True,False,True,2,2,50,50,True,artifacts/da_plcbf/actuator-diagnostics-20260906/v1/secondary-refresh-validation-v1/results-v1/numerical_robustness/perturb_minus/ccb20f0a01ab416b77fda4156242a5b91946e2443f10ea0a0a7e29fb8bc9f7f9/record.json,dea4a583a86728959a5d3b4359eede1caedf70b2a14f40ddfbedb7a2f4e35567
d0fec92fafb95ec9b34c2aa41a9bebe92b837140afc861932784668f704255d4,navigation_63101,eta1_lag1_extra0,UNION_REFRESH_FREEZE_AT_FAULT,primary,secondary_validation,safe_task,completed,24.0,24.0,True,False,True,4,4,50,50,True,artifacts/da_plcbf/actuator-diagnostics-20260906/v1/secondary-refresh-validation-v1/results-v1/fresh_validation/d0fec92fafb95ec9b34c2aa41a9bebe92b837140afc861932784668f704255d4/record.json,243e22cf9cdc27fa2830ef6e42d2b9f6cf6b709f76adfa0f78900eedbce64722
def2a3704414a71af7ffba72ba7ee5d0279f03b6be0ce9865c0cfa4d15cce7be,navigation_63104,eta1_lag1_extra0,UNION_REFRESH_FREEZE_AT_FAULT,primary,secondary_validation,safe_task,completed,24.0,24.0,True,False,True,4,4,50,50,True,artifacts/da_plcbf/actuator-diagnostics-20260906/v1/secondary-refresh-validation-v1/results-v1/fresh_validation/def2a3704414a71af7ffba72ba7ee5d0279f03b6be0ce9865c0cfa4d15cce7be/record.json,f5771db09d9644cb5aa29d7157bab451b5e1829206d27c6f5ed2469fb0f2a41b
e04b546e0abfef83fb0b02d0eeba3d501d9be52e92ae68947fcdf90e263dcfa5,structured_30101,eta0.7_lag1_extra0,UNION_REFRESH_FREEZE_AT_FAULT,fresh_build_1,development,safe_task,completed,14.0,14.0,True,False,True,2,2,50,50,True,artifacts/da_plcbf/actuator-diagnostics-20260906/v1/secondary-refresh-validation-v1/results-v1/numerical_robustness/fresh_build_1/e04b546e0abfef83fb0b02d0eeba3d501d9be52e92ae68947fcdf90e263dcfa5/record.json,ea24523bd454ed800afc8740cc86621bcb7c01d5403bc929f2858c94eac2381d
e33af61b777dc931336944f6ed660c06760e384247852bbce0ce1be5ffd5cb8a,navigation_63102,eta1_lag1_extra0,UNION_REFRESH,primary,secondary_validation,safe_task,completed,24.0,24.0,True,False,True,4,4,599,599,True,artifacts/da_plcbf/actuator-diagnostics-20260906/v1/secondary-refresh-validation-v1/results-v1/fresh_validation/e33af61b777dc931336944f6ed660c06760e384247852bbce0ce1be5ffd5cb8a/record.json,38e95739222fe370d55dc23681556939f778cb099bcb0cf2f406f9bfc67c2f89
ec42f361bf8d751b927e7ed96e2dff1990da4632cc498e4d7253b63f4f857b57,navigation_63103,eta0.7_lag1_extra0,UNION_REFRESH,primary,secondary_validation,operational_failure,completed,24.0,24.0,False,False,False,2,4,599,599,True,artifacts/da_plcbf/actuator-diagnostics-20260906/v1/secondary-refresh-validation-v1/results-v1/fresh_validation/ec42f361bf8d751b927e7ed96e2dff1990da4632cc498e4d7253b63f4f857b57/record.json,d5347a63ee672334c43248d7cef3540bc5df1f6a8f482e75c18b35671accecaa
eefc7e6ababc27eb4623d8a6b8dbca869ddf48b4f0392856336322450ee4481c,structured_30101,eta0.7_lag1_extra0,UNION_REFRESH_FREEZE_AT_FAULT,fresh_build_2,development,safe_task,completed,14.0,14.0,True,False,True,2,2,50,50,True,artifacts/da_plcbf/actuator-diagnostics-20260906/v1/secondary-refresh-validation-v1/results-v1/numerical_robustness/fresh_build_2/eefc7e6ababc27eb4623d8a6b8dbca869ddf48b4f0392856336322450ee4481c/record.json,d22bfa1a8f933c3afd8ddf621fb0868c45329ddd8f6b2555a3bd9f37fcf5c2e3
efa74efefdd52da8b19b2605815e7356dee38094f52e2a0e2f4155a3c995dfb6,navigation_63102,eta1_lag1_extra0,UNION_REFRESH_FREEZE_AT_FAULT,primary,secondary_validation,safe_task,completed,24.0,24.0,True,False,True,4,4,50,50,True,artifacts/da_plcbf/actuator-diagnostics-20260906/v1/secondary-refresh-validation-v1/results-v1/fresh_validation/efa74efefdd52da8b19b2605815e7356dee38094f52e2a0e2f4155a3c995dfb6/record.json,c64d21e58c4ab26ab0f6098cef070b4990381fe3939ebc9b9b167e18f8b50632
f3ddc041a6409e8de9af9ac6ceb9a6f59d3401dfbc3469e19c8d6b67ed9c082e,navigation_63101,eta1_lag1_extra0,UNION_REFRESH,primary,secondary_validation,safe_task,completed,24.0,24.0,True,False,True,4,4,599,599,True,artifacts/da_plcbf/actuator-diagnostics-20260906/v1/secondary-refresh-validation-v1/results-v1/fresh_validation/f3ddc041a6409e8de9af9ac6ceb9a6f59d3401dfbc3469e19c8d6b67ed9c082e/record.json,be7c91bce2209e4d020544bead5fd52ece8526a81f1c3b782ddc1c376566dde0
f63eb69feff19c77dd30c75942d5a2246ca8a314eb3ae6e7ea4922b7cee86998,structured_63004,eta1_lag1_extra0,UNION_REFRESH_FREEZE_AT_FAULT,primary,secondary_validation,timeout,completed,14.0,14.0,False,False,True,1,2,50,50,True,artifacts/da_plcbf/actuator-diagnostics-20260906/v1/secondary-refresh-validation-v1/results-v1/fresh_validation/f63eb69feff19c77dd30c75942d5a2246ca8a314eb3ae6e7ea4922b7cee86998/record.json,59b795f5a440bc9e382c1df86157674dc845e4695a3137390900dee9651ff91c
fe14c4e2d090daac12e7d2d951af4566c90491ea76584031a4c51b2c33c286a4,navigation_63101,eta0.7_lag1_extra0,UNION_REFRESH_FREEZE_AT_FAULT,primary,secondary_validation,safe_task,completed,24.0,24.0,True,False,True,4,4,50,50,True,artifacts/da_plcbf/actuator-diagnostics-20260906/v1/secondary-refresh-validation-v1/results-v1/fresh_validation/fe14c4e2d090daac12e7d2d951af4566c90491ea76584031a4c51b2c33c286a4/record.json,6e544c43f1b569052cd25a9e0366d5f963e9d8a244c852bdbeb363d804ce89a5
