phase,case,method,physical_world_id,termination,physical_seconds,collision,safe_return,operational_pass,time_near_home_seconds,max_home_distance_m,final_home_distance_m,final_speed_mps,adaptive_only_triplet
calibration-v1,case-000,A_BAL,world-122a9b8d6589f467c21a3f701a11515c142b5ecf98fadde6a0e09cbb6a85a8de,duration_complete,32.0,False,False,True,10.840000000000007,0.5312703728484283,0.000369319714669884,0.0003951525851972822,False
calibration-v1,case-000,F2,world-122a9b8d6589f467c21a3f701a11515c142b5ecf98fadde6a0e09cbb6a85a8de,duration_complete,32.0,False,False,True,10.840000000000007,0.5312703728484283,0.000369319714669884,0.0003951525851972822,False
calibration-v1,case-000,PD_F,world-122a9b8d6589f467c21a3f701a11515c142b5ecf98fadde6a0e09cbb6a85a8de,duration_complete,32.0,False,False,True,10.840000000000007,0.5312703728484283,0.000369319714669884,0.0003951525851972822,False
calibration-v1,case-001,A_BAL,world-ff2853b47b820fe2bfa39616b0557343511a9cfe0fb4a9c88370d613328a2fcb,duration_complete,32.0,False,False,False,2.3049999999999997,10.161950210015283,10.161884920890698,1.6949879582164083e-06,False
calibration-v1,case-001,F2,world-ff2853b47b820fe2bfa39616b0557343511a9cfe0fb4a9c88370d613328a2fcb,duration_complete,32.0,False,False,False,2.3049999999999997,10.342370156168258,10.342307830503403,7.46237057010557e-06,False
calibration-v1,case-001,PD_F,world-ff2853b47b820fe2bfa39616b0557343511a9cfe0fb4a9c88370d613328a2fcb,duration_complete,32.0,False,False,False,2.3049999999999997,10.099268029477173,10.099211033832486,4.318228604370683e-06,False
calibration-v1,case-002,A_BAL,world-6b30a28056f120882ba36a7b75e9c510bb578541b6c05c08f8d70cdd745e0d7a,duration_complete,32.0,False,False,False,2.2199999999999998,12.295702051521817,12.295628197945945,3.094516438540259e-06,False
calibration-v1,case-002,F2,world-6b30a28056f120882ba36a7b75e9c510bb578541b6c05c08f8d70cdd745e0d7a,duration_complete,32.0,False,False,False,2.2199999999999998,11.900324710403552,10.402661610636988,5.647102803927454e-06,False
calibration-v1,case-002,PD_F,world-6b30a28056f120882ba36a7b75e9c510bb578541b6c05c08f8d70cdd745e0d7a,duration_complete,32.0,False,False,False,2.2199999999999998,11.750125523143417,10.298162992932067,4.521237840078059e-07,False
calibration-v2,case-000,A_BAL,world-4244f8836ddd5960a08b5c36601cff127640e8c07a63a092709b66dea82a6e5d,duration_complete,32.0,False,True,True,31.32,0.3469765134299079,0.00028657327456856145,0.0003052356794320555,False
calibration-v2,case-000,F2,world-4244f8836ddd5960a08b5c36601cff127640e8c07a63a092709b66dea82a6e5d,duration_complete,32.0,False,True,True,31.32,0.3469765134299079,0.00028657327456856145,0.0003052356794320555,False
calibration-v2,case-000,PD_F,world-4244f8836ddd5960a08b5c36601cff127640e8c07a63a092709b66dea82a6e5d,duration_complete,32.0,False,True,True,31.32,0.3469765134299079,0.00028657327456856145,0.0003052356794320555,False
calibration-v2,case-001,A_BAL,world-122a9b8d6589f467c21a3f701a11515c142b5ecf98fadde6a0e09cbb6a85a8de,duration_complete,32.0,False,True,True,30.795,0.5312703728484283,0.000369319714669884,0.0003951525851972822,False
calibration-v2,case-001,F2,world-122a9b8d6589f467c21a3f701a11515c142b5ecf98fadde6a0e09cbb6a85a8de,duration_complete,32.0,False,True,True,30.795,0.5312703728484283,0.000369319714669884,0.0003951525851972822,False
calibration-v2,case-001,PD_F,world-122a9b8d6589f467c21a3f701a11515c142b5ecf98fadde6a0e09cbb6a85a8de,duration_complete,32.0,False,True,True,30.795,0.5312703728484283,0.000369319714669884,0.0003951525851972822,False
calibration-v2,case-002,A_BAL,world-449069bca41643695ded403f055a25e4a52d9c57f0a13e3741eafd87f2b65b7b,duration_complete,32.0,False,True,True,12.730000000000002,2.2670442944765634,0.0015039016412457182,0.001615466651678826,False
calibration-v2,case-002,F2,world-449069bca41643695ded403f055a25e4a52d9c57f0a13e3741eafd87f2b65b7b,duration_complete,32.0,False,True,True,12.730000000000002,2.2670442944765634,0.0015039016412457182,0.001615466651678826,False
calibration-v2,case-002,PD_F,world-449069bca41643695ded403f055a25e4a52d9c57f0a13e3741eafd87f2b65b7b,duration_complete,32.0,False,True,True,12.730000000000002,2.2670442944765634,0.0015039016412457182,0.001615466651678826,False
pilot-v1,case-000,A_BAL,world-8602061bcf1a0b44df78e9c24d4a2c4ee75d8d99f94e635546c072e29826c85e,duration_complete,32.0,False,True,True,19.360000000000007,2.217709844828671,0.003518180562120569,0.0038073604915004355,False
pilot-v1,case-000,F2,world-8602061bcf1a0b44df78e9c24d4a2c4ee75d8d99f94e635546c072e29826c85e,duration_complete,32.0,False,True,True,19.610000000000003,2.13836652040247,0.0031315962871394645,0.0033899998713190706,False
pilot-v1,case-000,PD_F,world-8602061bcf1a0b44df78e9c24d4a2c4ee75d8d99f94e635546c072e29826c85e,duration_complete,32.0,False,True,True,19.429999999999996,2.311118754801193,0.004045038499329691,0.004370466128861622,False
pilot-v1,case-001,A_BAL,world-d94491a47fe3a4b00da025e8166acbedb9378d1c7e14eb011a694f45699dd49e,duration_complete,32.0,False,True,True,16.974999999999994,2.528193639269042,0.006064001385224186,0.006486881106493176,False
pilot-v1,case-001,F2,world-d94491a47fe3a4b00da025e8166acbedb9378d1c7e14eb011a694f45699dd49e,duration_complete,32.0,False,False,True,17.070000000000007,2.0475633783446785,0.002080379527434588,0.002245145954310117,False
pilot-v1,case-001,PD_F,world-d94491a47fe3a4b00da025e8166acbedb9378d1c7e14eb011a694f45699dd49e,duration_complete,32.0,False,True,True,17.949999999999996,1.9632929502948724,0.0028200295235261204,0.003051772937264196,False
pilot-v1,case-002,A_BAL,world-4304ca89517891ea8e9c362e2950abed154c21b37a626729a6a1ea73795c947f,duration_complete,32.0,False,False,False,3.2399999999999998,7.993913905064579,7.993866865425759,3.2410575858920273e-06,False
pilot-v1,case-002,F2,world-4304ca89517891ea8e9c362e2950abed154c21b37a626729a6a1ea73795c947f,duration_complete,32.0,False,False,False,6.120000000000006,5.429276798714856,0.014758142759609147,0.017805469724124102,False
pilot-v1,case-002,PD_F,world-4304ca89517891ea8e9c362e2950abed154c21b37a626729a6a1ea73795c947f,duration_complete,32.0,False,False,True,6.945000000000002,5.098947177141618,0.002563039664207375,0.0027717989532026776,False
search-v1,case-000,A_BAL,world-c9ec41d2c11d6879025e4e38fedf9e5dace6458de33045a90e19316bcafa5761,duration_complete,32.0,False,True,True,13.165,3.461980280535241,0.0007247424590460283,0.0007792835076205156,False
search-v1,case-000,F2,world-c9ec41d2c11d6879025e4e38fedf9e5dace6458de33045a90e19316bcafa5761,duration_complete,32.0,False,True,True,12.545000000000002,3.5512734581609213,0.0011768995605899724,0.0012641110213113956,False
search-v1,case-000,PD_F,world-c9ec41d2c11d6879025e4e38fedf9e5dace6458de33045a90e19316bcafa5761,duration_complete,32.0,False,True,True,13.039999999999992,3.1854558370814257,0.0012173399448924072,0.001306591199411792,False
search-v1,case-001,A_BAL,world-f019475fedd176990a9d8e9574e5477def64de77b92c4dea9cfae4df0ff29008,duration_complete,32.0,False,False,True,10.679999999999989,3.6457535126752485,0.0018523840980977475,0.001996370975373965,False
search-v1,case-001,F2,world-f019475fedd176990a9d8e9574e5477def64de77b92c4dea9cfae4df0ff29008,duration_complete,32.0,False,False,True,9.194999999999993,3.959462039134189,0.002552039439782199,0.002757428454961993,False
search-v1,case-001,PD_F,world-f019475fedd176990a9d8e9574e5477def64de77b92c4dea9cfae4df0ff29008,duration_complete,32.0,False,False,True,9.544999999999995,3.6512314495151523,0.0032967264366096497,0.0035438753120833636,False
search-v1,case-002,A_BAL,world-3341c2f01696609ce71e3afb51ae9fe749457b65115178becc6bbcae979a6c5e,physical_collision,22.429999999999996,True,False,True,2.4199999999999995,5.075124703976033,4.0115558174104535,0.5877599680661851,False
search-v1,case-002,F2,world-3341c2f01696609ce71e3afb51ae9fe749457b65115178becc6bbcae979a6c5e,duration_complete,32.0,False,False,False,3.8949999999999965,5.961716298945138,0.10480559657286323,0.09730989547122834,False
search-v1,case-002,PD_F,world-3341c2f01696609ce71e3afb51ae9fe749457b65115178becc6bbcae979a6c5e,duration_complete,32.0,False,False,False,4.435000000000001,5.7566631005435696,0.06679256964115823,0.0613479455940253,False
search-v1,case-003,A_BAL,world-582083d228dd8e24daeb036f15de8a5a2606f813c9f84dea14f9a477bcd5557d,physical_collision,20.024999999999995,True,False,True,8.129999999999994,3.1978145752594807,0.8204105325178799,0.42933532949726855,False
search-v1,case-003,F2,world-582083d228dd8e24daeb036f15de8a5a2606f813c9f84dea14f9a477bcd5557d,duration_complete,32.0,False,False,True,9.544999999999993,5.12401514361609,0.008194046709405737,0.009729554559791881,False
search-v1,case-003,PD_F,world-582083d228dd8e24daeb036f15de8a5a2606f813c9f84dea14f9a477bcd5557d,physical_collision,4.135,True,False,True,2.3149999999999995,0.8990140302480886,0.8990140302480886,0.3438318482766832,False
search-v1,case-004,A_BAL,world-b2246f08b3cd805f31c492f416a5365a20ba67f10c43d9c2a7ec9d784945abaa,duration_complete,32.0,False,True,True,10.334999999999997,3.985337240629882,0.003297231486541241,0.003530251657230479,False
search-v1,case-004,F2,world-b2246f08b3cd805f31c492f416a5365a20ba67f10c43d9c2a7ec9d784945abaa,duration_complete,32.0,False,False,True,9.349999999999998,3.9700990658151363,0.0035811150334807973,0.0038394455684186983,False
search-v1,case-004,PD_F,world-b2246f08b3cd805f31c492f416a5365a20ba67f10c43d9c2a7ec9d784945abaa,physical_collision,3.1149999999999993,True,False,True,1.8699999999999994,0.732672823667854,0.732672823667854,0.45079409604445764,False
search-v1,case-005,A_BAL,world-0644023183ecc982afefffb3e427115e55ea99c74ffdc21f1df8dcee78816bf0,duration_complete,32.0,False,True,True,7.440000000000007,4.176389076913699,0.002772626303204022,0.0036546145762224877,False
search-v1,case-005,F2,world-0644023183ecc982afefffb3e427115e55ea99c74ffdc21f1df8dcee78816bf0,duration_complete,32.0,False,True,True,7.370000000000005,3.8786401395935046,0.004169683095729386,0.0048243955552098525,False
search-v1,case-005,PD_F,world-0644023183ecc982afefffb3e427115e55ea99c74ffdc21f1df8dcee78816bf0,duration_complete,32.0,False,True,True,7.914999999999993,4.561307448928981,0.0028029490785998743,0.0035467408514074793,False
search-v1,case-006,A_BAL,world-1274e2b805e0cd5c0ea51c523727028c1b19d5dac54f2ab012df8f48d77f5391,duration_complete,32.0,False,True,True,16.385,1.9730731683725085,0.00039840816037633385,0.00043291416938655026,False
search-v1,case-006,F2,world-1274e2b805e0cd5c0ea51c523727028c1b19d5dac54f2ab012df8f48d77f5391,duration_complete,32.0,False,True,True,14.255000000000003,2.6033036650431054,0.00046418355466293804,0.0005024301916755626,False
search-v1,case-006,PD_F,world-1274e2b805e0cd5c0ea51c523727028c1b19d5dac54f2ab012df8f48d77f5391,physical_collision,3.045,True,False,True,2.7849999999999993,0.21285858256470416,0.1039294763044279,0.37760562378501805,False
search-v1,case-007,A_BAL,world-523fd955f3cb66e8fcd678e852494055f1d4ad6023cbd398fb7d54a951170f5f,duration_complete,32.0,False,True,True,16.445000000000007,2.0235168972595616,0.00042004642079629834,0.0004521809905071019,False
search-v1,case-007,F2,world-523fd955f3cb66e8fcd678e852494055f1d4ad6023cbd398fb7d54a951170f5f,duration_complete,32.0,False,True,True,17.18,2.1256259416308425,0.000401543714652795,0.0004328863698728643,False
search-v1,case-007,PD_F,world-523fd955f3cb66e8fcd678e852494055f1d4ad6023cbd398fb7d54a951170f5f,duration_complete,32.0,False,True,True,13.069999999999999,2.5734775410448747,0.0008207588792789216,0.0008817216152581317,False
search-v1,case-008,A_BAL,world-57ad4045db72801bc35ff3c9ce2ec7a2bb728fcc9e3b56db189cd44dc55364ba,physical_collision,19.77,True,False,True,4.774999999999996,1.9238674128760962,0.6191803782470289,0.44204362861344426,False
search-v1,case-008,F2,world-57ad4045db72801bc35ff3c9ce2ec7a2bb728fcc9e3b56db189cd44dc55364ba,duration_complete,32.0,False,False,True,6.300000000000011,3.015167652456395,0.00979401288214912,0.010629314465375983,False
search-v1,case-008,PD_F,world-57ad4045db72801bc35ff3c9ce2ec7a2bb728fcc9e3b56db189cd44dc55364ba,duration_complete,32.0,False,True,True,7.775000000000009,3.0031283749131736,0.009388051754384105,0.010170209188555724,False
search-v1,case-009,A_BAL,world-3d9008660775d0ed797099e794ea6cc10378ae09e3bef909bf6d7bc9d82e0d7f,duration_complete,32.0,False,True,True,23.185000000000006,1.118227200702686,0.00038299569942504806,0.0004112160587255847,False
search-v1,case-009,F2,world-3d9008660775d0ed797099e794ea6cc10378ae09e3bef909bf6d7bc9d82e0d7f,duration_complete,32.0,False,True,True,20.360000000000007,1.7277574267395674,0.0010063974202222732,0.0010821273771891562,False
search-v1,case-009,PD_F,world-3d9008660775d0ed797099e794ea6cc10378ae09e3bef909bf6d7bc9d82e0d7f,duration_complete,32.0,False,True,True,18.695000000000004,1.8671225955824882,0.0011149493430067238,0.0011986791749491626,False
search-v1,case-010,A_BAL,world-4ae97adfba5590ebb0bdb2c8089dbd030a1fda19fcafdade682c118d3058856b,duration_complete,32.0,False,False,True,9.489999999999998,3.6777616851871198,0.00559612587276181,0.00600035357886729,False
search-v1,case-010,F2,world-4ae97adfba5590ebb0bdb2c8089dbd030a1fda19fcafdade682c118d3058856b,duration_complete,32.0,False,False,True,7.740000000000007,5.990538148364311,0.001130680796141312,0.001216031654594213,False
search-v1,case-010,PD_F,world-4ae97adfba5590ebb0bdb2c8089dbd030a1fda19fcafdade682c118d3058856b,duration_complete,32.0,False,False,True,9.345,4.5771975434203505,0.0009842946898818766,0.001295106160362974,False
search-v1,case-011,A_BAL,world-acf25559dc86498bd3ce578b0155022c26613878ff15c721db42b934e94b39bf,physical_collision,2.65,True,False,True,2.1500000000000004,0.35671520760626174,0.3429481564271446,0.23274707407240172,False
search-v1,case-011,F2,world-acf25559dc86498bd3ce578b0155022c26613878ff15c721db42b934e94b39bf,physical_collision,2.65,True,False,True,2.1500000000000004,0.3562982839055122,0.3426557658456058,0.23260163045654714,False
search-v1,case-011,PD_F,world-acf25559dc86498bd3ce578b0155022c26613878ff15c721db42b934e94b39bf,physical_collision,2.8299999999999996,True,False,True,1.865,0.5867824120044379,0.5150596927600426,0.40238172014299395,False
search-v1,case-012,A_BAL,world-bdf8306a26a78e1e422f2db9980424ab5f26a90c19a7485302dce8b6bae4fce0,physical_collision,2.78,True,False,True,2.78,0.13422175169703368,0.13422175169703368,0.347684774916242,False
search-v1,case-012,F2,world-bdf8306a26a78e1e422f2db9980424ab5f26a90c19a7485302dce8b6bae4fce0,physical_collision,2.7099999999999995,True,False,True,2.52,0.17986335101027184,0.17986335101027184,0.3849883193461647,False
search-v1,case-012,PD_F,world-bdf8306a26a78e1e422f2db9980424ab5f26a90c19a7485302dce8b6bae4fce0,physical_collision,3.0199999999999996,True,False,True,1.8249999999999995,0.42457200330019185,0.42457200330019185,0.39735303358219826,False
search-v1,case-013,A_BAL,world-b3f33f7376899a8ec84d33d8f58f70529b0bd08bf46ade32ab9d5017068d030e,physical_collision,2.815,True,False,True,2.1950000000000003,0.31754829513880833,0.28961181257434543,0.33247931893273325,False
search-v1,case-013,F2,world-b3f33f7376899a8ec84d33d8f58f70529b0bd08bf46ade32ab9d5017068d030e,physical_collision,2.7949999999999995,True,False,True,2.209999999999999,0.3038255760503614,0.2716264666809025,0.31611596273761255,False
search-v1,case-013,PD_F,world-b3f33f7376899a8ec84d33d8f58f70529b0bd08bf46ade32ab9d5017068d030e,physical_collision,2.9099999999999993,True,False,True,2.05,0.46658508259317355,0.4128320302648304,0.4213916585556367,False
search-v1,case-014,A_BAL,world-bea5bda909cc38232ae9268cd4fb11b84185908dcb168856e99320775ef7f2ec,duration_complete,32.0,False,False,True,5.475000000000005,4.237133674283891,0.005807679036296862,0.006655717973646995,False
search-v1,case-014,F2,world-bea5bda909cc38232ae9268cd4fb11b84185908dcb168856e99320775ef7f2ec,duration_complete,32.0,False,False,True,5.170000000000002,4.122539774070998,0.006216748593038757,0.005783061513541708,False
search-v1,case-014,PD_F,world-bea5bda909cc38232ae9268cd4fb11b84185908dcb168856e99320775ef7f2ec,duration_complete,32.0,False,False,True,5.350000000000001,4.332493523922104,0.0025749061972521166,0.0029517224505152006,False
search-v1,case-015,A_BAL,world-d5c51393cca74c2e8c0c1fce222fd6c32fb784cc6aacc7053e807d68282c2f6c,duration_complete,32.0,False,True,True,11.12,3.906818372581123,0.004898501884024184,0.005223161890578941,False
search-v1,case-015,F2,world-d5c51393cca74c2e8c0c1fce222fd6c32fb784cc6aacc7053e807d68282c2f6c,duration_complete,32.0,False,True,True,13.33,4.558965064143596,0.0014652390567099613,0.002177827507674296,False
search-v1,case-015,PD_F,world-d5c51393cca74c2e8c0c1fce222fd6c32fb784cc6aacc7053e807d68282c2f6c,duration_complete,32.0,False,True,True,11.240000000000002,3.5000965004983846,0.002234096395749283,0.0024234797577935125,False
dense-search-v1,case-000,A_BAL,world-8b500f11392f93087273cf29f4dae8935141df78d48505c94e8304906df02f73,physical_collision,4.5,True,False,True,2.3699999999999997,1.0542228892714607,1.0542228892714607,0.4356505308418669,False
dense-search-v1,case-000,F2,world-8b500f11392f93087273cf29f4dae8935141df78d48505c94e8304906df02f73,duration_complete,32.0,False,False,True,10.360000000000003,4.16647291133734,0.0008720031229997064,0.000935836224595852,False
dense-search-v1,case-000,PD_F,world-8b500f11392f93087273cf29f4dae8935141df78d48505c94e8304906df02f73,duration_complete,32.0,False,False,False,14.149999999999999,2.417587015430327,0.0005256612647962239,0.0005635102439152359,False
dense-search-v1,case-001,A_BAL,world-68945c36aedd1c9a195e4bcd126cb2e22f5639b380dadde8b1a330f11a717279,physical_collision,4.834999999999999,True,False,True,3.504999999999999,0.7017502444563113,0.7017502444563113,0.3027969402116451,False
dense-search-v1,case-001,F2,world-68945c36aedd1c9a195e4bcd126cb2e22f5639b380dadde8b1a330f11a717279,physical_collision,4.6499999999999995,True,False,True,3.665,0.6051836809864768,0.6051836809864768,0.27127215038367947,False
dense-search-v1,case-001,PD_F,world-68945c36aedd1c9a195e4bcd126cb2e22f5639b380dadde8b1a330f11a717279,physical_collision,4.455,True,False,True,3.2000000000000006,0.5287288906995418,0.5287288906995418,0.42854252425884304,False
dense-search-v1,case-002,A_BAL,world-d904bd94520aa0db7d26cc3720eb519716dd87578dc75a68741949d68437da09,physical_collision,5.965,True,False,True,5.155000000000001,0.8639241996353518,0.8639241996353518,0.5170794356302216,False
dense-search-v1,case-002,F2,world-d904bd94520aa0db7d26cc3720eb519716dd87578dc75a68741949d68437da09,physical_collision,7.285,True,False,True,4.745000000000001,1.6676011324752837,1.6676011324752837,0.4936132771894662,False
dense-search-v1,case-002,PD_F,world-d904bd94520aa0db7d26cc3720eb519716dd87578dc75a68741949d68437da09,duration_complete,32.0,False,False,True,4.505000000000001,4.730016636045482,1.04679369163713,1.5007459939932386,False
dense-search-v1,case-003,A_BAL,world-ae76fa055cfc03f3a756b9b79ebe03377f069241d579b0caf5bf594bcccf5a4b,physical_collision,2.8249999999999997,True,False,True,2.5899999999999994,0.24355252339559966,0.2192060333155627,0.31816327640702174,False
dense-search-v1,case-003,F2,world-ae76fa055cfc03f3a756b9b79ebe03377f069241d579b0caf5bf594bcccf5a4b,physical_collision,2.8299999999999996,True,False,True,2.564999999999999,0.25093245642052214,0.22884036417201375,0.32012994204854045,False
dense-search-v1,case-003,PD_F,world-ae76fa055cfc03f3a756b9b79ebe03377f069241d579b0caf5bf594bcccf5a4b,physical_collision,2.9399999999999995,True,False,True,2.365000000000001,0.38522118069729877,0.3337731708461126,0.3568971802303605,False
dense-search-v1,case-004,A_BAL,world-bfac499c684bf5d513e9237abc500bd1a4b5edf8000a6e2bf7f9b3a1781365d0,physical_collision,20.989999999999995,True,False,True,8.954999999999998,2.4202585037783115,0.8667421800816083,0.4647205885804087,False
dense-search-v1,case-004,F2,world-bfac499c684bf5d513e9237abc500bd1a4b5edf8000a6e2bf7f9b3a1781365d0,duration_complete,32.0,False,False,True,12.75000000000001,3.1570940993556627,0.0033834514472336967,0.003673705686674943,False
dense-search-v1,case-004,PD_F,world-bfac499c684bf5d513e9237abc500bd1a4b5edf8000a6e2bf7f9b3a1781365d0,duration_complete,32.0,False,False,True,13.690000000000003,3.000762753002048,0.0028162471613035304,0.0030500001882893205,False
dense-search-v1,case-005,A_BAL,world-8135e152c1eee8bb4c545a8d45090a746c6a43004e3715df04c3174d9d616beb,duration_complete,32.0,False,False,False,4.07,8.013807514694058,8.013767923730928,4.633777599672797e-06,False
dense-search-v1,case-005,F2,world-8135e152c1eee8bb4c545a8d45090a746c6a43004e3715df04c3174d9d616beb,physical_collision,5.62,True,False,True,4.195,0.5905861183324155,0.5905861183324155,0.46286686611495076,False
dense-search-v1,case-005,PD_F,world-8135e152c1eee8bb4c545a8d45090a746c6a43004e3715df04c3174d9d616beb,physical_collision,5.575,True,False,True,3.7800000000000007,0.5984666160298573,0.5984666160298573,0.4808491242501978,False
dense-search-v1,case-006,A_BAL,world-43f6068a3152877b217871fa52fc6f92d0207225cdd5912663d44d91692a9984,physical_collision,2.775,True,False,True,2.6149999999999998,0.21296802721468763,0.17663023771410472,0.3245245554347093,False
dense-search-v1,case-006,F2,world-43f6068a3152877b217871fa52fc6f92d0207225cdd5912663d44d91692a9984,physical_collision,2.77,True,False,True,2.6149999999999998,0.21199008529557142,0.1758677310319366,0.3211080542866054,False
dense-search-v1,case-006,PD_F,world-43f6068a3152877b217871fa52fc6f92d0207225cdd5912663d44d91692a9984,physical_collision,3.0199999999999996,True,False,True,2.205,0.5118024163678666,0.4739884287886437,0.38204429887057967,False
dense-search-v1,case-007,A_BAL,world-5b371c7d48b1744d6a2fd831d1b7eb25976cac656023a56ebc62e452554968d8,physical_collision,5.994999999999999,True,False,True,3.805,0.746377049239357,0.746377049239357,0.4879392269680008,False
dense-search-v1,case-007,F2,world-5b371c7d48b1744d6a2fd831d1b7eb25976cac656023a56ebc62e452554968d8,duration_complete,32.0,False,False,True,10.004999999999992,2.715297003103457,0.0037151275844155853,0.004013832669294713,False
dense-search-v1,case-007,PD_F,world-5b371c7d48b1744d6a2fd831d1b7eb25976cac656023a56ebc62e452554968d8,duration_complete,32.0,False,False,True,13.424999999999995,2.2702415099630664,0.00318219196554996,0.003449864711673831,False
recovery-window-v1,case-000,A_BAL,world-fb99b6ee805a711ed256e5fc049b6ef767402d5dc31d4acc687a230e85a28ea8,physical_collision,22.009999999999998,True,False,True,12.355,2.83250002404504,0.7959296371030958,0.2571869361125642,False
recovery-window-v1,case-000,F2,world-fb99b6ee805a711ed256e5fc049b6ef767402d5dc31d4acc687a230e85a28ea8,physical_collision,5.619999999999999,True,False,True,4.195,0.5905861183324155,0.5905861183324155,0.46286686611495076,False
recovery-window-v1,case-000,PD_F,world-fb99b6ee805a711ed256e5fc049b6ef767402d5dc31d4acc687a230e85a28ea8,physical_collision,5.575,True,False,True,3.7800000000000007,0.5984666160298573,0.5984666160298573,0.4808491242501978,False
recovery-window-v1,case-001,A_BAL,world-10719179f5e5e40f34a2a0e3c817f86183c7ec3a9556191ea8f6146d0a7609de,physical_collision,22.009999999999998,True,False,True,12.149999999999999,2.874121167555879,0.7988142087730207,0.3728058525262371,False
recovery-window-v1,case-001,F2,world-10719179f5e5e40f34a2a0e3c817f86183c7ec3a9556191ea8f6146d0a7609de,physical_collision,5.619999999999999,True,False,True,4.195,0.5905861183324155,0.5905861183324155,0.46286686611495076,False
recovery-window-v1,case-001,PD_F,world-10719179f5e5e40f34a2a0e3c817f86183c7ec3a9556191ea8f6146d0a7609de,physical_collision,5.575,True,False,True,3.7800000000000007,0.5984666160298573,0.5984666160298573,0.4808491242501978,False
recovery-window-v1,case-002,A_BAL,world-30deac5602e5c334d01c3a3da5c7f3c2a697d2ca9552bac5ee1c7a596c60b76c,physical_collision,22.074999999999992,True,False,True,12.874999999999993,2.83250002404504,0.7563657823070022,0.21862975274505614,False
recovery-window-v1,case-002,F2,world-30deac5602e5c334d01c3a3da5c7f3c2a697d2ca9552bac5ee1c7a596c60b76c,physical_collision,5.619999999999999,True,False,True,4.195,0.5905861183324155,0.5905861183324155,0.46286686611495076,False
recovery-window-v1,case-002,PD_F,world-30deac5602e5c334d01c3a3da5c7f3c2a697d2ca9552bac5ee1c7a596c60b76c,physical_collision,5.575,True,False,True,3.7800000000000007,0.5984666160298573,0.5984666160298573,0.4808491242501978,False
period-refinement-v1,case-000,A_BAL,world-74630112455623cf7ca28054e65051c03351bccb29857d7de8d1fcf7443b6297,physical_collision,26.024999999999995,True,False,True,17.51999999999999,2.2997395859697116,0.8926112813971261,0.3670142135241669,False
period-refinement-v1,case-000,F2,world-74630112455623cf7ca28054e65051c03351bccb29857d7de8d1fcf7443b6297,physical_collision,26.13,True,False,True,14.594999999999997,4.673437537863776,0.8023112780116406,0.27200596103128943,False
period-refinement-v1,case-000,PD_F,world-74630112455623cf7ca28054e65051c03351bccb29857d7de8d1fcf7443b6297,physical_collision,25.744999999999994,True,False,True,15.969999999999986,2.41140764054523,0.421889848780043,0.4112763510644564,False
period-refinement-v1,case-001,A_BAL,world-f769d122350dc96341126c4bf0686df83e349fd1fa569cb2326c0c867af7976a,physical_collision,26.019999999999996,True,False,True,17.849999999999994,2.2997395859697116,0.7513499864915435,0.34080716551259355,False
period-refinement-v1,case-001,F2,world-f769d122350dc96341126c4bf0686df83e349fd1fa569cb2326c0c867af7976a,physical_collision,26.049999999999997,True,False,True,15.25999999999999,4.673437537863776,0.7922505508544806,0.342933966519561,False
period-refinement-v1,case-001,PD_F,world-f769d122350dc96341126c4bf0686df83e349fd1fa569cb2326c0c867af7976a,physical_collision,25.71999999999999,True,False,True,16.57999999999999,2.41140764054523,0.44828203638211545,0.3803329919430874,False
period-refinement-v1,case-002,A_BAL,world-4016e4e80585bc801fb0b46a4e9cf37a176880ca91fff6201b05b8438fc77362,physical_collision,26.009999999999998,True,False,True,16.995000000000005,2.2997395859697116,0.8404846753512873,0.388262219813513,False
period-refinement-v1,case-002,F2,world-4016e4e80585bc801fb0b46a4e9cf37a176880ca91fff6201b05b8438fc77362,duration_complete,38.0,False,True,True,18.85499999999999,4.673437537863776,0.0024171475836201675,0.0026187829239556126,False
period-refinement-v1,case-002,PD_F,world-4016e4e80585bc801fb0b46a4e9cf37a176880ca91fff6201b05b8438fc77362,physical_collision,25.685,True,False,True,15.430000000000001,2.41140764054523,0.5062521434274659,0.4890614268181795,False
period-refinement-v1,case-003,A_BAL,world-f5e742041b4564e0efcbf9c8993cf46ce88c9e8ae0bac158a5cc09a2b60cd90d,physical_collision,28.024999999999995,True,False,True,19.714999999999996,2.3168118010690826,0.8884784104425271,0.36276219143311444,False
period-refinement-v1,case-003,F2,world-f5e742041b4564e0efcbf9c8993cf46ce88c9e8ae0bac158a5cc09a2b60cd90d,physical_collision,28.13,True,False,True,18.11,2.434511195472207,0.80247721824194,0.2719992447913429,False
period-refinement-v1,case-003,PD_F,world-f5e742041b4564e0efcbf9c8993cf46ce88c9e8ae0bac158a5cc09a2b60cd90d,physical_collision,5.585,True,False,True,3.7950000000000004,0.5895942203972436,0.5895942203972436,0.4844297596943454,False
direction-refinement-v1,case-000,A_BAL,world-f7cf657657f497a0cda3b90c7908f18a72a070fcbeac22662b993907112757b3,duration_complete,32.0,False,True,True,18.98,2.83250002404504,0.0008413662703195699,0.0009023003800939372,True
direction-refinement-v1,case-000,F2,world-f7cf657657f497a0cda3b90c7908f18a72a070fcbeac22662b993907112757b3,physical_collision,5.619999999999999,True,False,True,4.195,0.5905861183324155,0.5905861183324155,0.46286686611495076,True
direction-refinement-v1,case-000,PD_F,world-f7cf657657f497a0cda3b90c7908f18a72a070fcbeac22662b993907112757b3,physical_collision,5.575,True,False,True,3.7800000000000007,0.5984666160298573,0.5984666160298573,0.4808491242501978,True
direction-refinement-v1,case-001,A_BAL,world-576de550855f5f4fefc5c990669cd98dbb3e45f32258c1f171d6f1b5a8522f6b,physical_collision,22.319999999999993,True,False,True,13.174999999999994,2.83250002404504,1.1018422843203053,0.4064717023439978,False
direction-refinement-v1,case-001,F2,world-576de550855f5f4fefc5c990669cd98dbb3e45f32258c1f171d6f1b5a8522f6b,physical_collision,5.619999999999999,True,False,True,4.195,0.5905861183324155,0.5905861183324155,0.46286686611495076,False
direction-refinement-v1,case-001,PD_F,world-576de550855f5f4fefc5c990669cd98dbb3e45f32258c1f171d6f1b5a8522f6b,physical_collision,5.575,True,False,True,3.7800000000000007,0.5984666160298573,0.5984666160298573,0.4808491242501978,False
direction-refinement-v1,case-002,A_BAL,world-b4aaec8575f76204d7e4f05da0c3919a3ffaa58ef80f4472600c7693b2408a3f,duration_complete,32.0,False,True,True,18.095000000000002,2.83250002404504,0.0012733822117635943,0.0013696919565920238,True
direction-refinement-v1,case-002,F2,world-b4aaec8575f76204d7e4f05da0c3919a3ffaa58ef80f4472600c7693b2408a3f,physical_collision,5.619999999999999,True,False,True,4.195,0.5905861183324155,0.5905861183324155,0.46286686611495076,True
direction-refinement-v1,case-002,PD_F,world-b4aaec8575f76204d7e4f05da0c3919a3ffaa58ef80f4472600c7693b2408a3f,physical_collision,5.575,True,False,True,3.7800000000000007,0.5984666160298573,0.5984666160298573,0.4808491242501978,True
direction-refinement-v1,case-003,A_BAL,world-2105845455cd23f5ff5878169dc03debebf7bc1603cac9c3c5cadad642824a45,duration_complete,32.0,False,True,True,18.155,2.83250002404504,0.001054116167858035,0.0011496549794361957,True
direction-refinement-v1,case-003,F2,world-2105845455cd23f5ff5878169dc03debebf7bc1603cac9c3c5cadad642824a45,physical_collision,5.619999999999999,True,False,True,4.195,0.5905861183324155,0.5905861183324155,0.46286686611495076,True
direction-refinement-v1,case-003,PD_F,world-2105845455cd23f5ff5878169dc03debebf7bc1603cac9c3c5cadad642824a45,physical_collision,5.575,True,False,True,3.7800000000000007,0.5984666160298573,0.5984666160298573,0.4808491242501978,True
direction-refinement-v1,case-004,A_BAL,world-f7c4addf06c93569e4bca0fdc57d20269e810d4116199222949fbd7b59039654,physical_collision,21.999999999999993,True,False,True,12.939999999999994,2.83250002404504,0.7646116535527817,0.2894224098904946,False
direction-refinement-v1,case-004,F2,world-f7c4addf06c93569e4bca0fdc57d20269e810d4116199222949fbd7b59039654,physical_collision,5.619999999999999,True,False,True,4.195,0.5905861183324155,0.5905861183324155,0.46286686611495076,False
direction-refinement-v1,case-004,PD_F,world-f7c4addf06c93569e4bca0fdc57d20269e810d4116199222949fbd7b59039654,physical_collision,5.575,True,False,True,3.7800000000000007,0.5984666160298573,0.5984666160298573,0.4808491242501978,False
direction-refinement-v1,case-005,A_BAL,world-1d8f970241458d8453fa4349012c87fda0c173af569c83913dde724faa2b2928,physical_collision,21.954999999999995,True,False,True,13.294999999999995,2.83250002404504,0.7426660429300018,0.31106997943679776,False
direction-refinement-v1,case-005,F2,world-1d8f970241458d8453fa4349012c87fda0c173af569c83913dde724faa2b2928,physical_collision,5.619999999999999,True,False,True,4.195,0.5905861183324155,0.5905861183324155,0.46286686611495076,False
direction-refinement-v1,case-005,PD_F,world-1d8f970241458d8453fa4349012c87fda0c173af569c83913dde724faa2b2928,physical_collision,5.575,True,False,True,3.7800000000000007,0.5984666160298573,0.5984666160298573,0.4808491242501978,False
direction-refinement-v1,case-006,A_BAL,world-0b7f3ce6c62bcbccac7ac117a2ad5e6a595a55a0ee5aabe37f10431d874d0c6c,physical_collision,21.949999999999996,True,False,True,13.439999999999987,2.83250002404504,0.7124975113027306,0.3046132102731736,False
direction-refinement-v1,case-006,F2,world-0b7f3ce6c62bcbccac7ac117a2ad5e6a595a55a0ee5aabe37f10431d874d0c6c,physical_collision,5.619999999999999,True,False,True,4.195,0.5905861183324155,0.5905861183324155,0.46286686611495076,False
direction-refinement-v1,case-006,PD_F,world-0b7f3ce6c62bcbccac7ac117a2ad5e6a595a55a0ee5aabe37f10431d874d0c6c,physical_collision,5.575,True,False,True,3.7800000000000007,0.5984666160298573,0.5984666160298573,0.4808491242501978,False
direction-refinement-v1,case-007,A_BAL,world-c257357c28dcade6e47f467d43135ef101f147c8728d2144a5ff309c16efbca3,duration_complete,32.0,False,True,True,18.139999999999993,2.83250002404504,0.002019429583818838,0.002191901209010531,True
direction-refinement-v1,case-007,F2,world-c257357c28dcade6e47f467d43135ef101f147c8728d2144a5ff309c16efbca3,physical_collision,5.619999999999999,True,False,True,4.195,0.5905861183324155,0.5905861183324155,0.46286686611495076,True
direction-refinement-v1,case-007,PD_F,world-c257357c28dcade6e47f467d43135ef101f147c8728d2144a5ff309c16efbca3,physical_collision,5.575,True,False,True,3.7800000000000007,0.5984666160298573,0.5984666160298573,0.4808491242501978,True
confirmation-v1,case-000,A_BAL,world-2745860691b3a32736a187a893cb21d53f6e7deabb74f2ce7a571dbb192e26f9,duration_complete,32.0,False,True,True,19.200000000000003,2.305625315918861,0.0006166179992598943,0.0007214121109923225,False
confirmation-v1,case-000,F2,world-2745860691b3a32736a187a893cb21d53f6e7deabb74f2ce7a571dbb192e26f9,duration_complete,32.0,False,True,True,17.414999999999996,2.2420314587269545,0.0008680060588197155,0.0009736054562127075,False
confirmation-v1,case-000,PD_F,world-2745860691b3a32736a187a893cb21d53f6e7deabb74f2ce7a571dbb192e26f9,physical_collision,5.575,True,False,True,3.8999999999999995,0.5912432637198944,0.5912432637198944,0.46927263625638566,False
confirmation-v1,case-001,A_BAL,world-e83bdb0880ca04526c185d57726a6a74de8a2a0c71af3968cb5d1c3702f5c65b,physical_collision,6.265,True,False,True,3.935,0.7882640174056224,0.7879650551085882,0.14464241151176774,False
confirmation-v1,case-001,F2,world-e83bdb0880ca04526c185d57726a6a74de8a2a0c71af3968cb5d1c3702f5c65b,duration_complete,32.0,False,True,True,17.599999999999994,2.391231592394423,0.0004422587917805607,0.0005136877179083492,False
confirmation-v1,case-001,PD_F,world-e83bdb0880ca04526c185d57726a6a74de8a2a0c71af3968cb5d1c3702f5c65b,physical_collision,5.585,True,False,True,3.6649999999999996,0.5910321066129246,0.5910321066129246,0.4955530504459771,False
confirmation-v1,case-002,A_BAL,world-18aecacf35471dce83fc25f35a6dcef406ef1f99a01966ea054dbb25e15a43b4,duration_complete,32.0,False,True,True,19.85000000000001,2.13813473951224,0.0005844516209613602,0.0006452505768105605,True
confirmation-v1,case-002,F2,world-18aecacf35471dce83fc25f35a6dcef406ef1f99a01966ea054dbb25e15a43b4,physical_collision,5.6,True,False,True,4.215,0.6480402846176092,0.6480402846176092,0.48064955551618105,True
confirmation-v1,case-002,PD_F,world-18aecacf35471dce83fc25f35a6dcef406ef1f99a01966ea054dbb25e15a43b4,physical_collision,5.55,True,False,True,3.7850000000000006,0.6122282076142547,0.6122282076142547,0.4709205981152065,True
confirmation-v1,case-003,A_BAL,world-3838330d3293dc73da26381b30443d6b9097f973325c86bc4e4e7e4218b2a550,duration_complete,32.0,False,True,True,19.3,2.0118193311363357,0.0002118410228849512,0.0002471271327144905,True
confirmation-v1,case-003,F2,world-3838330d3293dc73da26381b30443d6b9097f973325c86bc4e4e7e4218b2a550,physical_collision,5.615,True,False,True,4.215,0.6006407665660938,0.6006407665660938,0.4668791723160912,True
confirmation-v1,case-003,PD_F,world-3838330d3293dc73da26381b30443d6b9097f973325c86bc4e4e7e4218b2a550,physical_collision,5.57,True,False,True,3.7900000000000005,0.6015607403836395,0.6015607403836395,0.47952806566249045,True
confirmation-v1,case-004,A_BAL,world-55d14e87f9c2bb0bec6a296caacc0d4c1b12b36fc89d6442a6a4adf2bf0f07b0,physical_collision,6.39,True,False,True,4.08,0.8215501320402392,0.8176112177637134,0.21431075833521535,False
confirmation-v1,case-004,F2,world-55d14e87f9c2bb0bec6a296caacc0d4c1b12b36fc89d6442a6a4adf2bf0f07b0,duration_complete,32.0,False,True,True,15.444999999999999,2.7734162535056437,0.00773062835382708,0.008484449975831197,False
confirmation-v1,case-004,PD_F,world-55d14e87f9c2bb0bec6a296caacc0d4c1b12b36fc89d6442a6a4adf2bf0f07b0,physical_collision,21.989999999999995,True,False,True,10.304999999999996,2.778232790704093,0.7224311259726565,0.4123250761361363,False
confirmation-v1,case-005,A_BAL,world-fe2e32caa9c8245c8c52c629f83ba749971d78db3c1c686daeb6e5fa62303f20,duration_complete,32.0,False,True,True,16.659999999999993,2.1928499523959615,0.02165939675604664,0.02367565791237317,True
confirmation-v1,case-005,F2,world-fe2e32caa9c8245c8c52c629f83ba749971d78db3c1c686daeb6e5fa62303f20,physical_collision,5.555,True,False,True,4.145000000000001,0.6395003151584149,0.6395003151584149,0.47228680348807484,True
confirmation-v1,case-005,PD_F,world-fe2e32caa9c8245c8c52c629f83ba749971d78db3c1c686daeb6e5fa62303f20,physical_collision,21.775,True,False,True,12.169999999999995,2.1473807068272563,0.4134531997957308,0.39065984668325426,True
confirmation-v1,case-006,A_BAL,world-821027a686b841faa6791401e0aad5ae247277521cc4aa7dda2843c74de15a9d,duration_complete,32.0,False,True,True,20.285,2.204078881809864,0.00028509589794136647,0.00031079280716649293,True
confirmation-v1,case-006,F2,world-821027a686b841faa6791401e0aad5ae247277521cc4aa7dda2843c74de15a9d,physical_collision,5.51,True,False,True,4.09,0.6302679910829508,0.6302679910829508,0.48239566505731235,True
confirmation-v1,case-006,PD_F,world-821027a686b841faa6791401e0aad5ae247277521cc4aa7dda2843c74de15a9d,physical_collision,5.535,True,False,True,3.7150000000000003,0.578625055091306,0.578625055091306,0.4854169621914488,True
confirmation-v1,case-007,A_BAL,world-d272f7ba29c653a92ba7a804bf0ddbdd579cbd22c5af2966ec306f0ca173cac8,physical_collision,6.0649999999999995,True,False,True,4.340000000000002,0.6360440051690732,0.6360440051690732,0.15608396466150248,False
confirmation-v1,case-007,F2,world-d272f7ba29c653a92ba7a804bf0ddbdd579cbd22c5af2966ec306f0ca173cac8,duration_complete,32.0,False,True,True,18.184999999999995,2.089907038256091,0.00035528282530195,0.0004233050853112493,False
confirmation-v1,case-007,PD_F,world-d272f7ba29c653a92ba7a804bf0ddbdd579cbd22c5af2966ec306f0ca173cac8,physical_collision,5.669999999999999,True,False,True,3.855000000000001,0.5847944700816894,0.5847944700816894,0.4843488709009395,False
confirmation-v1,case-008,A_BAL,world-efc9850e5fedd6ea7058272aecabdcb9dba818d03dfb61d2caae4ee1ca921247,physical_collision,6.41,True,False,True,4.23,0.8699169694345787,0.8573244542307387,0.2831149586384757,False
confirmation-v1,case-008,F2,world-efc9850e5fedd6ea7058272aecabdcb9dba818d03dfb61d2caae4ee1ca921247,physical_collision,21.829999999999995,True,False,True,11.769999999999996,3.341431536846863,0.7785762962078155,0.2884644871799538,False
confirmation-v1,case-008,PD_F,world-efc9850e5fedd6ea7058272aecabdcb9dba818d03dfb61d2caae4ee1ca921247,physical_collision,21.445,True,False,True,12.329999999999988,2.1626176804455923,0.3631340811344469,0.3852357401395093,False
confirmation-v1,case-009,A_BAL,world-5e63f3b7a5897d6093d637649a44cb3cb98c249425c6a2d0ab31c96182fa4cfb,physical_collision,6.17,True,False,True,3.855,0.7865298633553927,0.7865298633553927,0.10589932810296558,False
confirmation-v1,case-009,F2,world-5e63f3b7a5897d6093d637649a44cb3cb98c249425c6a2d0ab31c96182fa4cfb,duration_complete,32.0,False,True,True,16.894999999999996,2.1207467632388894,0.0014370435942561504,0.0015777100777688057,False
confirmation-v1,case-009,PD_F,world-5e63f3b7a5897d6093d637649a44cb3cb98c249425c6a2d0ab31c96182fa4cfb,physical_collision,21.704999999999995,True,False,True,12.130000000000003,2.186367771197147,0.4699466777433879,0.42109338109421696,False
confirmation-v1,case-010,A_BAL,world-6a627228902ea1260db21f64cf914f6eac6ed297df6d369b98266a5d5fa506df,duration_complete,32.0,False,True,True,19.574999999999996,2.449531199108436,0.0003854633917038014,0.00042343005554128433,True
confirmation-v1,case-010,F2,world-6a627228902ea1260db21f64cf914f6eac6ed297df6d369b98266a5d5fa506df,physical_collision,21.959999999999994,True,False,True,12.364999999999995,1.9567010829477527,0.8454385757460322,0.31092804594337076,True
confirmation-v1,case-010,PD_F,world-6a627228902ea1260db21f64cf914f6eac6ed297df6d369b98266a5d5fa506df,physical_collision,21.514999999999993,True,False,True,12.479999999999997,1.975102418540755,0.3827476648515749,0.38419154932716926,True
confirmation-v1,case-011,A_BAL,world-0c0c1de27512fba6de0cef89c7da107ec218028e12d317f3b037e44b3d951f1c,physical_collision,22.219999999999995,True,False,True,13.79999999999999,2.235753675495609,0.9808199841287628,0.27604048245920143,False
confirmation-v1,case-011,F2,world-0c0c1de27512fba6de0cef89c7da107ec218028e12d317f3b037e44b3d951f1c,duration_complete,32.0,False,True,True,17.755000000000003,2.29957818521488,0.00031045426952821766,0.0003676736814839528,False
confirmation-v1,case-011,PD_F,world-0c0c1de27512fba6de0cef89c7da107ec218028e12d317f3b037e44b3d951f1c,physical_collision,5.61,True,False,True,3.9050000000000002,0.5909002532660762,0.5909002532660762,0.4728343920676093,False
confirmation-v1,case-012,A_BAL,world-256bc071caaf162fcd1c12582a656931acbb69c7515a0d8661996308215f6ea8,duration_complete,32.0,False,True,True,20.365,2.265037368035073,0.00019647526739519327,0.0002227257612581304,True
confirmation-v1,case-012,F2,world-256bc071caaf162fcd1c12582a656931acbb69c7515a0d8661996308215f6ea8,physical_collision,5.679999999999999,True,False,True,4.314999999999999,0.615908353182023,0.615908353182023,0.46275518638238217,True
confirmation-v1,case-012,PD_F,world-256bc071caaf162fcd1c12582a656931acbb69c7515a0d8661996308215f6ea8,physical_collision,21.949999999999996,True,False,True,12.809999999999992,1.9951100985928178,0.360213480739641,0.38412154003685745,True
confirmation-v1,case-013,A_BAL,world-a1e2a1e6c59733ce4eda2366e0198767a591f4eed2c16674e52199cf03efbb7a,duration_complete,32.0,False,True,True,20.24,2.0432148351520674,0.00032002513480090176,0.0003508952617847703,False
confirmation-v1,case-013,F2,world-a1e2a1e6c59733ce4eda2366e0198767a591f4eed2c16674e52199cf03efbb7a,duration_complete,32.0,False,True,True,17.870000000000005,2.435790768839518,0.00032014530006471773,0.0003539942357673606,False
confirmation-v1,case-013,PD_F,world-a1e2a1e6c59733ce4eda2366e0198767a591f4eed2c16674e52199cf03efbb7a,physical_collision,5.565,True,False,True,3.834999999999999,0.5756592448791885,0.5756592448791885,0.47445989661087795,False
confirmation-v1,case-014,A_BAL,world-b81ee86758ea58579f51d07ce42e751cfb147ea1899c81147d5ed8af7a582374,duration_complete,32.0,False,True,True,20.144999999999996,2.317507736399399,0.0004631999674139549,0.0005031068160956914,False
confirmation-v1,case-014,F2,world-b81ee86758ea58579f51d07ce42e751cfb147ea1899c81147d5ed8af7a582374,duration_complete,32.0,False,True,True,18.11,2.050363115771343,0.000718132453724373,0.0008001351105131922,False
confirmation-v1,case-014,PD_F,world-b81ee86758ea58579f51d07ce42e751cfb147ea1899c81147d5ed8af7a582374,physical_collision,22.019999999999996,True,False,True,12.27499999999999,2.1245140845570125,0.40546764781537586,0.38677992039987197,False
confirmation-v1,case-015,A_BAL,world-ac2701c8d7c905201ef2b3ea31958eec62da2eca1263f159c4e07413a2bff169,physical_collision,6.465,True,False,True,4.24,0.7722119846736794,0.7722119846736794,0.10784392453066978,False
confirmation-v1,case-015,F2,world-ac2701c8d7c905201ef2b3ea31958eec62da2eca1263f159c4e07413a2bff169,physical_collision,5.829999999999999,True,False,True,4.4,0.6039791400610683,0.6039791400610683,0.46303197804064783,False
confirmation-v1,case-015,PD_F,world-ac2701c8d7c905201ef2b3ea31958eec62da2eca1263f159c4e07413a2bff169,physical_collision,22.29,True,False,True,12.359999999999994,2.2465321141596624,0.7151536081428317,0.41282776336569127,False
