id,case,method,learner_numerics,qp_numerics,outcome,waypoints,physical_seconds,online_updates,hold_timing_covered,controller_decisions,qp_accepted,raw_policy_rejections,solver_feasible_but_raw_row_fails,executed_raw_row_min_for_solver_feasible,held_rejections,source_summary
harm__PD_F__matched__legacy,harm,PD_F,matched,legacy,safe_task,2,14.0,0,True,350,348,2,3,-2.3543834686279297e-06,0,/home/tk/Desktop/mycode/crazyflow/artifacts/da_plcbf/numerical-stabilization-20260906/v1/development-36-v3/harm__PD_F__matched__legacy/attempt-00/summary.json
harm__F2__matched__legacy,harm,F2,matched,legacy,safe_task,2,14.0,0,True,350,347,3,2,-2.86102294921875e-06,0,/home/tk/Desktop/mycode/crazyflow/artifacts/da_plcbf/numerical-stabilization-20260906/v1/development-36-v3/harm__F2__matched__legacy/attempt-00/summary.json
harm__A_BAL__legacy__legacy,harm,A_BAL,legacy,legacy,collision,0,4.45,111,True,112,93,0,1,-2.2649765014648438e-06,5,/home/tk/Desktop/mycode/crazyflow/artifacts/da_plcbf/numerical-stabilization-20260906/v1/development-36-v3/harm__A_BAL__legacy__legacy/attempt-00/summary.json
harm__A_BAL__matched__legacy,harm,A_BAL,matched,legacy,collision,0,4.45,111,True,112,93,0,0,-1.8477439880371094e-06,5,/home/tk/Desktop/mycode/crazyflow/artifacts/da_plcbf/numerical-stabilization-20260906/v1/development-36-v3/harm__A_BAL__matched__legacy/attempt-00/summary.json
harm__ONSET_FREEZE__legacy__legacy,harm,ONSET_FREEZE,legacy,legacy,safe_task,2,14.0,50,True,350,347,3,5,-3.069639205932617e-06,0,/home/tk/Desktop/mycode/crazyflow/artifacts/da_plcbf/numerical-stabilization-20260906/v1/development-36-v3/harm__ONSET_FREEZE__legacy__legacy/attempt-00/summary.json
harm__ONSET_FREEZE__matched__legacy,harm,ONSET_FREEZE,matched,legacy,safe_task,2,14.0,50,True,350,348,2,2,-4.112720489501953e-06,0,/home/tk/Desktop/mycode/crazyflow/artifacts/da_plcbf/numerical-stabilization-20260906/v1/development-36-v3/harm__ONSET_FREEZE__matched__legacy/attempt-00/summary.json
harm__PD_F__matched__inward,harm,PD_F,matched,inward,collision,0,5.744999999999999,0,True,144,117,0,0,1.0728836059570312e-05,5,/home/tk/Desktop/mycode/crazyflow/artifacts/da_plcbf/numerical-stabilization-20260906/v1/development-36-v3/harm__PD_F__matched__inward/attempt-00/summary.json
harm__F2__matched__inward,harm,F2,matched,inward,safe_task,2,14.0,0,True,350,315,7,0,1.817941665649414e-06,28,/home/tk/Desktop/mycode/crazyflow/artifacts/da_plcbf/numerical-stabilization-20260906/v1/development-36-v3/harm__F2__matched__inward/attempt-00/summary.json
harm__A_BAL__legacy__inward,harm,A_BAL,legacy,inward,collision,0,4.45,111,True,112,93,0,0,9.894371032714844e-06,5,/home/tk/Desktop/mycode/crazyflow/artifacts/da_plcbf/numerical-stabilization-20260906/v1/development-36-v3/harm__A_BAL__legacy__inward/attempt-00/summary.json
harm__A_BAL__matched__inward,harm,A_BAL,matched,inward,collision,0,4.45,111,True,112,93,0,0,1.0013580322265625e-05,5,/home/tk/Desktop/mycode/crazyflow/artifacts/da_plcbf/numerical-stabilization-20260906/v1/development-36-v3/harm__A_BAL__matched__inward/attempt-00/summary.json
harm__ONSET_FREEZE__legacy__inward,harm,ONSET_FREEZE,legacy,inward,safe_task,2,14.0,50,True,350,350,0,0,8.605420589447021e-07,0,/home/tk/Desktop/mycode/crazyflow/artifacts/da_plcbf/numerical-stabilization-20260906/v1/development-36-v3/harm__ONSET_FREEZE__legacy__inward/attempt-00/summary.json
harm__ONSET_FREEZE__matched__inward,harm,ONSET_FREEZE,matched,inward,safe_task,2,14.0,50,True,350,350,0,0,8.23289155960083e-07,0,/home/tk/Desktop/mycode/crazyflow/artifacts/da_plcbf/numerical-stabilization-20260906/v1/development-36-v3/harm__ONSET_FREEZE__matched__inward/attempt-00/summary.json
gain__PD_F__matched__legacy,gain,PD_F,matched,legacy,safe_task,4,24.0,0,True,600,592,8,9,-9.5367431640625e-06,0,/home/tk/Desktop/mycode/crazyflow/artifacts/da_plcbf/numerical-stabilization-20260906/v1/development-36-v3/gain__PD_F__matched__legacy/attempt-00/summary.json
gain__F2__matched__legacy,gain,F2,matched,legacy,safe_task,4,24.0,0,True,600,597,3,5,-5.841255187988281e-06,0,/home/tk/Desktop/mycode/crazyflow/artifacts/da_plcbf/numerical-stabilization-20260906/v1/development-36-v3/gain__F2__matched__legacy/attempt-00/summary.json
gain__A_BAL__legacy__legacy,gain,A_BAL,legacy,legacy,safe_task,4,24.0,599,True,600,598,2,2,-2.2649765014648438e-06,0,/home/tk/Desktop/mycode/crazyflow/artifacts/da_plcbf/numerical-stabilization-20260906/v1/development-36-v3/gain__A_BAL__legacy__legacy/attempt-00/summary.json
gain__A_BAL__matched__legacy,gain,A_BAL,matched,legacy,safe_task,4,24.0,599,True,600,596,4,6,-1.1444091796875e-05,0,/home/tk/Desktop/mycode/crazyflow/artifacts/da_plcbf/numerical-stabilization-20260906/v1/development-36-v3/gain__A_BAL__matched__legacy/attempt-00/summary.json
gain__ONSET_FREEZE__legacy__legacy,gain,ONSET_FREEZE,legacy,legacy,collision,3,15.375000000000002,50,True,385,355,16,7,-5.7220458984375e-06,9,/home/tk/Desktop/mycode/crazyflow/artifacts/da_plcbf/numerical-stabilization-20260906/v1/development-36-v3/gain__ONSET_FREEZE__legacy__legacy/attempt-00/summary.json
gain__ONSET_FREEZE__matched__legacy,gain,ONSET_FREEZE,matched,legacy,safe_task,4,24.0,50,True,600,599,1,6,-5.7220458984375e-06,0,/home/tk/Desktop/mycode/crazyflow/artifacts/da_plcbf/numerical-stabilization-20260906/v1/development-36-v3/gain__ONSET_FREEZE__matched__legacy/attempt-00/summary.json
gain__PD_F__matched__inward,gain,PD_F,matched,inward,collision,3,21.534999999999997,0,True,539,522,3,0,5.364418029785156e-07,4,/home/tk/Desktop/mycode/crazyflow/artifacts/da_plcbf/numerical-stabilization-20260906/v1/development-36-v3/gain__PD_F__matched__inward/attempt-00/summary.json
gain__F2__matched__inward,gain,F2,matched,inward,collision,3,15.410000000000002,0,True,386,376,10,0,3.2782554626464844e-07,10,/home/tk/Desktop/mycode/crazyflow/artifacts/da_plcbf/numerical-stabilization-20260906/v1/development-36-v3/gain__F2__matched__inward/attempt-00/summary.json
gain__A_BAL__legacy__inward,gain,A_BAL,legacy,inward,safe_task,4,24.0,599,True,600,600,0,0,1.2665987014770508e-06,0,/home/tk/Desktop/mycode/crazyflow/artifacts/da_plcbf/numerical-stabilization-20260906/v1/development-36-v3/gain__A_BAL__legacy__inward/attempt-00/summary.json
gain__A_BAL__matched__inward,gain,A_BAL,matched,inward,safe_task,4,24.0,599,True,600,600,0,0,1.2516975402832031e-06,0,/home/tk/Desktop/mycode/crazyflow/artifacts/da_plcbf/numerical-stabilization-20260906/v1/development-36-v3/gain__A_BAL__matched__inward/attempt-00/summary.json
gain__ONSET_FREEZE__legacy__inward,gain,ONSET_FREEZE,legacy,inward,collision,3,15.085,50,True,378,370,8,0,7.152557373046875e-07,8,/home/tk/Desktop/mycode/crazyflow/artifacts/da_plcbf/numerical-stabilization-20260906/v1/development-36-v3/gain__ONSET_FREEZE__legacy__inward/attempt-00/summary.json
gain__ONSET_FREEZE__matched__inward,gain,ONSET_FREEZE,matched,inward,collision,3,15.245000000000001,50,True,382,373,9,0,3.129243850708008e-07,9,/home/tk/Desktop/mycode/crazyflow/artifacts/da_plcbf/numerical-stabilization-20260906/v1/development-36-v3/gain__ONSET_FREEZE__matched__inward/attempt-00/summary.json
no_change_regression__PD_F__matched__legacy,no_change_regression,PD_F,matched,legacy,safe_task,4,24.0,0,True,600,599,1,1,-2.6226043701171875e-06,0,/home/tk/Desktop/mycode/crazyflow/artifacts/da_plcbf/numerical-stabilization-20260906/v1/development-36-v3/no_change_regression__PD_F__matched__legacy/attempt-00/summary.json
no_change_regression__F2__matched__legacy,no_change_regression,F2,matched,legacy,collision,2,12.770000000000001,0,True,320,293,7,3,-3.814697265625e-06,9,/home/tk/Desktop/mycode/crazyflow/artifacts/da_plcbf/numerical-stabilization-20260906/v1/development-36-v3/no_change_regression__F2__matched__legacy/attempt-00/summary.json
no_change_regression__A_BAL__legacy__legacy,no_change_regression,A_BAL,legacy,legacy,collision,1,12.685,317,True,318,306,12,4,-5.0067901611328125e-06,8,/home/tk/Desktop/mycode/crazyflow/artifacts/da_plcbf/numerical-stabilization-20260906/v1/development-36-v3/no_change_regression__A_BAL__legacy__legacy/attempt-00/summary.json
no_change_regression__A_BAL__matched__legacy,no_change_regression,A_BAL,matched,legacy,safe_task,4,24.0,599,True,600,590,10,12,-6.9141387939453125e-06,0,/home/tk/Desktop/mycode/crazyflow/artifacts/da_plcbf/numerical-stabilization-20260906/v1/development-36-v3/no_change_regression__A_BAL__matched__legacy/attempt-00/summary.json
no_change_regression__ONSET_FREEZE__legacy__legacy,no_change_regression,ONSET_FREEZE,legacy,legacy,safe_task,4,24.0,50,True,600,597,3,6,-4.5299530029296875e-06,0,/home/tk/Desktop/mycode/crazyflow/artifacts/da_plcbf/numerical-stabilization-20260906/v1/development-36-v3/no_change_regression__ONSET_FREEZE__legacy__legacy/attempt-00/summary.json
no_change_regression__ONSET_FREEZE__matched__legacy,no_change_regression,ONSET_FREEZE,matched,legacy,safe_task,4,24.0,50,True,600,596,4,10,-5.7220458984375e-06,0,/home/tk/Desktop/mycode/crazyflow/artifacts/da_plcbf/numerical-stabilization-20260906/v1/development-36-v3/no_change_regression__ONSET_FREEZE__matched__legacy/attempt-00/summary.json
no_change_regression__PD_F__matched__inward,no_change_regression,PD_F,matched,inward,collision,3,14.660000000000004,0,True,367,362,5,0,4.917383193969727e-07,5,/home/tk/Desktop/mycode/crazyflow/artifacts/da_plcbf/numerical-stabilization-20260906/v1/development-36-v3/no_change_regression__PD_F__matched__inward/attempt-00/summary.json
no_change_regression__F2__matched__inward,no_change_regression,F2,matched,inward,safe_task,4,24.0,0,True,600,600,0,0,1.7881393432617188e-07,0,/home/tk/Desktop/mycode/crazyflow/artifacts/da_plcbf/numerical-stabilization-20260906/v1/development-36-v3/no_change_regression__F2__matched__inward/attempt-00/summary.json
no_change_regression__A_BAL__legacy__inward,no_change_regression,A_BAL,legacy,inward,safe_task,4,24.0,599,True,600,600,0,0,4.6193599700927734e-07,0,/home/tk/Desktop/mycode/crazyflow/artifacts/da_plcbf/numerical-stabilization-20260906/v1/development-36-v3/no_change_regression__A_BAL__legacy__inward/attempt-00/summary.json
no_change_regression__A_BAL__matched__inward,no_change_regression,A_BAL,matched,inward,safe_task,4,24.0,599,True,600,600,0,0,3.8743019104003906e-07,0,/home/tk/Desktop/mycode/crazyflow/artifacts/da_plcbf/numerical-stabilization-20260906/v1/development-36-v3/no_change_regression__A_BAL__matched__inward/attempt-00/summary.json
no_change_regression__ONSET_FREEZE__legacy__inward,no_change_regression,ONSET_FREEZE,legacy,inward,collision,2,14.56,50,True,364,345,0,0,5.960464477539062e-07,6,/home/tk/Desktop/mycode/crazyflow/artifacts/da_plcbf/numerical-stabilization-20260906/v1/development-36-v3/no_change_regression__ONSET_FREEZE__legacy__inward/attempt-00/summary.json
no_change_regression__ONSET_FREEZE__matched__inward,no_change_regression,ONSET_FREEZE,matched,inward,safe_task,4,24.0,50,True,600,600,0,0,4.023313522338867e-07,0,/home/tk/Desktop/mycode/crazyflow/artifacts/da_plcbf/numerical-stabilization-20260906/v1/development-36-v3/no_change_regression__ONSET_FREEZE__matched__inward/attempt-00/summary.json
