actual_and_estimated_wind_match_recorded_schedule,all_controls_have_checked_backup,binding_sha256,case_method,controls_sha256,directory,end_time,executed_backup_controls,finite_credited_updates,first_backup_execution,first_unchecked_control,held_timing_covered,method,operational_pass,preflight_updates,safe_task,stage,stored_tail_controls,termination,unchecked_controls,waypoints,waypoints_total
,True,8f9aa0d5334d6050cbf16952d5b904e3698272a27a7e1af2be61f0552c92d970,gain-A_BAL,3970f1a32c447c5bd5f397e66054794c7fcd1c4f5731fd94a2a336ce9d88f661,artifacts/da_plcbf/recovery-interaction-20260907/v1/guard-fixed-v1/gain-A_BAL/attempt-00,24.0,0,599,,,True,A_BAL,True,,True,guard-fixed-v1,,duration_complete,0,4,4
,True,fe27e77b568071cbc0a938b1a78fea2358fc1c854158b83a617d93bbcb051ba3,gain-F2,f29c1ab68eec36a8075d9485d15a85578d02109c4e1a260e8368913bf657c3a2,artifacts/da_plcbf/recovery-interaction-20260907/v1/guard-fixed-v1/gain-F2/attempt-00,24.0,10,0,14.8,,True,F2,True,,True,guard-fixed-v1,,duration_complete,0,4,4
,True,8cebc8f7f4adeca356f605615ad16b79ec4eeab218c3a5b090fdf20c145aca21,gain-ONSET_FREEZE,de58aea5e4e2dde4a668bf6fe51c11534e8e88fd8a248ab3c28c4aa04bcd37f6,artifacts/da_plcbf/recovery-interaction-20260907/v1/guard-fixed-v1/gain-ONSET_FREEZE/attempt-00,24.0,10,50,14.76,,True,A_BAL,True,,True,guard-fixed-v1,,duration_complete,0,4,4
,False,b984df6044b4a2d492d68a096c5fedda767d3b4438e39686615a3fd7c7f86679,gain-PD_F,d43d6c16b411bc354d903472bd73d10892450b264481dc85b1f7e81e6203087f,artifacts/da_plcbf/recovery-interaction-20260907/v1/guard-fixed-v1/gain-PD_F/attempt-00,24.0,0,0,,1.36,True,PD_F,True,,False,guard-fixed-v1,,duration_complete,19,3,4
,True,8eac2709ee74b9fd3006cf75696d7af338a909101804b27c8f0a44e92d20c579,harm-A_BAL,42f6d7c2b09025920d4d9cf57e7ebc982a0f65c24e1cc0e2a58ac7022e72049d,artifacts/da_plcbf/recovery-interaction-20260907/v1/guard-fixed-v1/harm-A_BAL/attempt-00,14.0,7,349,3.68,,True,A_BAL,True,,True,guard-fixed-v1,,duration_complete,0,2,2
,True,07c2cb92f605a80558344ce0aac8277b2eb68b042a1531619179f22b7015e938,harm-F2,0b0380387c7c085271d6ad62e4a1a83badbe88e4059c4a13eeaabab42e28fb5f,artifacts/da_plcbf/recovery-interaction-20260907/v1/guard-fixed-v1/harm-F2/attempt-00,14.0,12,0,5.08,,True,F2,True,,True,guard-fixed-v1,,duration_complete,0,2,2
,True,a9cb170b6ea7e7e9c11201b4e9e684eee3050334a1a33bea4ac3791aea050917,harm-ONSET_FREEZE,9894b1890a8eba732a8e2704228663f926095b679fa24c66c3da7e901bd4ffc2,artifacts/da_plcbf/recovery-interaction-20260907/v1/guard-fixed-v1/harm-ONSET_FREEZE/attempt-00,14.0,0,50,,,True,A_BAL,True,,True,guard-fixed-v1,,duration_complete,0,2,2
,False,544d1565fcc2f2ec60d687a0c1becec6f5a0a115a0ef399dc9867df35cccb6a0,harm-PD_F,51c9c32ef42b7aaf1574aad5b978683c5cd2d9ae185579a113ef5b4407b808eb,artifacts/da_plcbf/recovery-interaction-20260907/v1/guard-fixed-v1/harm-PD_F/attempt-00,14.0,4,0,4.68,6.04,True,PD_F,True,,True,guard-fixed-v1,,duration_complete,1,2,2
,True,6a426b7e6be5fdc925ffc380e0151253caf34a8fae1428564b640d208cd04979,no_change_regression-A_BAL,d7e2130668fb1d309d501480ffaab0370b440331b49c5498a0f5ddfcdc448315,artifacts/da_plcbf/recovery-interaction-20260907/v1/guard-fixed-v1/no_change_regression-A_BAL/attempt-00,24.0,0,599,,,True,A_BAL,True,,True,guard-fixed-v1,,duration_complete,0,4,4
,True,7ca0674a8844d849a96bc435e3967dc2cd0eb4a003f8cac3bc005d707fdc613e,no_change_regression-F2,419aa73a3232e72ff751772e64094e0d8242d2fc51e1153d499d6ae4818330dd,artifacts/da_plcbf/recovery-interaction-20260907/v1/guard-fixed-v1/no_change_regression-F2/attempt-00,24.0,0,0,,,True,F2,True,,True,guard-fixed-v1,,duration_complete,0,4,4
,False,9aa8558d01c8e7e58a4a805670f1bb98b48139261ea02636314a67e1a6ecbe82,no_change_regression-ONSET_FREEZE,ddaeb5508372f4e5e7ef7dfcf66bfddc7c02172e0b72b9e51a30e167b05e5190,artifacts/da_plcbf/recovery-interaction-20260907/v1/guard-fixed-v1/no_change_regression-ONSET_FREEZE/attempt-00,12.585000000000004,1,50,11.48,11.56,True,A_BAL,True,,False,guard-fixed-v1,,physical_collision,26,2,4
,False,83fd5558818ba8ebde82a61eb2e659184e38f23e0a6f0f8bccf6cd73eb8b4c65,no_change_regression-PD_F,8a9c77a685d4ef554e557c0bbb382be88f308e02e3a375adecb123245b778532,artifacts/da_plcbf/recovery-interaction-20260907/v1/guard-fixed-v1/no_change_regression-PD_F/attempt-00,24.0,8,0,14.6,1.36,True,PD_F,False,,False,guard-fixed-v1,,duration_complete,17,4,4
,True,c0c7cab020d2c35080f7e051e4323587c9df2752e361442babe513a5eeeedfe4,gain-A_BAL,adca35b2d2f4f7ba7acc50baeccf20dec98bcd10a4c13c47d2bc428294dfeaf4,artifacts/da_plcbf/recovery-interaction-20260907/v1/guard-fixed-v2/gain-A_BAL/attempt-00,24.0,0,599,,,True,A_BAL,True,,True,guard-fixed-v2,0,duration_complete,0,4,4
,True,888e69c294fbb06098ff0e8381e3c84604d95986e7b051855c82f93981fac95b,gain-F2,ac2d06fb9aa1429141398055e51c827eccd093666d88b0f2c6af96415c1599c3,artifacts/da_plcbf/recovery-interaction-20260907/v1/guard-fixed-v2/gain-F2/attempt-00,24.0,10,0,14.8,,True,F2,True,,True,guard-fixed-v2,0,duration_complete,0,4,4
,True,ba384a9d9fbad343188b0cc31e10fd6e1710cebdff11a5b1c78a9e0311c28157,gain-ONSET_FREEZE,446d69a6dc7e4b6fb19b70dccd9970436d92e7e5f5ff45f3786f68d6e02bdbd0,artifacts/da_plcbf/recovery-interaction-20260907/v1/guard-fixed-v2/gain-ONSET_FREEZE/attempt-00,24.0,10,50,14.76,,True,A_BAL,True,,True,guard-fixed-v2,0,duration_complete,0,4,4
,False,11acff4f77e99c33432efb5ff3af5150c8d288198bf9b736ec16082a49102c2e,gain-PD_F,650aabee3a7ad72b5b2d40186fae3e3c89b98298e27b389d9a255ebb1a839ee6,artifacts/da_plcbf/recovery-interaction-20260907/v1/guard-fixed-v2/gain-PD_F/attempt-00,2.5749999999999997,16,0,1.36,2.0,True,PD_F,True,,False,guard-fixed-v2,16,physical_collision,15,0,4
,True,08d9825eb466c06782339c89cb9aece113c5b8ee486224255ac50c2985195a60,harm-A_BAL,88283c406b2d09d8ca988bd9a2a3eb78f00cfaaf12f75c1ed7b3074b00ed2551,artifacts/da_plcbf/recovery-interaction-20260907/v1/guard-fixed-v2/harm-A_BAL/attempt-00,14.0,7,349,3.68,,True,A_BAL,True,,True,guard-fixed-v2,0,duration_complete,0,2,2
,True,d6ed1a07b4b6b2b3c9947acf040d322c7296f0dcb05e93937552931500b92ad3,harm-F2,1fecbbc99309b978daaa4cff7e6666ef0d8eebb4a981dc717262c9797682f9ca,artifacts/da_plcbf/recovery-interaction-20260907/v1/guard-fixed-v2/harm-F2/attempt-00,14.0,12,0,5.08,,True,F2,True,,True,guard-fixed-v2,0,duration_complete,0,2,2
,True,7b6f85e4b31017cc8c6cdf2a1df9781e210a6a714d9f67cbbfa345909c54ad3e,harm-ONSET_FREEZE,0e20706109c154b4498022eeb1536a192ceaa0bc2826f2b10ff709dfe0dbc99c,artifacts/da_plcbf/recovery-interaction-20260907/v1/guard-fixed-v2/harm-ONSET_FREEZE/attempt-00,14.0,0,50,,,True,A_BAL,True,,True,guard-fixed-v2,0,duration_complete,0,2,2
,True,cfd5914df3d19a3d5df5446894c29326f4857daf03a5e3f99bd9b1779bcd6a01,harm-PD_F,03ca5fe8147f94d5ce194b3bd8098d7ad5e2a9cbafc1108168cb57d882219144,artifacts/da_plcbf/recovery-interaction-20260907/v1/guard-fixed-v2/harm-PD_F/attempt-00,14.0,2,0,4.68,,True,PD_F,True,,True,guard-fixed-v2,1,duration_complete,0,2,2
,True,9aff06aaf797ca45c373ed7116e42a79446af8fe26a20e8b718c28d13e23c74b,no_change_regression-A_BAL,116a894e46fe055579a9d2dda1e72cb47279e6464e184155ae7678dcabe6788c,artifacts/da_plcbf/recovery-interaction-20260907/v1/guard-fixed-v2/no_change_regression-A_BAL/attempt-00,24.0,0,599,,,True,A_BAL,True,,True,guard-fixed-v2,0,duration_complete,0,4,4
,True,233d5c5e1f14a77f2864d92ce654647edfd8888a4abf67e23a28aa3612755412,no_change_regression-F2,edfcbad792f7ce0092e3a2cd30677506bf3f24f68e7be38afc76dfce1af72ca2,artifacts/da_plcbf/recovery-interaction-20260907/v1/guard-fixed-v2/no_change_regression-F2/attempt-00,24.0,0,0,,,True,F2,True,,True,guard-fixed-v2,0,duration_complete,0,4,4
,True,9cadf29aa846da439bdef581431f01552088208cebe4aa16590a4afed13b7e87,no_change_regression-ONSET_FREEZE,da556d18e9a4658a73a16e77863dd5afa03a5fea1ebabe63f758f29b5555ca3a,artifacts/da_plcbf/recovery-interaction-20260907/v1/guard-fixed-v2/no_change_regression-ONSET_FREEZE/attempt-00,24.0,41,50,11.44,,True,A_BAL,True,,True,guard-fixed-v2,8,duration_complete,0,4,4
,False,b69cbb3b1b2154807fab38e2f294e2f14bf1e4f71784666298e1abff9e6a2c86,no_change_regression-PD_F,964bc1f525b243c943e4f637a94c756bce8c4f8d2b9d922e57398e7faeafaba7,artifacts/da_plcbf/recovery-interaction-20260907/v1/guard-fixed-v2/no_change_regression-PD_F/attempt-00,2.65,29,0,1.36,2.52,True,PD_F,True,,False,guard-fixed-v2,29,physical_collision,4,0,4
True,True,6a0fa6081031f9ef9765802d54c61ab20a31fc247839e9e11ea7ec86b1895393,A_BAL,6478167b2a7a2cd9bcf55338caabb14c4fd10cf0d637434b556b4397537ceea0,artifacts/da_plcbf/recovery-interaction-20260907/v1/wind-demo-v1/A_BAL/attempt-00,43.0,0,1074,,,True,A_BAL,True,474,True,wind-demo-v1,0,duration_complete,0,4,4
True,True,52fb3648147b23ac847541564d3f43e54cdbf94a0a1c7f581d2915b9b9eedc0c,F2,84a1e82b0bbfd21d4306b8c73f27765b3d7c2f909aa0f5b1c80b64c8a6cdc1bb,artifacts/da_plcbf/recovery-interaction-20260907/v1/wind-demo-v1/F2/attempt-00,43.0,0,0,,,True,F2,True,0,True,wind-demo-v1,0,duration_complete,0,4,4
True,False,aaf7cea45e7f6491ad2100b093419f634f08037ff7945c07cdecdc8c9d1d104b,PD_F,220e2c0a012a8a7367014306570d9d0c2c58e4c29d1cb72809fddaa13bcffd8d,artifacts/da_plcbf/recovery-interaction-20260907/v1/wind-demo-v1/PD_F/attempt-00,21.77,30,0,20.44,21.64,True,PD_F,True,0,False,wind-demo-v1,29,physical_collision,4,0,4
