available_after_seconds,common_grid,library_version,maximum,method,metric,minimum,operational_pass,seed,statistic,tracking_and_braking_pass,updates,value
0.0,True,128,,A,position_rmse_max_m,,False,11,,False,0,0.7939409017562866
0.0,True,128,,A,terminal_speed_max_mps,,False,11,,False,0,1.5299726724624634
0.0,True,128,,A,velocity_rmse_max_mps,,False,11,,False,0,1.1976035833358765
0.038167627062648535,False,130,,A,position_rmse_max_m,,False,11,,False,2,0.7858411073684692
0.038167627062648535,False,130,,A,terminal_speed_max_mps,,False,11,,False,2,1.4972399473190308
0.038167627062648535,False,130,,A,velocity_rmse_max_mps,,False,11,,False,2,1.1835881471633911
0.07813565386459231,False,132,,A,position_rmse_max_m,,False,11,,False,4,0.7741422653198242
0.07813565386459231,False,132,,A,terminal_speed_max_mps,,False,11,,False,4,1.4543412923812866
0.07813565386459231,False,132,,A,velocity_rmse_max_mps,,False,11,,False,4,1.1635191440582275
0.15518074575811625,False,136,,A,position_rmse_max_m,,False,11,,False,8,0.7383100390434265
0.15518074575811625,False,136,,A,terminal_speed_max_mps,,False,11,,False,8,1.3580951690673828
0.15518074575811625,False,136,,A,velocity_rmse_max_mps,,False,11,,False,8,1.1012738943099976
0.30724730575457215,True,144,,A,position_rmse_max_m,,False,11,,False,16,0.6377554535865784
0.30724730575457215,True,144,,A,terminal_speed_max_mps,,False,11,,False,16,1.1076200008392334
0.30724730575457215,True,144,,A,velocity_rmse_max_mps,,False,11,,False,16,0.9323269128799438
0.6080566477030516,True,160,,A,position_rmse_max_m,,True,11,,False,32,0.4694264829158783
0.6080566477030516,True,160,,A,terminal_speed_max_mps,,True,11,,False,32,0.984011173248291
0.6080566477030516,True,160,,A,velocity_rmse_max_mps,,True,11,,False,32,0.6639732122421265
0.6267464249394834,False,161,,A,position_rmse_max_m,,True,11,,False,33,0.4647587537765503
0.6267464249394834,False,161,,A,terminal_speed_max_mps,,True,11,,False,33,0.9944959282875061
0.6267464249394834,False,161,,A,velocity_rmse_max_mps,,True,11,,False,33,0.6567350625991821
0.9054227387532592,True,176,,A,position_rmse_max_m,,True,11,,False,48,0.42863723635673523
0.9054227387532592,True,176,,A,terminal_speed_max_mps,,True,11,,False,48,1.0606962442398071
0.9054227387532592,True,176,,A,velocity_rmse_max_mps,,True,11,,False,48,0.6013332009315491
1.1840564319863915,False,191,,A,position_rmse_max_m,,True,11,,False,63,0.41245540976524353
1.1840564319863915,False,191,,A,terminal_speed_max_mps,,True,11,,False,63,1.0580615997314453
1.1840564319863915,False,191,,A,velocity_rmse_max_mps,,True,11,,False,63,0.5770571827888489
1.2026885757222772,True,192,,A,position_rmse_max_m,,True,11,,False,64,0.41158202290534973
1.2026885757222772,True,192,,A,terminal_speed_max_mps,,True,11,,False,64,1.0571423768997192
1.2026885757222772,True,192,,A,velocity_rmse_max_mps,,True,11,,False,64,0.5757609605789185
1.500534180086106,True,208,,A,position_rmse_max_m,,True,11,,False,80,0.39852461218833923
1.500534180086106,True,208,,A,terminal_speed_max_mps,,True,11,,False,80,1.038323998451233
1.500534180086106,True,208,,A,velocity_rmse_max_mps,,True,11,,False,80,0.5565078258514404
1.7946899509988725,True,224,,A,position_rmse_max_m,,True,11,,False,96,0.38649603724479675
1.7946899509988725,True,224,,A,terminal_speed_max_mps,,True,11,,False,96,1.0173643827438354
1.7946899509988725,True,224,,A,velocity_rmse_max_mps,,True,11,,False,96,0.5389598608016968
2.073665631003678,True,240,,A,position_rmse_max_m,,True,11,,False,112,0.37690263986587524
2.073665631003678,True,240,,A,terminal_speed_max_mps,,True,11,,False,112,0.9997857809066772
2.073665631003678,True,240,,A,velocity_rmse_max_mps,,True,11,,False,112,0.5224577188491821
2.344146848656237,True,256,,A,position_rmse_max_m,,True,11,,False,128,0.37065207958221436
2.344146848656237,True,256,,A,terminal_speed_max_mps,,True,11,,False,128,0.9832994341850281
2.344146848656237,True,256,,A,velocity_rmse_max_mps,,True,11,,False,128,0.5071485638618469
,True,,,F2,position_rmse_max_m,,False,11,,False,0,0.7939409017562866
,True,,,F2,terminal_speed_max_mps,,False,11,,False,0,1.5299726724624634
,True,,,F2,velocity_rmse_max_mps,,False,11,,False,0,1.1976035833358765
,True,,,DR,position_rmse_max_m,,True,11,,False,0,0.5217113494873047
,True,,,DR,terminal_speed_max_mps,,True,11,,False,0,1.0014210939407349
,True,,,DR,velocity_rmse_max_mps,,True,11,,False,0,0.7584063410758972
0.0,True,128,,A,position_rmse_max_m,,False,23,,False,0,0.7971785664558411
0.0,True,128,,A,terminal_speed_max_mps,,False,23,,False,0,1.5466240644454956
0.0,True,128,,A,velocity_rmse_max_mps,,False,23,,False,0,1.2016078233718872
0.03665536176413298,False,130,,A,position_rmse_max_m,,False,23,,False,2,0.789336085319519
0.03665536176413298,False,130,,A,terminal_speed_max_mps,,False,23,,False,2,1.5124449729919434
0.03665536176413298,False,130,,A,velocity_rmse_max_mps,,False,23,,False,2,1.1884876489639282
0.0767708900384605,False,132,,A,position_rmse_max_m,,False,23,,False,4,0.7749954462051392
0.0767708900384605,False,132,,A,terminal_speed_max_mps,,False,23,,False,4,1.465850591659546
0.0767708900384605,False,132,,A,velocity_rmse_max_mps,,False,23,,False,4,1.1637569665908813
0.1559337736107409,False,136,,A,position_rmse_max_m,,False,23,,False,8,0.7336689829826355
0.1559337736107409,False,136,,A,terminal_speed_max_mps,,False,23,,False,8,1.3615103960037231
0.1559337736107409,False,136,,A,velocity_rmse_max_mps,,False,23,,False,8,1.0919324159622192
0.3083363166078925,True,144,,A,position_rmse_max_m,,False,23,,False,16,0.6339345574378967
0.3083363166078925,True,144,,A,terminal_speed_max_mps,,False,23,,False,16,1.1082454919815063
0.3083363166078925,True,144,,A,velocity_rmse_max_mps,,False,23,,False,16,0.9247250556945801
0.6112472340464592,True,160,,A,position_rmse_max_m,,True,23,,False,32,0.4706222414970398
0.6112472340464592,True,160,,A,terminal_speed_max_mps,,True,23,,False,32,1.0235176086425781
0.6112472340464592,True,160,,A,velocity_rmse_max_mps,,True,23,,False,32,0.6650815606117249
0.6300903130322695,False,161,,A,position_rmse_max_m,,True,23,,False,33,0.46612924337387085
0.6300903130322695,False,161,,A,terminal_speed_max_mps,,True,23,,False,33,1.0301803350448608
0.6300903130322695,False,161,,A,velocity_rmse_max_mps,,True,23,,False,33,0.6581546068191528
0.9120240919291973,True,176,,A,position_rmse_max_m,,True,23,,False,48,0.4314189851284027
0.9120240919291973,True,176,,A,terminal_speed_max_mps,,True,23,,False,48,1.0652364492416382
0.9120240919291973,True,176,,A,velocity_rmse_max_mps,,True,23,,False,48,0.605168342590332
1.193607426714152,False,191,,A,position_rmse_max_m,,True,23,,False,63,0.41577398777008057
1.193607426714152,False,191,,A,terminal_speed_max_mps,,True,23,,False,63,1.0518172979354858
1.193607426714152,False,191,,A,velocity_rmse_max_mps,,True,23,,False,63,0.581762433052063
1.2122373250313103,True,192,,A,position_rmse_max_m,,True,23,,False,64,0.4149143099784851
1.2122373250313103,True,192,,A,terminal_speed_max_mps,,True,23,,False,64,1.0504040718078613
1.2122373250313103,True,192,,A,velocity_rmse_max_mps,,True,23,,False,64,0.5804899334907532
1.5124837597832084,True,208,,A,position_rmse_max_m,,True,23,,False,80,0.40152600407600403
1.5124837597832084,True,208,,A,terminal_speed_max_mps,,True,23,,False,80,1.027646780014038
1.5124837597832084,True,208,,A,velocity_rmse_max_mps,,True,23,,False,80,0.5607258081436157
1.8088285746052861,True,224,,A,position_rmse_max_m,,True,23,,False,96,0.3883071541786194
1.8088285746052861,True,224,,A,terminal_speed_max_mps,,True,23,,False,96,1.0081281661987305
1.8088285746052861,True,224,,A,velocity_rmse_max_mps,,True,23,,False,96,0.5413638949394226
2.106158749666065,True,240,,A,position_rmse_max_m,,True,23,,False,112,0.3760140836238861
2.106158749666065,True,240,,A,terminal_speed_max_mps,,True,23,,False,112,0.993144690990448
2.106158749666065,True,240,,A,velocity_rmse_max_mps,,True,23,,False,112,0.523547887802124
2.4041795399971306,True,256,,A,position_rmse_max_m,,True,23,,False,128,0.3661630153656006
2.4041795399971306,True,256,,A,terminal_speed_max_mps,,True,23,,False,128,0.976219117641449
2.4041795399971306,True,256,,A,velocity_rmse_max_mps,,True,23,,False,128,0.5078454613685608
,True,,,F2,position_rmse_max_m,,False,23,,False,0,0.7971785664558411
,True,,,F2,terminal_speed_max_mps,,False,23,,False,0,1.5466240644454956
,True,,,F2,velocity_rmse_max_mps,,False,23,,False,0,1.2016078233718872
,True,,,DR,position_rmse_max_m,,True,23,,False,0,0.4473588764667511
,True,,,DR,terminal_speed_max_mps,,True,23,,False,0,0.9992429614067078
,True,,,DR,velocity_rmse_max_mps,,True,23,,False,0,0.6409523487091064
0.0,True,128,,A,position_rmse_max_m,,False,37,,False,0,0.7915827035903931
0.0,True,128,,A,terminal_speed_max_mps,,False,37,,False,0,1.5432788133621216
0.0,True,128,,A,velocity_rmse_max_mps,,False,37,,False,0,1.1940410137176514
0.03601372893899679,False,130,,A,position_rmse_max_m,,False,37,,False,2,0.7817893624305725
0.03601372893899679,False,130,,A,terminal_speed_max_mps,,False,37,,False,2,1.5044045448303223
0.03601372893899679,False,130,,A,velocity_rmse_max_mps,,False,37,,False,2,1.177110195159912
0.0760721699334681,False,132,,A,position_rmse_max_m,,False,37,,False,4,0.7655223608016968
0.0760721699334681,False,132,,A,terminal_speed_max_mps,,False,37,,False,4,1.4496787786483765
0.0760721699334681,False,132,,A,velocity_rmse_max_mps,,False,37,,False,4,1.1487184762954712
0.15592006500810385,False,136,,A,position_rmse_max_m,,False,37,,False,8,0.7216460704803467
0.15592006500810385,False,136,,A,terminal_speed_max_mps,,False,37,,False,8,1.324729561805725
0.15592006500810385,False,136,,A,velocity_rmse_max_mps,,False,37,,False,8,1.0726652145385742
0.30784090515226126,True,144,,A,position_rmse_max_m,,False,37,,False,16,0.6167935132980347
0.30784090515226126,True,144,,A,terminal_speed_max_mps,,False,37,,False,16,1.052506685256958
0.30784090515226126,True,144,,A,velocity_rmse_max_mps,,False,37,,False,16,0.8978843688964844
0.6119376551359892,True,160,,A,position_rmse_max_m,,True,37,,False,32,0.47007042169570923
0.6119376551359892,True,160,,A,terminal_speed_max_mps,,True,37,,False,32,1.0164231061935425
0.6119376551359892,True,160,,A,velocity_rmse_max_mps,,True,37,,False,32,0.6649042963981628
0.6309319008141756,False,161,,A,position_rmse_max_m,,True,37,,False,33,0.46619686484336853
0.6309319008141756,False,161,,A,terminal_speed_max_mps,,True,37,,False,33,1.0234979391098022
0.6309319008141756,False,161,,A,velocity_rmse_max_mps,,True,37,,False,33,0.6589146852493286
0.914762930944562,True,176,,A,position_rmse_max_m,,True,37,,False,48,0.43379291892051697
0.914762930944562,True,176,,A,terminal_speed_max_mps,,True,37,,False,48,1.0640194416046143
0.914762930944562,True,176,,A,velocity_rmse_max_mps,,True,37,,False,48,0.6093574166297913
1.1980972210876644,False,191,,A,position_rmse_max_m,,True,37,,False,63,0.41784974932670593
1.1980972210876644,False,191,,A,terminal_speed_max_mps,,True,37,,False,63,1.0539608001708984
1.1980972210876644,False,191,,A,velocity_rmse_max_mps,,True,37,,False,63,0.5854682922363281
1.2167541519738734,True,192,,A,position_rmse_max_m,,True,37,,False,64,0.41693711280822754
1.2167541519738734,True,192,,A,terminal_speed_max_mps,,True,37,,False,64,1.0527044534683228
1.2167541519738734,True,192,,A,velocity_rmse_max_mps,,True,37,,False,64,0.5841120481491089
1.51825314713642,True,208,,A,position_rmse_max_m,,True,37,,False,80,0.40335455536842346
1.51825314713642,True,208,,A,terminal_speed_max_mps,,True,37,,False,80,1.0311695337295532
1.51825314713642,True,208,,A,velocity_rmse_max_mps,,True,37,,False,80,0.5640667080879211
1.8177423649467528,True,224,,A,position_rmse_max_m,,True,37,,False,96,0.3903777003288269
1.8177423649467528,True,224,,A,terminal_speed_max_mps,,True,37,,False,96,1.0100895166397095
1.8177423649467528,True,224,,A,velocity_rmse_max_mps,,True,37,,False,96,0.5450895428657532
2.114056102000177,True,240,,A,position_rmse_max_m,,True,37,,False,112,0.37972626090049744
2.114056102000177,True,240,,A,terminal_speed_max_mps,,True,37,,False,112,0.992763340473175
2.114056102000177,True,240,,A,velocity_rmse_max_mps,,True,37,,False,112,0.5272299647331238
2.4057464068755507,True,256,,A,position_rmse_max_m,,True,37,,False,128,0.37331119179725647
2.4057464068755507,True,256,,A,terminal_speed_max_mps,,True,37,,False,128,0.9747987389564514
2.4057464068755507,True,256,,A,velocity_rmse_max_mps,,True,37,,False,128,0.510961651802063
,True,,,F2,position_rmse_max_m,,False,37,,False,0,0.7915827035903931
,True,,,F2,terminal_speed_max_mps,,False,37,,False,0,1.5432788133621216
,True,,,F2,velocity_rmse_max_mps,,False,37,,False,0,1.1940410137176514
,True,,,DR,position_rmse_max_m,,True,37,,False,0,0.5359569787979126
,True,,,DR,terminal_speed_max_mps,,True,37,,False,0,1.0193103551864624
,True,,,DR,velocity_rmse_max_mps,,True,37,,False,0,0.7808421850204468
,,,0.7971785664558411,A,position_rmse_max_m,0.7915827035903931,,,three_seed_summary,,0,0.794234057267507
,,,0.6377554535865784,A,position_rmse_max_m,0.6167935132980347,,,three_seed_summary,,16,0.6294945081075033
,,,0.4706222414970398,A,position_rmse_max_m,0.4694264829158783,,,three_seed_summary,,32,0.4700397153695424
,,,0.43379291892051697,A,position_rmse_max_m,0.42863723635673523,,,three_seed_summary,,48,0.43128304680188495
,,,0.41693711280822754,A,position_rmse_max_m,0.41158202290534973,,,three_seed_summary,,64,0.41447781523068744
,,,0.40335455536842346,A,position_rmse_max_m,0.39852461218833923,,,three_seed_summary,,80,0.40113505721092224
,,,0.3903777003288269,A,position_rmse_max_m,0.38649603724479675,,,three_seed_summary,,96,0.388393630584081
,,,0.37972626090049744,A,position_rmse_max_m,0.3760140836238861,,,three_seed_summary,,112,0.3775476614634196
,,,0.37331119179725647,A,position_rmse_max_m,0.3661630153656006,,,three_seed_summary,,128,0.3700420955816905
,,,0.7971785664558411,F2,position_rmse_max_m,0.7915827035903931,,,three_seed_summary,,,0.794234057267507
,,,0.5359569787979126,DR,position_rmse_max_m,0.4473588764667511,,,three_seed_summary,,,0.5016757349173228
,,,1.5466240644454956,A,terminal_speed_max_mps,1.5299726724624634,,,three_seed_summary,,0,1.5399585167566936
,,,1.1082454919815063,A,terminal_speed_max_mps,1.052506685256958,,,three_seed_summary,,16,1.089457392692566
,,,1.0235176086425781,A,terminal_speed_max_mps,0.984011173248291,,,three_seed_summary,,32,1.007983962694804
,,,1.0652364492416382,A,terminal_speed_max_mps,1.0606962442398071,,,three_seed_summary,,48,1.0633173783620198
,,,1.0571423768997192,A,terminal_speed_max_mps,1.0504040718078613,,,three_seed_summary,,64,1.0534169673919678
,,,1.038323998451233,A,terminal_speed_max_mps,1.027646780014038,,,three_seed_summary,,80,1.0323801040649414
,,,1.0173643827438354,A,terminal_speed_max_mps,1.0081281661987305,,,three_seed_summary,,96,1.011860688527425
,,,0.9997857809066772,A,terminal_speed_max_mps,0.992763340473175,,,three_seed_summary,,112,0.9952312707901001
,,,0.9832994341850281,A,terminal_speed_max_mps,0.9747987389564514,,,three_seed_summary,,128,0.9781057635943095
,,,1.5466240644454956,F2,terminal_speed_max_mps,1.5299726724624634,,,three_seed_summary,,,1.5399585167566936
,,,1.0193103551864624,DR,terminal_speed_max_mps,0.9992429614067078,,,three_seed_summary,,,1.006658136844635
