K,component,observation,repetition,seconds
4,controller,structured_nominal,0,0.02851830329746008
4,learner,structured_nominal,0,0.01971435360610485
4,controller,structured_combined,0,0.013925714883953333
4,learner,structured_combined,0,0.015427622012794018
4,controller,navigation_nominal,0,0.01911059906706214
4,learner,navigation_nominal,0,0.015357682015746832
4,controller,navigation_combined,0,0.013575326185673475
4,learner,navigation_combined,0,0.015192313119769096
8,controller,structured_nominal,0,0.021000782027840614
8,learner,structured_nominal,0,0.019405401777476072
8,controller,structured_combined,0,0.01674385881051421
8,learner,structured_combined,0,0.015551222022622824
8,controller,navigation_nominal,0,0.021016567014157772
8,learner,navigation_nominal,0,0.01549505302682519
8,controller,navigation_combined,0,0.014126345049589872
8,learner,navigation_combined,0,0.015592275653034449
16,controller,structured_nominal,0,0.019261466804891825
16,learner,structured_nominal,0,0.019495921209454536
16,controller,structured_combined,0,0.013475996907800436
16,learner,structured_combined,0,0.01589244417846203
16,controller,navigation_nominal,0,0.019792163744568825
16,learner,navigation_nominal,0,0.015888469759374857
16,controller,navigation_combined,0,0.013417731039226055
16,learner,navigation_combined,0,0.015825210139155388
32,controller,structured_nominal,0,0.02055866504088044
32,learner,structured_nominal,0,0.01648663030937314
32,controller,structured_combined,0,0.014227686915546656
32,learner,structured_combined,0,0.016442141961306334
32,controller,navigation_nominal,0,0.014381736982613802
32,learner,navigation_nominal,0,0.016347641125321388
32,controller,navigation_combined,0,0.014434430282562971
32,learner,navigation_combined,0,0.01610826514661312
8,learner,structured_nominal,1,0.015730799175798893
8,controller,structured_nominal,1,0.016298786271363497
8,learner,structured_combined,1,0.015588819049298763
8,controller,structured_combined,1,0.01473609870299697
8,learner,navigation_nominal,1,0.015537439845502377
8,controller,navigation_nominal,1,0.014314940199255943
8,learner,navigation_combined,1,0.015549133997410536
8,controller,navigation_combined,1,0.01430147374048829
16,learner,structured_nominal,1,0.016029872931540012
16,controller,structured_nominal,1,0.01342966128140688
16,learner,structured_combined,1,0.016154436394572258
16,controller,structured_combined,1,0.014074043370783329
16,learner,navigation_nominal,1,0.01662185275927186
16,controller,navigation_nominal,1,0.014774475246667862
16,learner,navigation_combined,1,0.01629318716004491
16,controller,navigation_combined,1,0.014160624705255032
32,learner,structured_nominal,1,0.016928075812757015
32,controller,structured_nominal,1,0.015704825054854155
32,learner,structured_combined,1,0.017249411903321743
32,controller,structured_combined,1,0.015229868236929178
32,learner,navigation_nominal,1,0.017023876309394836
32,controller,navigation_nominal,1,0.015249472111463547
32,learner,navigation_combined,1,0.017117854673415422
32,controller,navigation_combined,1,0.015531497076153755
4,learner,structured_nominal,1,0.015968005638569593
4,controller,structured_nominal,1,0.01616024598479271
4,learner,structured_combined,1,0.01536258077248931
4,controller,structured_combined,1,0.014212089125066996
4,learner,navigation_nominal,1,0.015592455863952637
4,controller,navigation_nominal,1,0.016868743114173412
4,learner,navigation_combined,1,0.015752595849335194
4,controller,navigation_combined,1,0.018283956218510866
16,controller,structured_nominal,2,0.013914081268012524
16,learner,structured_nominal,2,0.016249975189566612
16,controller,structured_combined,2,0.013815940823405981
16,learner,structured_combined,2,0.015989250037819147
16,controller,navigation_nominal,2,0.013863221276551485
16,learner,navigation_nominal,2,0.016030189115554094
16,controller,navigation_combined,2,0.013797377236187458
16,learner,navigation_combined,2,0.01626368472352624
32,controller,structured_nominal,2,0.014665029011666775
32,learner,structured_nominal,2,0.016691788099706173
32,controller,structured_combined,2,0.01512678200379014
32,learner,structured_combined,2,0.017108208034187555
32,controller,navigation_nominal,2,0.015375317074358463
32,learner,navigation_nominal,2,0.016940402798354626
32,controller,navigation_combined,2,0.016312111169099808
32,learner,navigation_combined,2,0.017341353930532932
4,controller,structured_nominal,2,0.017634659074246883
4,learner,structured_nominal,2,0.015670873690396547
4,controller,structured_combined,2,0.018319346010684967
4,learner,structured_combined,2,0.015644521918147802
4,controller,navigation_nominal,2,0.015709535218775272
4,learner,navigation_nominal,2,0.015447536949068308
4,controller,navigation_combined,2,0.014500726945698261
4,learner,navigation_combined,2,0.015574988909065723
8,controller,structured_nominal,2,0.016375267878174782
8,learner,structured_nominal,2,0.015853877179324627
8,controller,structured_combined,2,0.0152194001711905
8,learner,structured_combined,2,0.01568182883784175
8,controller,navigation_nominal,2,0.017311434261500835
8,learner,navigation_nominal,2,0.015970399137586355
8,controller,navigation_combined,2,0.016610708087682724
8,learner,navigation_combined,2,0.01570078218355775
32,learner,structured_nominal,3,0.017033954616636038
32,controller,structured_nominal,3,0.015006259083747864
32,learner,structured_combined,3,0.016635451931506395
32,controller,structured_combined,3,0.014428154099732637
32,learner,navigation_nominal,3,0.016632015351206064
32,controller,navigation_nominal,3,0.014448377769440413
32,learner,navigation_combined,3,0.016630154103040695
32,controller,navigation_combined,3,0.01423201197758317
4,learner,structured_nominal,3,0.015472203027456999
4,controller,structured_nominal,3,0.014394748024642467
4,learner,structured_combined,3,0.015582781750708818
4,controller,structured_combined,3,0.013867208734154701
4,learner,navigation_nominal,3,0.015467964112758636
4,controller,navigation_nominal,3,0.013712882995605469
4,learner,navigation_combined,3,0.015474325977265835
4,controller,navigation_combined,3,0.013826470822095871
8,learner,structured_nominal,3,0.015841193962842226
8,controller,structured_nominal,3,0.014779164455831051
8,learner,structured_combined,3,0.01578017696738243
8,controller,structured_combined,3,0.014524767640978098
8,learner,navigation_nominal,3,0.015467433258891106
8,controller,navigation_nominal,3,0.014349640347063541
8,learner,navigation_combined,3,0.015508031006902456
8,controller,navigation_combined,3,0.014253583271056414
16,learner,structured_nominal,3,0.015971979591995478
16,controller,structured_nominal,3,0.013339369092136621
16,learner,structured_combined,3,0.015883412212133408
16,controller,structured_combined,3,0.013318068347871304
16,learner,navigation_nominal,3,0.01588120311498642
16,controller,navigation_nominal,3,0.013459448702633381
16,learner,navigation_combined,3,0.01585655566304922
16,controller,navigation_combined,3,0.013229070231318474
32,controller,structured_nominal,4,0.0141314840875566
32,learner,structured_nominal,4,0.01641989592462778
32,controller,structured_combined,4,0.014213986229151487
32,learner,structured_combined,4,0.016311615239828825
32,controller,navigation_nominal,4,0.014281283598393202
32,learner,navigation_nominal,4,0.016629250720143318
32,controller,navigation_combined,4,0.014987188391387463
32,learner,navigation_combined,4,0.016985188238322735
16,controller,structured_nominal,4,0.015099104028195143
16,learner,structured_nominal,4,0.01635538414120674
16,controller,structured_combined,4,0.014403665903955698
16,learner,structured_combined,4,0.016008883714675903
16,controller,navigation_nominal,4,0.015320080798119307
16,learner,navigation_nominal,4,0.016478255856782198
16,controller,navigation_combined,4,0.014325215015560389
16,learner,navigation_combined,4,0.016062112990766764
8,controller,structured_nominal,4,0.01582729024812579
8,learner,structured_nominal,4,0.01560064498335123
8,controller,structured_combined,4,0.014411777723580599
8,learner,structured_combined,4,0.015437697060406208
8,controller,navigation_nominal,4,0.014371419325470924
8,learner,navigation_nominal,4,0.015418621245771646
8,controller,navigation_combined,4,0.014049305114895105
8,learner,navigation_combined,4,0.01543127791956067
4,controller,structured_nominal,4,0.013764673843979836
4,learner,structured_nominal,4,0.01538151130080223
4,controller,structured_combined,4,0.013510277960449457
4,learner,structured_combined,4,0.01525999279692769
4,controller,navigation_nominal,4,0.013602416962385178
4,learner,navigation_nominal,4,0.015218871179968119
4,controller,navigation_combined,4,0.01559337880462408
4,learner,navigation_combined,4,0.015463692136108875
4,learner,structured_nominal,5,0.016003306955099106
4,controller,structured_nominal,5,0.01599291432648897
4,learner,structured_combined,5,0.015431927051395178
4,controller,structured_combined,5,0.017873771023005247
4,learner,navigation_nominal,5,0.01551812095567584
4,controller,navigation_nominal,5,0.015479521825909615
4,learner,navigation_combined,5,0.01529724383726716
4,controller,navigation_combined,5,0.01403855998069048
32,learner,structured_nominal,5,0.016602476127445698
32,controller,structured_nominal,5,0.014465993735939264
32,learner,structured_combined,5,0.01655307225883007
32,controller,structured_combined,5,0.01429359707981348
32,learner,navigation_nominal,5,0.016568937804549932
32,controller,navigation_nominal,5,0.014376201201230288
32,learner,navigation_combined,5,0.01650346163660288
32,controller,navigation_combined,5,0.014362330082803965
16,learner,structured_nominal,5,0.016132113058120012
16,controller,structured_nominal,5,0.013755137100815773
16,learner,structured_combined,5,0.01598142134025693
16,controller,structured_combined,5,0.013356172945350409
16,learner,navigation_nominal,5,0.01586657203733921
16,controller,navigation_nominal,5,0.013470605947077274
16,learner,navigation_combined,5,0.0158351412974298
16,controller,navigation_combined,5,0.013288421090692282
8,learner,structured_nominal,5,0.015615196898579597
8,controller,structured_nominal,5,0.014545539859682322
8,learner,structured_combined,5,0.015584010630846024
8,controller,structured_combined,5,0.015433488879352808
8,learner,navigation_nominal,5,0.01564099732786417
8,controller,navigation_nominal,5,0.018171686213463545
8,learner,navigation_combined,5,0.015619851183146238
8,controller,navigation_combined,5,0.0182083030231297
8,controller,structured_nominal,6,0.014203380793333054
8,learner,structured_nominal,6,0.015539868734776974
8,controller,structured_combined,6,0.014787642750889063
8,learner,structured_combined,6,0.015535193961113691
8,controller,navigation_nominal,6,0.015771752689033747
8,learner,navigation_nominal,6,0.015647367108613253
8,controller,navigation_combined,6,0.015958470292389393
8,learner,navigation_combined,6,0.015501764137297869
4,controller,structured_nominal,6,0.015381504315882921
4,learner,structured_nominal,6,0.015315715223550797
4,controller,structured_combined,6,0.013854646589607
4,learner,structured_combined,6,0.01536190276965499
4,controller,navigation_nominal,6,0.01445683278143406
4,learner,navigation_nominal,6,0.015245024114847183
4,controller,navigation_combined,6,0.014519337099045515
4,learner,navigation_combined,6,0.015232996549457312
32,controller,structured_nominal,6,0.014236739370971918
32,learner,structured_nominal,6,0.016509616747498512
32,controller,structured_combined,6,0.014409922063350677
32,learner,structured_combined,6,0.016377542167901993
32,controller,navigation_nominal,6,0.014428991824388504
32,learner,navigation_nominal,6,0.016343305818736553
32,controller,navigation_combined,6,0.014337151776999235
32,learner,navigation_combined,6,0.01638912921771407
16,controller,structured_nominal,6,0.01408078521490097
16,learner,structured_nominal,6,0.016114389058202505
16,controller,structured_combined,6,0.014152355957776308
16,learner,structured_combined,6,0.015906738117337227
16,controller,navigation_nominal,6,0.013877659104764462
16,learner,navigation_nominal,6,0.0158453150652349
16,controller,navigation_combined,6,0.01365942507982254
16,learner,navigation_combined,6,0.015912106726318598
16,learner,structured_nominal,7,0.016160662285983562
16,controller,structured_nominal,7,0.013698451686650515
16,learner,structured_combined,7,0.01598929101601243
16,controller,structured_combined,7,0.013563948217779398
16,learner,navigation_nominal,7,0.015980277210474014
16,controller,navigation_nominal,7,0.013839060440659523
16,learner,navigation_combined,7,0.01606347505003214
16,controller,navigation_combined,7,0.013971422333270311
8,learner,structured_nominal,7,0.015611375216394663
8,controller,structured_nominal,7,0.014925064984709024
8,learner,structured_combined,7,0.0155235780403018
8,controller,structured_combined,7,0.015364086721092463
8,learner,navigation_nominal,7,0.015529731288552284
8,controller,navigation_nominal,7,0.015256850980222225
8,learner,navigation_combined,7,0.015414123889058828
8,controller,navigation_combined,7,0.014663806185126305
4,learner,structured_nominal,7,0.015374089125543833
4,controller,structured_nominal,7,0.014586694072932005
4,learner,structured_combined,7,0.015308798290789127
4,controller,structured_combined,7,0.014700604137033224
4,learner,navigation_nominal,7,0.015210248064249754
4,controller,navigation_nominal,7,0.013965512160211802
4,learner,navigation_combined,7,0.015245314221829176
4,controller,navigation_combined,7,0.0142663000151515
32,learner,structured_nominal,7,0.01651002513244748
32,controller,structured_nominal,7,0.014293162152171135
32,learner,structured_combined,7,0.016448615584522486
32,controller,structured_combined,7,0.013916193973273039
32,learner,navigation_nominal,7,0.01643579313531518
32,controller,navigation_nominal,7,0.014399461913853884
32,learner,navigation_combined,7,0.016527785919606686
32,controller,navigation_combined,7,0.014380055945366621
4,controller,structured_nominal,8,0.013498484157025814
4,learner,structured_nominal,8,0.015319495927542448
4,controller,structured_combined,8,0.013727874029427767
4,learner,structured_combined,8,0.015226181130856276
4,controller,navigation_nominal,8,0.013727662153542042
4,learner,navigation_nominal,8,0.015226862858980894
4,controller,navigation_combined,8,0.01350071793422103
4,learner,navigation_combined,8,0.015172576997429132
8,controller,structured_nominal,8,0.01490497961640358
8,learner,structured_nominal,8,0.015551517251878977
8,controller,structured_combined,8,0.014360608998686075
8,learner,structured_combined,8,0.015488911885768175
8,controller,navigation_nominal,8,0.014361495152115822
8,learner,navigation_nominal,8,0.015515884384512901
8,controller,navigation_combined,8,0.014688960742205381
8,learner,navigation_combined,8,0.01542539894580841
16,controller,structured_nominal,8,0.013658507727086544
16,learner,structured_nominal,8,0.015956901013851166
16,controller,structured_combined,8,0.013521387241780758
16,learner,structured_combined,8,0.015934038907289505
16,controller,navigation_nominal,8,0.013917290139943361
16,learner,navigation_nominal,8,0.015850399620831013
16,controller,navigation_combined,8,0.013698199298232794
16,learner,navigation_combined,8,0.015859399922192097
32,controller,structured_nominal,8,0.014507718849927187
32,learner,structured_nominal,8,0.016532811801880598
32,controller,structured_combined,8,0.014908017124980688
32,learner,structured_combined,8,0.016941762063652277
32,controller,navigation_nominal,8,0.015169199090451002
32,learner,navigation_nominal,8,0.01646854542195797
32,controller,navigation_combined,8,0.014610457699745893
32,learner,navigation_combined,8,0.016432181000709534
8,learner,structured_nominal,9,0.01623453013598919
8,controller,structured_nominal,9,0.01689742924645543
8,learner,structured_combined,9,0.015536241233348846
8,controller,structured_combined,9,0.014761316124349833
8,learner,navigation_nominal,9,0.01548352325335145
8,controller,navigation_nominal,9,0.0144560388289392
8,learner,navigation_combined,9,0.015485140960663557
8,controller,navigation_combined,9,0.014170396141707897
16,learner,structured_nominal,9,0.015902657993137836
16,controller,structured_nominal,9,0.01336994580924511
16,learner,structured_combined,9,0.015838862396776676
16,controller,structured_combined,9,0.01331734610721469
16,learner,navigation_nominal,9,0.016001067124307156
16,controller,navigation_nominal,9,0.013989785220474005
16,learner,navigation_combined,9,0.016097502782940865
16,controller,navigation_combined,9,0.014114830177277327
32,learner,structured_nominal,9,0.01654913369566202
32,controller,structured_nominal,9,0.014477640390396118
32,learner,structured_combined,9,0.016412527300417423
32,controller,structured_combined,9,0.014136489015072584
32,learner,navigation_nominal,9,0.016484775114804506
32,controller,navigation_nominal,9,0.01433457899838686
32,learner,navigation_combined,9,0.016449092887341976
32,controller,navigation_combined,9,0.014050935860723257
4,learner,structured_nominal,9,0.01555752707645297
4,controller,structured_nominal,9,0.013954027090221643
4,learner,structured_combined,9,0.01539974007755518
4,controller,structured_combined,9,0.013742989860475063
4,learner,navigation_nominal,9,0.015487710013985634
4,controller,navigation_nominal,9,0.01373605290427804
4,learner,navigation_combined,9,0.015380178112536669
4,controller,navigation_combined,9,0.013566943351179361
16,controller,structured_nominal,10,0.013754793908447027
16,learner,structured_nominal,10,0.016000663861632347
16,controller,structured_combined,10,0.013632415793836117
16,learner,structured_combined,10,0.015976437833160162
16,controller,navigation_nominal,10,0.013860237784683704
16,learner,navigation_nominal,10,0.01604386093094945
16,controller,navigation_combined,10,0.01440568407997489
16,learner,navigation_combined,10,0.0164755848236382
32,controller,structured_nominal,10,0.015244142152369022
32,learner,structured_nominal,10,0.016659989953041077
32,controller,structured_combined,10,0.014858010224997997
32,learner,structured_combined,10,0.016595541033893824
32,controller,navigation_nominal,10,0.014477154705673456
32,learner,navigation_nominal,10,0.016455911099910736
32,controller,navigation_combined,10,0.014476095326244831
32,learner,navigation_combined,10,0.016493806149810553
4,controller,structured_nominal,10,0.014258471317589283
4,learner,structured_nominal,10,0.015475012827664614
4,controller,structured_combined,10,0.0135698770172894
4,learner,structured_combined,10,0.015369631815701723
4,controller,navigation_nominal,10,0.013808532152324915
4,learner,navigation_nominal,10,0.01530985301360488
4,controller,navigation_combined,10,0.013839096762239933
4,learner,navigation_combined,10,0.015529256779700518
8,controller,structured_nominal,10,0.014450667891651392
8,learner,structured_nominal,10,0.015583154279738665
8,controller,structured_combined,10,0.014274810906499624
8,learner,structured_combined,10,0.015622936189174652
8,controller,navigation_nominal,10,0.014498895965516567
8,learner,navigation_nominal,10,0.015613518189638853
8,controller,navigation_combined,10,0.015234711579978466
8,learner,navigation_combined,10,0.015815360005944967
32,learner,structured_nominal,11,0.01756136165931821
32,controller,structured_nominal,11,0.015103835612535477
32,learner,structured_combined,11,0.016804722137749195
32,controller,structured_combined,11,0.014519489835947752
32,learner,navigation_nominal,11,0.016565090976655483
32,controller,navigation_nominal,11,0.01447291299700737
32,learner,navigation_combined,11,0.016666776966303587
32,controller,navigation_combined,11,0.014500634744763374
4,learner,structured_nominal,11,0.015497333835810423
4,controller,structured_nominal,11,0.014269070234149694
4,learner,structured_combined,11,0.015415607951581478
4,controller,structured_combined,11,0.014039156027138233
4,learner,navigation_nominal,11,0.015395703259855509
4,controller,navigation_nominal,11,0.014717717189341784
4,learner,navigation_combined,11,0.01534778019413352
4,controller,navigation_combined,11,0.013912281021475792
8,learner,structured_nominal,11,0.01564536103978753
8,controller,structured_nominal,11,0.014536403119564056
8,learner,structured_combined,11,0.015624751802533865
8,controller,structured_combined,11,0.015035820193588734
8,learner,navigation_nominal,11,0.015577451325953007
8,controller,navigation_nominal,11,0.01465427502989769
8,learner,navigation_combined,11,0.01555782975628972
8,controller,navigation_combined,11,0.014294455293565989
16,learner,structured_nominal,11,0.016171304043382406
16,controller,structured_nominal,11,0.013847626745700836
16,learner,structured_combined,11,0.015994023997336626
16,controller,structured_combined,11,0.013561564963310957
16,learner,navigation_nominal,11,0.015959924086928368
16,controller,navigation_nominal,11,0.013750419020652771
16,learner,navigation_combined,11,0.016092142090201378
16,controller,navigation_combined,11,0.013936946168541908
32,controller,structured_nominal,12,0.014309174846857786
32,learner,structured_nominal,12,0.01654355926439166
32,controller,structured_combined,12,0.014322963077574968
32,learner,structured_combined,12,0.016586862038820982
32,controller,navigation_nominal,12,0.014702670276165009
32,learner,navigation_nominal,12,0.01641033124178648
32,controller,navigation_combined,12,0.014441257808357477
32,learner,navigation_combined,12,0.01646419707685709
16,controller,structured_nominal,12,0.013954919762909412
16,learner,structured_nominal,12,0.016108911018818617
16,controller,structured_combined,12,0.014065450988709927
16,learner,structured_combined,12,0.016022272873669863
16,controller,navigation_nominal,12,0.014040336012840271
16,learner,navigation_nominal,12,0.016000371892005205
16,controller,navigation_combined,12,0.013915680814534426
16,learner,navigation_combined,12,0.016118596773594618
8,controller,structured_nominal,12,0.01578570995479822
8,learner,structured_nominal,12,0.01573012489825487
8,controller,structured_combined,12,0.014744711108505726
8,learner,structured_combined,12,0.015573414973914623
8,controller,navigation_nominal,12,0.014589927159249783
8,learner,navigation_nominal,12,0.015616647899150848
8,controller,navigation_combined,12,0.015262373257428408
8,learner,navigation_combined,12,0.015643053222447634
4,controller,structured_nominal,12,0.015090439934283495
4,learner,structured_nominal,12,0.015394372399896383
4,controller,structured_combined,12,0.013949465937912464
4,learner,structured_combined,12,0.015411308035254478
4,controller,navigation_nominal,12,0.014038966968655586
4,learner,navigation_nominal,12,0.015386077109724283
4,controller,navigation_combined,12,0.014386498834937811
4,learner,navigation_combined,12,0.015261166729032993
4,learner,structured_nominal,13,0.015532408840954304
4,controller,structured_nominal,13,0.015380169730633497
4,learner,structured_combined,13,0.01532910717651248
4,controller,structured_combined,13,0.014131118077784777
4,learner,navigation_nominal,13,0.015388939063996077
4,controller,navigation_nominal,13,0.014762985054403543
4,learner,navigation_combined,13,0.015317472163587809
4,controller,navigation_combined,13,0.014081524685025215
32,learner,structured_nominal,13,0.01653487328439951
32,controller,structured_nominal,13,0.014238019939512014
32,learner,structured_combined,13,0.016587765887379646
32,controller,structured_combined,13,0.01416794303804636
32,learner,navigation_nominal,13,0.016468573827296495
32,controller,navigation_nominal,13,0.01435032207518816
32,learner,navigation_combined,13,0.016405893955379725
32,controller,navigation_combined,13,0.013875233940780163
16,learner,structured_nominal,13,0.016126261092722416
16,controller,structured_nominal,13,0.013901148922741413
16,learner,structured_combined,13,0.01608725218102336
16,controller,structured_combined,13,0.013508850242942572
16,learner,navigation_nominal,13,0.015927958767861128
16,controller,navigation_nominal,13,0.013554412871599197
16,learner,navigation_combined,13,0.015988044906407595
16,controller,navigation_combined,13,0.013759526889771223
8,learner,structured_nominal,13,0.015673968940973282
8,controller,structured_nominal,13,0.015103893354535103
8,learner,structured_combined,13,0.015562089160084724
8,controller,structured_combined,13,0.014552936889231205
8,learner,navigation_nominal,13,0.015647580847144127
8,controller,navigation_nominal,13,0.01526457630097866
8,learner,navigation_combined,13,0.015613399911671877
8,controller,navigation_combined,13,0.014626768883317709
8,controller,structured_nominal,14,0.013853123877197504
8,learner,structured_nominal,14,0.015564566012471914
8,controller,structured_combined,14,0.014079384040087461
8,learner,structured_combined,14,0.015559970866888762
8,controller,navigation_nominal,14,0.014282072894275188
8,learner,navigation_nominal,14,0.01546153798699379
8,controller,navigation_combined,14,0.014429728034883738
8,learner,navigation_combined,14,0.01545510534197092
4,controller,structured_nominal,14,0.014620138797909021
4,learner,structured_nominal,14,0.015455128625035286
4,controller,structured_combined,14,0.014782880898565054
4,learner,structured_combined,14,0.015410255640745163
4,controller,navigation_nominal,14,0.01603602385148406
4,learner,navigation_nominal,14,0.015709903091192245
4,controller,navigation_combined,14,0.015767958015203476
4,learner,navigation_combined,14,0.015442111063748598
32,controller,structured_nominal,14,0.014949287753552198
32,learner,structured_nominal,14,0.017074766103178263
32,controller,structured_combined,14,0.015257772989571095
32,learner,structured_combined,14,0.0168315377086401
32,controller,navigation_nominal,14,0.015035407617688179
32,learner,navigation_nominal,14,0.016462654806673527
32,controller,navigation_combined,14,0.014687029179185629
32,learner,navigation_combined,14,0.01639441680163145
16,controller,structured_nominal,14,0.01415728684514761
16,learner,structured_nominal,14,0.016079443972557783
16,controller,structured_combined,14,0.013841843232512474
16,learner,structured_combined,14,0.015947602223604918
16,controller,navigation_nominal,14,0.014124699868261814
16,learner,navigation_nominal,14,0.01589747192338109
16,controller,navigation_combined,14,0.013848540838807821
16,learner,navigation_combined,14,0.01587487291544676
16,learner,structured_nominal,15,0.016274195164442062
16,controller,structured_nominal,15,0.013804967980831861
16,learner,structured_combined,15,0.016290950123220682
16,controller,structured_combined,15,0.014239939860999584
16,learner,navigation_nominal,15,0.016114248894155025
16,controller,navigation_nominal,15,0.013900151941925287
16,learner,navigation_combined,15,0.01593879470601678
16,controller,navigation_combined,15,0.013357019983232021
8,learner,structured_nominal,15,0.015658659860491753
8,controller,structured_nominal,15,0.014837797731161118
8,learner,structured_combined,15,0.015609315130859613
8,controller,structured_combined,15,0.014394721947610378
8,learner,navigation_nominal,15,0.015490824822336435
8,controller,navigation_nominal,15,0.014368284028023481
8,learner,navigation_combined,15,0.015666860155761242
8,controller,navigation_combined,15,0.014798573218286037
4,learner,structured_nominal,15,0.015375902876257896
4,controller,structured_nominal,15,0.01409461023285985
4,learner,structured_combined,15,0.015291823074221611
4,controller,structured_combined,15,0.01376862172037363
4,learner,navigation_nominal,15,0.015151787083595991
4,controller,navigation_nominal,15,0.013625107705593109
4,learner,navigation_combined,15,0.015259580686688423
4,controller,navigation_combined,15,0.013762372080236673
32,learner,structured_nominal,15,0.016526306979358196
32,controller,structured_nominal,15,0.014055962208658457
32,learner,structured_combined,15,0.016520478297024965
32,controller,structured_combined,15,0.013988554943352938
32,learner,navigation_nominal,15,0.016584777273237705
32,controller,navigation_nominal,15,0.014241877943277359
32,learner,navigation_combined,15,0.01658626738935709
32,controller,navigation_combined,15,0.014282004907727242
4,controller,structured_nominal,16,0.013890530914068222
4,learner,structured_nominal,16,0.01547658210620284
4,controller,structured_combined,16,0.013611175119876862
4,learner,structured_combined,16,0.015273015014827251
4,controller,navigation_nominal,16,0.013788823038339615
4,learner,navigation_nominal,16,0.015251231379806995
4,controller,navigation_combined,16,0.013974559959024191
4,learner,navigation_combined,16,0.015305982436984777
8,controller,structured_nominal,16,0.014471780974417925
8,learner,structured_nominal,16,0.01558754500001669
8,controller,structured_combined,16,0.014351028949022293
8,learner,structured_combined,16,0.01559081906452775
8,controller,navigation_nominal,16,0.014380617998540401
8,learner,navigation_nominal,16,0.01549945492297411
8,controller,navigation_combined,16,0.014500183053314686
8,learner,navigation_combined,16,0.015573543030768633
16,controller,structured_nominal,16,0.013685947749763727
16,learner,structured_nominal,16,0.016077705658972263
16,controller,structured_combined,16,0.013650748878717422
16,learner,structured_combined,16,0.015969881787896156
16,controller,navigation_nominal,16,0.013693916145712137
16,learner,navigation_nominal,16,0.01599087892100215
16,controller,navigation_combined,16,0.013733218889683485
16,learner,navigation_combined,16,0.015831125900149345
32,controller,structured_nominal,16,0.014594533015042543
32,learner,structured_nominal,16,0.016488421242684126
32,controller,structured_combined,16,0.014467190951108932
32,learner,structured_combined,16,0.016359935980290174
32,controller,navigation_nominal,16,0.014416773803532124
32,learner,navigation_nominal,16,0.016421901993453503
32,controller,navigation_combined,16,0.014193207025527954
32,learner,navigation_combined,16,0.016405953094363213
8,learner,structured_nominal,17,0.015939549077302217
8,controller,structured_nominal,17,0.01642175717279315
8,learner,structured_combined,17,0.015696807764470577
8,controller,structured_combined,17,0.014958702959120274
8,learner,navigation_nominal,17,0.015505278017371893
8,controller,navigation_nominal,17,0.014577336143702269
8,learner,navigation_combined,17,0.015428951010107994
8,controller,navigation_combined,17,0.014084945898503065
16,learner,structured_nominal,17,0.015920833684504032
16,controller,structured_nominal,17,0.013291773851960897
16,learner,structured_combined,17,0.015875925309956074
16,controller,structured_combined,17,0.013182505965232849
16,learner,navigation_nominal,17,0.015905017964541912
16,controller,navigation_nominal,17,0.013327667023986578
16,learner,navigation_combined,17,0.01589231099933386
16,controller,navigation_combined,17,0.013140718918293715
32,learner,structured_nominal,17,0.01642345730215311
32,controller,structured_nominal,17,0.013960542157292366
32,learner,structured_combined,17,0.016355644911527634
32,controller,structured_combined,17,0.013719226699322462
32,learner,navigation_nominal,17,0.01631645066663623
32,controller,navigation_nominal,17,0.01375696063041687
32,learner,navigation_combined,17,0.016296769957989454
32,controller,navigation_combined,17,0.013671596068888903
4,learner,structured_nominal,17,0.015243093948811293
4,controller,structured_nominal,17,0.013505090028047562
4,learner,structured_combined,17,0.01523662218824029
4,controller,structured_combined,17,0.0147424740716815
4,learner,navigation_nominal,17,0.015312838833779097
4,controller,navigation_nominal,17,0.01467192592099309
4,learner,navigation_combined,17,0.015563888009637594
4,controller,navigation_combined,17,0.017310844268649817
16,controller,structured_nominal,18,0.013603814877569675
16,learner,structured_nominal,18,0.01596211874857545
16,controller,structured_combined,18,0.013351141940802336
16,learner,structured_combined,18,0.01594839384779334
16,controller,navigation_nominal,18,0.013728532008826733
16,learner,navigation_nominal,18,0.01582056423649192
16,controller,navigation_combined,18,0.013791757170110941
16,learner,navigation_combined,18,0.015944148879498243
32,controller,structured_nominal,18,0.014608754310756922
32,learner,structured_nominal,18,0.016425621695816517
32,controller,structured_combined,18,0.014209832064807415
32,learner,structured_combined,18,0.016520960722118616
32,controller,navigation_nominal,18,0.014497311785817146
32,learner,navigation_nominal,18,0.01641373336315155
32,controller,navigation_combined,18,0.014369490090757608
32,learner,navigation_combined,18,0.016397873405367136
4,controller,structured_nominal,18,0.01442908775061369
4,learner,structured_nominal,18,0.015407042112201452
4,controller,structured_combined,18,0.013738007750362158
4,learner,structured_combined,18,0.015275105834007263
4,controller,navigation_nominal,18,0.013866660185158253
4,learner,navigation_nominal,18,0.015226929914206266
4,controller,navigation_combined,18,0.013605377171188593
4,learner,navigation_combined,18,0.015385454054921865
8,controller,structured_nominal,18,0.014458561781793833
8,learner,structured_nominal,18,0.015580162871629
8,controller,structured_combined,18,0.014566777274012566
8,learner,structured_combined,18,0.015429194085299969
8,controller,navigation_nominal,18,0.014684617053717375
8,learner,navigation_nominal,18,0.015509961172938347
8,controller,navigation_combined,18,0.014510648790746927
8,learner,navigation_combined,18,0.015497824177145958
32,learner,structured_nominal,19,0.01677147764712572
32,controller,structured_nominal,19,0.014664809219539165
32,learner,structured_combined,19,0.016522031277418137
32,controller,structured_combined,19,0.014438333921134472
32,learner,navigation_nominal,19,0.016475948970764875
32,controller,navigation_nominal,19,0.014688416849821806
32,learner,navigation_combined,19,0.01640455098822713
32,controller,navigation_combined,19,0.014505915809422731
4,learner,structured_nominal,19,0.015412264969199896
4,controller,structured_nominal,19,0.014099964406341314
4,learner,structured_combined,19,0.015344875864684582
4,controller,structured_combined,19,0.014064185321331024
4,learner,navigation_nominal,19,0.015342873055487871
4,controller,navigation_nominal,19,0.016742275562137365
4,learner,navigation_combined,19,0.01546654338017106
4,controller,navigation_combined,19,0.018693143036216497
8,learner,structured_nominal,19,0.016126774717122316
8,controller,structured_nominal,19,0.01702248677611351
8,learner,structured_combined,19,0.0157203390263021
8,controller,structured_combined,19,0.015127474907785654
8,learner,navigation_nominal,19,0.015750248916447163
8,controller,navigation_nominal,19,0.014928705058991909
8,learner,navigation_combined,19,0.0157363498583436
8,controller,navigation_combined,19,0.015203941613435745
16,learner,structured_nominal,19,0.016128018032759428
16,controller,structured_nominal,19,0.013677280861884356
16,learner,structured_combined,19,0.01602561492472887
16,controller,structured_combined,19,0.013733571860939264
16,learner,navigation_nominal,19,0.016101661138236523
16,controller,navigation_nominal,19,0.014047735836356878
16,learner,navigation_combined,19,0.01610113773494959
16,controller,navigation_combined,19,0.013713766820728779
32,controller,structured_nominal,20,0.014501977246254683
32,learner,structured_nominal,20,0.016499137971550226
32,controller,structured_combined,20,0.014385833870619535
32,learner,structured_combined,20,0.016599279828369617
32,controller,navigation_nominal,20,0.014842853881418705
32,learner,navigation_nominal,20,0.016611997969448566
32,controller,navigation_combined,20,0.014695310965180397
32,learner,navigation_combined,20,0.01662313099950552
16,controller,structured_nominal,20,0.014168184716254473
16,learner,structured_nominal,20,0.01609409088268876
16,controller,structured_combined,20,0.01430888893082738
16,learner,structured_combined,20,0.016128332819789648
16,controller,navigation_nominal,20,0.014024487230926752
16,learner,navigation_nominal,20,0.016158622223883867
16,controller,navigation_combined,20,0.01385854510590434
16,learner,navigation_combined,20,0.016076821368187666
8,controller,structured_nominal,20,0.01811232604086399
8,learner,structured_nominal,20,0.016037440858781338
8,controller,structured_combined,20,0.016590336337685585
8,learner,structured_combined,20,0.015629667788743973
8,controller,navigation_nominal,20,0.015186537057161331
8,learner,navigation_nominal,20,0.01566268363967538
8,controller,navigation_combined,20,0.01473517483100295
8,learner,navigation_combined,20,0.0155657809227705
4,controller,structured_nominal,20,0.01396749122068286
4,learner,structured_nominal,20,0.015497736167162657
4,controller,structured_combined,20,0.014676169026643038
4,learner,structured_combined,20,0.015533769968897104
4,controller,navigation_nominal,20,0.015181960072368383
4,learner,navigation_nominal,20,0.01558084599673748
4,controller,navigation_combined,20,0.015400269068777561
4,learner,navigation_combined,20,0.015491288155317307
4,learner,structured_nominal,21,0.01609140820801258
4,controller,structured_nominal,21,0.01810431992635131
4,learner,structured_combined,21,0.015524207148700953
4,controller,structured_combined,21,0.01666956814005971
4,learner,navigation_nominal,21,0.01552638504654169
4,controller,navigation_nominal,21,0.01564620202407241
4,learner,navigation_combined,21,0.015329529996961355
4,controller,navigation_combined,21,0.015022975858300924
32,learner,structured_nominal,21,0.016688973642885685
32,controller,structured_nominal,21,0.015344645828008652
32,learner,structured_combined,21,0.017230714205652475
32,controller,structured_combined,21,0.015448912046849728
32,learner,navigation_nominal,21,0.017183969728648663
32,controller,navigation_nominal,21,0.015382823068648577
32,learner,navigation_combined,21,0.016949300654232502
32,controller,navigation_combined,21,0.0157720809802413
16,learner,structured_nominal,21,0.016801245044916868
16,controller,structured_nominal,21,0.014910805970430374
16,learner,structured_combined,21,0.016363015864044428
16,controller,structured_combined,21,0.01458200067281723
16,learner,navigation_nominal,21,0.016162335872650146
16,controller,navigation_nominal,21,0.014258753973990679
16,learner,navigation_combined,21,0.016149618197232485
16,controller,navigation_combined,21,0.013754324056208134
8,learner,structured_nominal,21,0.0158571507781744
8,controller,structured_nominal,21,0.016231373883783817
8,learner,structured_combined,21,0.015613763593137264
8,controller,structured_combined,21,0.016848145052790642
8,learner,navigation_nominal,21,0.015965061727911234
8,controller,navigation_nominal,21,0.016794074326753616
8,learner,navigation_combined,21,0.01581880310550332
8,controller,navigation_combined,21,0.01855374500155449
8,controller,structured_nominal,22,0.014343482907861471
8,learner,structured_nominal,22,0.01565081998705864
8,controller,structured_combined,22,0.014543219935148954
8,learner,structured_combined,22,0.015581616200506687
8,controller,navigation_nominal,22,0.015354301780462265
8,learner,navigation_nominal,22,0.0157150998711586
8,controller,navigation_combined,22,0.015900488942861557
8,learner,navigation_combined,22,0.015551079995930195
4,controller,structured_nominal,22,0.01446681609377265
4,learner,structured_nominal,22,0.015537751838564873
4,controller,structured_combined,22,0.016768781933933496
4,learner,structured_combined,22,0.015668352134525776
4,controller,navigation_nominal,22,0.015735610853880644
4,learner,navigation_nominal,22,0.015478251036256552
4,controller,navigation_combined,22,0.01789427502080798
4,learner,navigation_combined,22,0.015862021129578352
32,controller,structured_nominal,22,0.015652894973754883
32,learner,structured_nominal,22,0.016872915904968977
32,controller,structured_combined,22,0.015056789852678776
32,learner,structured_combined,22,0.016778495628386736
32,controller,navigation_nominal,22,0.015644548926502466
32,learner,navigation_nominal,22,0.016992788761854172
32,controller,navigation_combined,22,0.015372944064438343
32,learner,navigation_combined,22,0.016859668772667646
16,controller,structured_nominal,22,0.01469807792454958
16,learner,structured_nominal,22,0.016370071563869715
16,controller,structured_combined,22,0.01531218085438013
16,learner,structured_combined,22,0.0165835521183908
16,controller,navigation_nominal,22,0.014990078285336494
16,learner,navigation_nominal,22,0.016496643889695406
16,controller,navigation_combined,22,0.014701512176543474
16,learner,navigation_combined,22,0.01615588227286935
16,learner,structured_nominal,23,0.016789457760751247
16,controller,structured_nominal,23,0.014662121888250113
16,learner,structured_combined,23,0.016318321228027344
16,controller,structured_combined,23,0.01419319910928607
16,learner,navigation_nominal,23,0.016241237986832857
16,controller,navigation_nominal,23,0.01403529616072774
16,learner,navigation_combined,23,0.016042658127844334
16,controller,navigation_combined,23,0.01390770124271512
8,learner,structured_nominal,23,0.01584127778187394
8,controller,structured_nominal,23,0.015315684955567122
8,learner,structured_combined,23,0.01584124518558383
8,controller,structured_combined,23,0.01482579717412591
8,learner,navigation_nominal,23,0.015766491182148457
8,controller,navigation_nominal,23,0.014956601895391941
8,learner,navigation_combined,23,0.015744781121611595
8,controller,navigation_combined,23,0.014593902975320816
4,learner,structured_nominal,23,0.015487641096115112
4,controller,structured_nominal,23,0.014369622804224491
4,learner,structured_combined,23,0.015418536961078644
4,controller,structured_combined,23,0.013839274644851685
4,learner,navigation_nominal,23,0.015507778152823448
4,controller,navigation_nominal,23,0.014067339710891247
4,learner,navigation_combined,23,0.015584192238748074
4,controller,navigation_combined,23,0.016436769161373377
32,learner,structured_nominal,23,0.01701915729790926
32,controller,structured_nominal,23,0.014926779083907604
32,learner,structured_combined,23,0.01695000659674406
32,controller,structured_combined,23,0.014903877396136522
32,learner,navigation_nominal,23,0.01667270204052329
32,controller,navigation_nominal,23,0.014649748336523771
32,learner,navigation_combined,23,0.016679908148944378
32,controller,navigation_combined,23,0.014762328937649727
4,controller,structured_nominal,24,0.013776092790067196
4,learner,structured_nominal,24,0.01558403018862009
4,controller,structured_combined,24,0.01344263693317771
4,learner,structured_combined,24,0.015477112028747797
4,controller,navigation_nominal,24,0.013756878208369017
4,learner,navigation_nominal,24,0.015312029980123043
4,controller,navigation_combined,24,0.013816607184708118
4,learner,navigation_combined,24,0.015327312052249908
8,controller,structured_nominal,24,0.014702055137604475
8,learner,structured_nominal,24,0.015780122950673103
8,controller,structured_combined,24,0.016798336058855057
8,learner,structured_combined,24,0.016024966724216938
8,controller,navigation_nominal,24,0.018805991858243942
8,learner,navigation_nominal,24,0.015763638075441122
8,controller,navigation_combined,24,0.016116727143526077
8,learner,navigation_combined,24,0.015710003208369017
16,controller,structured_nominal,24,0.01471664011478424
16,learner,structured_nominal,24,0.01670917496085167
16,controller,structured_combined,24,0.014582665637135506
16,learner,structured_combined,24,0.01598100597038865
16,controller,navigation_nominal,24,0.014436319936066866
16,learner,navigation_nominal,24,0.015997723210603
16,controller,navigation_combined,24,0.013977868016809225
16,learner,navigation_combined,24,0.016019158996641636
32,controller,structured_nominal,24,0.015401356853544712
32,learner,structured_nominal,24,0.017078727018088102
32,controller,structured_combined,24,0.015165716875344515
32,learner,structured_combined,24,0.016585283912718296
32,controller,navigation_nominal,24,0.015064718201756477
32,learner,navigation_nominal,24,0.016606294084340334
32,controller,navigation_combined,24,0.015579868108034134
32,learner,navigation_combined,24,0.017004420049488544
8,learner,structured_nominal,25,0.016990322154015303
8,controller,structured_nominal,25,0.018309122882783413
8,learner,structured_combined,25,0.015747719444334507
8,controller,structured_combined,25,0.016720201820135117
8,learner,navigation_nominal,25,0.015699211973696947
8,controller,navigation_nominal,25,0.015245283953845501
8,learner,navigation_combined,25,0.015747894998639822
8,controller,navigation_combined,25,0.01458688685670495
16,learner,structured_nominal,25,0.016202325001358986
16,controller,structured_nominal,25,0.013961194083094597
16,learner,structured_combined,25,0.016090751625597477
16,controller,structured_combined,25,0.013298256788402796
16,learner,navigation_nominal,25,0.016033788211643696
16,controller,navigation_nominal,25,0.013786373194307089
16,learner,navigation_combined,25,0.016065197065472603
16,controller,navigation_combined,25,0.013948703184723854
32,learner,structured_nominal,25,0.016722414176911116
32,controller,structured_nominal,25,0.01437779562547803
32,learner,structured_combined,25,0.01661750301718712
32,controller,structured_combined,25,0.014250719919800758
32,learner,navigation_nominal,25,0.016590797808021307
32,controller,navigation_nominal,25,0.014496615622192621
32,learner,navigation_combined,25,0.016540532000362873
32,controller,navigation_combined,25,0.01435550395399332
4,learner,structured_nominal,25,0.015548628754913807
4,controller,structured_nominal,25,0.014364236034452915
4,learner,structured_combined,25,0.015440441202372313
4,controller,structured_combined,25,0.014521440956741571
4,learner,navigation_nominal,25,0.015336720272898674
4,controller,navigation_nominal,25,0.014179479330778122
4,learner,navigation_combined,25,0.01528687821701169
4,controller,navigation_combined,25,0.013870710972696543
16,controller,structured_nominal,26,0.013861503917723894
16,learner,structured_nominal,26,0.016232215333729982
16,controller,structured_combined,26,0.01430389191955328
16,learner,structured_combined,26,0.016100856009870768
16,controller,navigation_nominal,26,0.014377433340996504
16,learner,navigation_nominal,26,0.01613384112715721
16,controller,navigation_combined,26,0.014413585886359215
16,learner,navigation_combined,26,0.016037057153880596
32,controller,structured_nominal,26,0.014835899695754051
32,learner,structured_nominal,26,0.01659599132835865
32,controller,structured_combined,26,0.01455554086714983
32,learner,structured_combined,26,0.01661079516634345
32,controller,navigation_nominal,26,0.01479238411411643
32,learner,navigation_nominal,26,0.01648773206397891
32,controller,navigation_combined,26,0.014292179141193628
32,learner,navigation_combined,26,0.016356192994862795
4,controller,structured_nominal,26,0.014582004863768816
4,learner,structured_nominal,26,0.01546423090621829
4,controller,structured_combined,26,0.01412503607571125
4,learner,structured_combined,26,0.015397340059280396
4,controller,navigation_nominal,26,0.013896055985242128
4,learner,navigation_nominal,26,0.015368778258562088
4,controller,navigation_combined,26,0.014499378856271505
4,learner,navigation_combined,26,0.01542293094098568
8,controller,structured_nominal,26,0.015438873786479235
8,learner,structured_nominal,26,0.01566027570515871
8,controller,structured_combined,26,0.014583643060177565
8,learner,structured_combined,26,0.015678812749683857
8,controller,navigation_nominal,26,0.014654462225735188
8,learner,navigation_nominal,26,0.01562782609835267
8,controller,navigation_combined,26,0.014959948137402534
8,learner,navigation_combined,26,0.015534838195890188
32,learner,structured_nominal,27,0.017075144220143557
32,controller,structured_nominal,27,0.014956096187233925
32,learner,structured_combined,27,0.016607601661235094
32,controller,structured_combined,27,0.01453785179182887
32,learner,navigation_nominal,27,0.01654398674145341
32,controller,navigation_nominal,27,0.014481162186712027
32,learner,navigation_combined,27,0.016655344050377607
32,controller,navigation_combined,27,0.014464867301285267
4,learner,structured_nominal,27,0.015438523143529892
4,controller,structured_nominal,27,0.01421622559428215
4,learner,structured_combined,27,0.01541397999972105
4,controller,structured_combined,27,0.014045146759599447
4,learner,navigation_nominal,27,0.015532494988292456
4,controller,navigation_nominal,27,0.014809767249971628
4,learner,navigation_combined,27,0.015585063025355339
4,controller,navigation_combined,27,0.014016090892255306
8,learner,structured_nominal,27,0.015835599973797798
8,controller,structured_nominal,27,0.014822183176875114
8,learner,structured_combined,27,0.015693137887865305
8,controller,structured_combined,27,0.014454021118581295
8,learner,navigation_nominal,27,0.01577425515279174
8,controller,navigation_nominal,27,0.014431876130402088
8,learner,navigation_combined,27,0.015647583175450563
8,controller,navigation_combined,27,0.015174164902418852
16,learner,structured_nominal,27,0.016131839249283075
16,controller,structured_nominal,27,0.013613963965326548
16,learner,structured_combined,27,0.01605244493111968
16,controller,structured_combined,27,0.01345858909189701
16,learner,navigation_nominal,27,0.015850768890231848
16,controller,navigation_nominal,27,0.013595755212008953
16,learner,navigation_combined,27,0.015995793044567108
16,controller,navigation_combined,27,0.013433766085654497
32,controller,structured_nominal,28,0.014414218720048666
32,learner,structured_nominal,28,0.016655355226248503
32,controller,structured_combined,28,0.014505915809422731
32,learner,structured_combined,28,0.016817132011055946
32,controller,navigation_nominal,28,0.01517448015511036
32,learner,navigation_nominal,28,0.016707974951714277
32,controller,navigation_combined,28,0.015149161219596863
32,learner,navigation_combined,28,0.016546846367418766
16,controller,structured_nominal,28,0.014182988088577986
16,learner,structured_nominal,28,0.016059329267591238
16,controller,structured_combined,28,0.013803171925246716
16,learner,structured_combined,28,0.016091278288513422
16,controller,navigation_nominal,28,0.014148092828691006
16,learner,navigation_nominal,28,0.016040625050663948
16,controller,navigation_combined,28,0.013690686784684658
16,learner,navigation_combined,28,0.015949189197272062
8,controller,structured_nominal,28,0.014855997636914253
8,learner,structured_nominal,28,0.015776777639985085
8,controller,structured_combined,28,0.015476678032428026
8,learner,structured_combined,28,0.015613996423780918
8,controller,navigation_nominal,28,0.014963541645556688
8,learner,navigation_nominal,28,0.015585557091981173
8,controller,navigation_combined,28,0.014499036129564047
8,learner,navigation_combined,28,0.0155542460270226
4,controller,structured_nominal,28,0.014059104025363922
4,learner,structured_nominal,28,0.015419005881994963
4,controller,structured_combined,28,0.013832603115588427
4,learner,structured_combined,28,0.015439608134329319
4,controller,navigation_nominal,28,0.013941022101789713
4,learner,navigation_nominal,28,0.015318504069000483
4,controller,navigation_combined,28,0.014069833792746067
4,learner,navigation_combined,28,0.01541496068239212
4,learner,structured_nominal,29,0.015579620841890574
4,controller,structured_nominal,29,0.015338988974690437
4,learner,structured_combined,29,0.015335496049374342
4,controller,structured_combined,29,0.01427918067201972
4,learner,navigation_nominal,29,0.015337754972279072
4,controller,navigation_nominal,29,0.014008414931595325
4,learner,navigation_combined,29,0.015217467211186886
4,controller,navigation_combined,29,0.013600113335996866
32,learner,structured_nominal,29,0.016593968030065298
32,controller,structured_nominal,29,0.014429374132305384
32,learner,structured_combined,29,0.016534571070224047
32,controller,structured_combined,29,0.014395433012396097
32,learner,navigation_nominal,29,0.016583533957600594
32,controller,navigation_nominal,29,0.01440219720825553
32,learner,navigation_combined,29,0.0165906623005867
32,controller,navigation_combined,29,0.01420640479773283
16,learner,structured_nominal,29,0.016085862182080746
16,controller,structured_nominal,29,0.01379671972244978
16,learner,structured_combined,29,0.015994433779269457
16,controller,structured_combined,29,0.01374252513051033
16,learner,navigation_nominal,29,0.016016976907849312
16,controller,navigation_nominal,29,0.013861537910997868
16,learner,navigation_combined,29,0.015961753204464912
16,controller,navigation_combined,29,0.013880306389182806
8,learner,structured_nominal,29,0.01570241618901491
8,controller,structured_nominal,29,0.01495402492582798
8,learner,structured_combined,29,0.015637822914868593
8,controller,structured_combined,29,0.014612948056310415
8,learner,navigation_nominal,29,0.015701035037636757
8,controller,navigation_nominal,29,0.014790591318160295
8,learner,navigation_combined,29,0.015530544333159924
8,controller,navigation_combined,29,0.014484626241028309
8,controller,structured_nominal,30,0.014297481160610914
8,learner,structured_nominal,30,0.015715499874204397
8,controller,structured_combined,30,0.014131783042103052
8,learner,structured_combined,30,0.015433043241500854
8,controller,navigation_nominal,30,0.01416294788941741
8,learner,navigation_nominal,30,0.015427090227603912
8,controller,navigation_combined,30,0.014342461246997118
8,learner,navigation_combined,30,0.015569878742098808
4,controller,structured_nominal,30,0.014004118274897337
4,learner,structured_nominal,30,0.015394169837236404
4,controller,structured_combined,30,0.013834577053785324
4,learner,structured_combined,30,0.0153597891330719
4,controller,navigation_nominal,30,0.014361130073666573
4,learner,navigation_nominal,30,0.01532917795702815
4,controller,navigation_combined,30,0.014038783963769674
4,learner,navigation_combined,30,0.015394166111946106
32,controller,structured_nominal,30,0.014328841120004654
32,learner,structured_nominal,30,0.01650183228775859
32,controller,structured_combined,30,0.014485763385891914
32,learner,structured_combined,30,0.01647518202662468
32,controller,navigation_nominal,30,0.014914795756340027
32,learner,navigation_nominal,30,0.01644184999167919
32,controller,navigation_combined,30,0.014367002993822098
32,learner,navigation_combined,30,0.016482717357575893
16,controller,structured_nominal,30,0.01405427698045969
16,learner,structured_nominal,30,0.01603932213038206
16,controller,structured_combined,30,0.013822561129927635
16,learner,structured_combined,30,0.016068494878709316
16,controller,navigation_nominal,30,0.01416805386543274
16,learner,navigation_nominal,30,0.01606329483911395
16,controller,navigation_combined,30,0.013956268783658743
16,learner,navigation_combined,30,0.01600863691419363
16,learner,structured_nominal,31,0.0162725611589849
16,controller,structured_nominal,31,0.014022073242813349
16,learner,structured_combined,31,0.016139104031026363
16,controller,structured_combined,31,0.013798159081488848
16,learner,navigation_nominal,31,0.01602558232843876
16,controller,navigation_nominal,31,0.013724576216191053
16,learner,navigation_combined,31,0.01593908481299877
16,controller,navigation_combined,31,0.013475875835865736
8,learner,structured_nominal,31,0.015767952892929316
8,controller,structured_nominal,31,0.01493027899414301
8,learner,structured_combined,31,0.01566895190626383
8,controller,structured_combined,31,0.014469838235527277
8,learner,navigation_nominal,31,0.015577119775116444
8,controller,navigation_nominal,31,0.014712332282215357
8,learner,navigation_combined,31,0.0156245781108737
8,controller,navigation_combined,31,0.014652469661086798
4,learner,structured_nominal,31,0.015522622969001532
4,controller,structured_nominal,31,0.014015142805874348
4,learner,structured_combined,31,0.015352196991443634
4,controller,structured_combined,31,0.01383105805143714
4,learner,navigation_nominal,31,0.015358372125774622
4,controller,navigation_nominal,31,0.013939887750893831
4,learner,navigation_combined,31,0.015427711885422468
4,controller,navigation_combined,31,0.013647325802594423
32,learner,structured_nominal,31,0.016618068795651197
32,controller,structured_nominal,31,0.014291039202362299
32,learner,structured_combined,31,0.01657546777278185
32,controller,structured_combined,31,0.014270892832428217
32,learner,navigation_nominal,31,0.016489712987095118
32,controller,navigation_nominal,31,0.014489104971289635
32,learner,navigation_combined,31,0.016497896052896976
32,controller,navigation_combined,31,0.014252664986997843
4,controller,structured_nominal,32,0.013642462901771069
4,learner,structured_nominal,32,0.015215496066957712
4,controller,structured_combined,32,0.013473441824316978
4,learner,structured_combined,32,0.01522943377494812
4,controller,navigation_nominal,32,0.013762341812252998
4,learner,navigation_nominal,32,0.015340365003794432
4,controller,navigation_combined,32,0.013592868577688932
4,learner,navigation_combined,32,0.015079728793352842
8,controller,structured_nominal,32,0.014267526101320982
8,learner,structured_nominal,32,0.015597015153616667
8,controller,structured_combined,32,0.014322319999337196
8,learner,structured_combined,32,0.015553285833448172
8,controller,navigation_nominal,32,0.014480984769761562
8,learner,navigation_nominal,32,0.015512234065681696
8,controller,navigation_combined,32,0.014466076157987118
8,learner,navigation_combined,32,0.015428734011948109
16,controller,structured_nominal,32,0.01382132014259696
16,learner,structured_nominal,32,0.01601012609899044
16,controller,structured_combined,32,0.013689458835870028
16,learner,structured_combined,32,0.01605713926255703
16,controller,navigation_nominal,32,0.013855100609362125
16,learner,navigation_nominal,32,0.015856693033128977
16,controller,navigation_combined,32,0.013868669979274273
16,learner,navigation_combined,32,0.015831864904612303
32,controller,structured_nominal,32,0.014496459625661373
32,learner,structured_nominal,32,0.0164322592318058
32,controller,structured_combined,32,0.014348170254379511
32,learner,structured_combined,32,0.016374345868825912
32,controller,navigation_nominal,32,0.014428447000682354
32,learner,navigation_nominal,32,0.016412935219705105
32,controller,navigation_combined,32,0.014587562996894121
32,learner,navigation_combined,32,0.01643800502642989
8,learner,structured_nominal,33,0.015997586771845818
8,controller,structured_nominal,33,0.016455633100122213
8,learner,structured_combined,33,0.015646893065422773
8,controller,structured_combined,33,0.014990549068897963
8,learner,navigation_nominal,33,0.015643643215298653
8,controller,navigation_nominal,33,0.014659025706350803
8,learner,navigation_combined,33,0.015685881953686476
8,controller,navigation_combined,33,0.014309568796306849
16,learner,structured_nominal,33,0.01597715402022004
16,controller,structured_nominal,33,0.013350069057196379
16,learner,structured_combined,33,0.0159595450386405
16,controller,structured_combined,33,0.013732998166233301
16,learner,navigation_nominal,33,0.015919295139610767
16,controller,navigation_nominal,33,0.013610928319394588
16,learner,navigation_combined,33,0.01590724103152752
16,controller,navigation_combined,33,0.01326423930004239
32,learner,structured_nominal,33,0.01650818483904004
32,controller,structured_nominal,33,0.014364449307322502
32,learner,structured_combined,33,0.016420713160187006
32,controller,structured_combined,33,0.014178290963172913
32,learner,navigation_nominal,33,0.0164740770123899
32,controller,navigation_nominal,33,0.014241613913327456
32,learner,navigation_combined,33,0.01653347024694085
32,controller,navigation_combined,33,0.014404767658561468
4,learner,structured_nominal,33,0.015432203188538551
4,controller,structured_nominal,33,0.014077852945774794
4,learner,structured_combined,33,0.01529628923162818
4,controller,structured_combined,33,0.013728247955441475
4,learner,navigation_nominal,33,0.01533867884427309
4,controller,navigation_nominal,33,0.0145912179723382
4,learner,navigation_combined,33,0.015257386956363916
4,controller,navigation_combined,33,0.013741398230195045
16,controller,structured_nominal,34,0.013635253999382257
16,learner,structured_nominal,34,0.015897869132459164
16,controller,structured_combined,34,0.01375646609812975
16,learner,structured_combined,34,0.015876409132033587
16,controller,navigation_nominal,34,0.013826011214405298
16,learner,navigation_nominal,34,0.015898774843662977
16,controller,navigation_combined,34,0.013705444056540728
16,learner,navigation_combined,34,0.015916532836854458
32,controller,structured_nominal,34,0.014485529158264399
32,learner,structured_nominal,34,0.016426047775894403
32,controller,structured_combined,34,0.014251507818698883
32,learner,structured_combined,34,0.016333313193172216
32,controller,navigation_nominal,34,0.014495430048555136
32,learner,navigation_nominal,34,0.01633685128763318
32,controller,navigation_combined,34,0.014354572165757418
32,learner,navigation_combined,34,0.01629816275089979
4,controller,structured_nominal,34,0.014514691196382046
4,learner,structured_nominal,34,0.015298653393983841
4,controller,structured_combined,34,0.013702359050512314
4,learner,structured_combined,34,0.015366185922175646
4,controller,navigation_nominal,34,0.01448436314240098
4,learner,navigation_nominal,34,0.0153340520337224
4,controller,navigation_combined,34,0.014710817951709032
4,learner,navigation_combined,34,0.015270452946424484
8,controller,structured_nominal,34,0.014766215812414885
8,learner,structured_nominal,34,0.015632058959454298
8,controller,structured_combined,34,0.01439068978652358
8,learner,structured_combined,34,0.015582091175019741
8,controller,navigation_nominal,34,0.014668247196823359
8,learner,navigation_nominal,34,0.015711999032646418
8,controller,navigation_combined,34,0.016287202015519142
8,learner,navigation_combined,34,0.015718346927314997
32,learner,structured_nominal,35,0.017315441742539406
32,controller,structured_nominal,35,0.01512432610616088
32,learner,structured_combined,35,0.016812693793326616
32,controller,structured_combined,35,0.01457842392846942
32,learner,navigation_nominal,35,0.016654667910188437
32,controller,navigation_nominal,35,0.015019134152680635
32,learner,navigation_combined,35,0.01658575190231204
32,controller,navigation_combined,35,0.01443004421889782
4,learner,structured_nominal,35,0.01569736935198307
4,controller,structured_nominal,35,0.014796763192862272
4,learner,structured_combined,35,0.015310711227357388
4,controller,structured_combined,35,0.013841698877513409
4,learner,navigation_nominal,35,0.015570471994578838
4,controller,navigation_nominal,35,0.013867165893316269
4,learner,navigation_combined,35,0.015396857168525457
4,controller,navigation_combined,35,0.013850526884198189
8,learner,structured_nominal,35,0.015636505093425512
8,controller,structured_nominal,35,0.014541016891598701
8,learner,structured_combined,35,0.015709214843809605
8,controller,structured_combined,35,0.014508325140923262
8,learner,navigation_nominal,35,0.01572280516847968
8,controller,navigation_nominal,35,0.014518305193632841
8,learner,navigation_combined,35,0.015665538143366575
8,controller,navigation_combined,35,0.014634884893894196
16,learner,structured_nominal,35,0.016223805025219917
16,controller,structured_nominal,35,0.013684844132512808
16,learner,structured_combined,35,0.016144145745784044
16,controller,structured_combined,35,0.013743827119469643
16,learner,navigation_nominal,35,0.016053262166678905
16,controller,navigation_nominal,35,0.01363052474334836
16,learner,navigation_combined,35,0.015981045085936785
16,controller,navigation_combined,35,0.013614241033792496
32,controller,structured_nominal,36,0.01453077094629407
32,learner,structured_nominal,36,0.016414032317698002
32,controller,structured_combined,36,0.0143078682012856
32,learner,structured_combined,36,0.016464891377836466
32,controller,navigation_nominal,36,0.014314922969788313
32,learner,navigation_nominal,36,0.016390470787882805
32,controller,navigation_combined,36,0.0142416269518435
32,learner,navigation_combined,36,0.016384056769311428
16,controller,structured_nominal,36,0.013828018680214882
16,learner,structured_nominal,36,0.015945599880069494
16,controller,structured_combined,36,0.013660083059221506
16,learner,structured_combined,36,0.015925101935863495
16,controller,navigation_nominal,36,0.014025385025888681
16,learner,navigation_nominal,36,0.01598529703915119
16,controller,navigation_combined,36,0.014136772137135267
16,learner,navigation_combined,36,0.016306592151522636
8,controller,structured_nominal,36,0.018713664263486862
8,learner,structured_nominal,36,0.01576603390276432
8,controller,structured_combined,36,0.015866972971707582
8,learner,structured_combined,36,0.015564142726361752
8,controller,navigation_nominal,36,0.014750120230019093
8,learner,navigation_nominal,36,0.015487798023968935
8,controller,navigation_combined,36,0.014445086009800434
8,learner,navigation_combined,36,0.015417218673974276
4,controller,structured_nominal,36,0.013850972056388855
4,learner,structured_nominal,36,0.015356583055108786
4,controller,structured_combined,36,0.013617909979075193
4,learner,structured_combined,36,0.015281446278095245
4,controller,navigation_nominal,36,0.013985632453113794
4,learner,navigation_nominal,36,0.01516654109582305
4,controller,navigation_combined,36,0.01356836874037981
4,learner,navigation_combined,36,0.01522991107776761
4,learner,structured_nominal,37,0.015484330710023642
4,controller,structured_nominal,37,0.015063867904245853
4,learner,structured_combined,37,0.0152475549839437
4,controller,structured_combined,37,0.014384002890437841
4,learner,navigation_nominal,37,0.015364677179604769
4,controller,navigation_nominal,37,0.014153137803077698
4,learner,navigation_combined,37,0.015356013085693121
4,controller,navigation_combined,37,0.014105475042015314
32,learner,structured_nominal,37,0.016711606178432703
32,controller,structured_nominal,37,0.014434829819947481
32,learner,structured_combined,37,0.016506037209182978
32,controller,structured_combined,37,0.014354885090142488
32,learner,navigation_nominal,37,0.01636979216709733
32,controller,navigation_nominal,37,0.01412354689091444
32,learner,navigation_combined,37,0.016452958807349205
32,controller,navigation_combined,37,0.013960291631519794
16,learner,structured_nominal,37,0.01606939872726798
16,controller,structured_nominal,37,0.013379350770264864
16,learner,structured_combined,37,0.015971233136951923
16,controller,structured_combined,37,0.013574328739196062
16,learner,navigation_nominal,37,0.01596505008637905
16,controller,navigation_nominal,37,0.013495486695319414
16,learner,navigation_combined,37,0.015946641098707914
16,controller,navigation_combined,37,0.013233425095677376
8,learner,structured_nominal,37,0.015610633883625269
8,controller,structured_nominal,37,0.014344612136483192
8,learner,structured_combined,37,0.015526812057942152
8,controller,structured_combined,37,0.0140689960680902
8,learner,navigation_nominal,37,0.015517644118517637
8,controller,navigation_nominal,37,0.01429776381701231
8,learner,navigation_combined,37,0.01555242808535695
8,controller,navigation_combined,37,0.014091814868152142
8,controller,structured_nominal,38,0.013751657214015722
8,learner,structured_nominal,38,0.015542701818048954
8,controller,structured_combined,38,0.013709792867302895
8,learner,structured_combined,38,0.015534554608166218
8,controller,navigation_nominal,38,0.014050402212888002
8,learner,navigation_nominal,38,0.01546830590814352
8,controller,navigation_combined,38,0.0139620047993958
8,learner,navigation_combined,38,0.015451735816895962
4,controller,structured_nominal,38,0.013720459770411253
4,learner,structured_nominal,38,0.01538976514711976
4,controller,structured_combined,38,0.0135530149564147
4,learner,structured_combined,38,0.015388200990855694
4,controller,navigation_nominal,38,0.013592756818979979
4,learner,navigation_nominal,38,0.015370227862149477
4,controller,navigation_combined,38,0.013494746759533882
4,learner,navigation_combined,38,0.01525789825245738
32,controller,structured_nominal,38,0.01429868396371603
32,learner,structured_nominal,38,0.016447478905320168
32,controller,structured_combined,38,0.014141732826828957
32,learner,structured_combined,38,0.016667970921844244
32,controller,navigation_nominal,38,0.014982330612838268
32,learner,navigation_nominal,38,0.016487221233546734
32,controller,navigation_combined,38,0.014624250121414661
32,learner,navigation_combined,38,0.01643010787665844
16,controller,structured_nominal,38,0.013943762052804232
16,learner,structured_nominal,38,0.016173003241419792
16,controller,structured_combined,38,0.014025019016116858
16,learner,structured_combined,38,0.016020305920392275
16,controller,navigation_nominal,38,0.014013916254043579
16,learner,navigation_nominal,38,0.01596998469904065
16,controller,navigation_combined,38,0.013593224808573723
16,learner,navigation_combined,38,0.016022996976971626
16,learner,structured_nominal,39,0.01657228684052825
16,controller,structured_nominal,39,0.014272718224674463
16,learner,structured_combined,39,0.01628412213176489
16,controller,structured_combined,39,0.01410322031006217
16,learner,navigation_nominal,39,0.016111542005091906
16,controller,navigation_nominal,39,0.013728827238082886
16,learner,navigation_combined,39,0.016018800903111696
16,controller,navigation_combined,39,0.013624715618789196
8,learner,structured_nominal,39,0.01572325499728322
8,controller,structured_nominal,39,0.014734065625816584
8,learner,structured_combined,39,0.015629093162715435
8,controller,structured_combined,39,0.014985708054155111
8,learner,navigation_nominal,39,0.015547516290098429
8,controller,navigation_nominal,39,0.014578710310161114
8,learner,navigation_combined,39,0.015516397077590227
8,controller,navigation_combined,39,0.014200374018400908
4,learner,structured_nominal,39,0.01539902901276946
4,controller,structured_nominal,39,0.014191366266459227
4,learner,structured_combined,39,0.015247311908751726
4,controller,structured_combined,39,0.013344799634069204
4,learner,navigation_nominal,39,0.015233275014907122
4,controller,navigation_nominal,39,0.014172522816807032
4,learner,navigation_combined,39,0.01535117719322443
4,controller,navigation_combined,39,0.014718666672706604
32,learner,structured_nominal,39,0.016618783120065928
32,controller,structured_nominal,39,0.01419875305145979
32,learner,structured_combined,39,0.016467740759253502
32,controller,structured_combined,39,0.014236914925277233
32,learner,navigation_nominal,39,0.01646209182217717
32,controller,navigation_nominal,39,0.014184882864356041
32,learner,navigation_combined,39,0.016496132593601942
32,controller,navigation_combined,39,0.014206414110958576
