actual_config_differences,baseline_role,baseline_value,cell,difference,inference,library_seed,method,metric,physical_world_id,role,value
"[""plant_step_seconds""]",oracle,0,structured/combined/prescribed,0,descriptive paired physical world; no crossed confidence interval,11,F2,actual_collision,world-6f64c6864d1713739f0f3a1f55a064f3b2c16683170a99bdf4ff3b204719de04,fine_p0,0
"[""plant_step_seconds""]",oracle,0.0,structured/combined/prescribed,0.0,descriptive paired physical world; no crossed confidence interval,11,F2,safe_task_completion,world-6f64c6864d1713739f0f3a1f55a064f3b2c16683170a99bdf4ff3b204719de04,fine_p0,0.0
"[""plant_step_seconds""]",oracle,0.17295362207970075,structured/combined/prescribed,-1.3121057499121402e-06,descriptive paired physical world; no crossed confidence interval,11,F2,collider_clearance_lower_m,world-6f64c6864d1713739f0f3a1f55a064f3b2c16683170a99bdf4ff3b204719de04,fine_p0,0.17295230997395084
"[""plant_step_seconds""]",oracle,0.0,structured/combined/prescribed,0.0,descriptive paired physical world; no crossed confidence interval,11,F2,controller_deadline_miss_rate,world-6f64c6864d1713739f0f3a1f55a064f3b2c16683170a99bdf4ff3b204719de04,fine_p0,0.0
"[""plant_step_seconds""]",oracle,0,structured/combined/prescribed,0,descriptive paired physical world; no crossed confidence interval,11,A,actual_collision,world-6f64c6864d1713739f0f3a1f55a064f3b2c16683170a99bdf4ff3b204719de04,fine_p0,0
"[""plant_step_seconds""]",oracle,0.0,structured/combined/prescribed,0.0,descriptive paired physical world; no crossed confidence interval,11,A,safe_task_completion,world-6f64c6864d1713739f0f3a1f55a064f3b2c16683170a99bdf4ff3b204719de04,fine_p0,0.0
"[""plant_step_seconds""]",oracle,0.1755162508399283,structured/combined/prescribed,-0.0003473483003608169,descriptive paired physical world; no crossed confidence interval,11,A,collider_clearance_lower_m,world-6f64c6864d1713739f0f3a1f55a064f3b2c16683170a99bdf4ff3b204719de04,fine_p0,0.1751689025395675
"[""plant_step_seconds""]",oracle,0.0,structured/combined/prescribed,0.0,descriptive paired physical world; no crossed confidence interval,11,A,controller_deadline_miss_rate,world-6f64c6864d1713739f0f3a1f55a064f3b2c16683170a99bdf4ff3b204719de04,fine_p0,0.0
"[""plant_step_seconds""]",oracle,0,navigation/combined/prescribed,0,descriptive paired physical world; no crossed confidence interval,11,F2,actual_collision,world-3fecd66fb4160ea583cde9a9152861cc32fc5991b18f36e90d5795b74148236e,fine_p0,0
"[""plant_step_seconds""]",oracle,0.0,navigation/combined/prescribed,0.0,descriptive paired physical world; no crossed confidence interval,11,F2,safe_task_completion,world-3fecd66fb4160ea583cde9a9152861cc32fc5991b18f36e90d5795b74148236e,fine_p0,0.0
"[""plant_step_seconds""]",oracle,0.17336526030856134,navigation/combined/prescribed,-0.006126785788156647,descriptive paired physical world; no crossed confidence interval,11,F2,collider_clearance_lower_m,world-3fecd66fb4160ea583cde9a9152861cc32fc5991b18f36e90d5795b74148236e,fine_p0,0.1672384745204047
"[""plant_step_seconds""]",oracle,0.0,navigation/combined/prescribed,0.0,descriptive paired physical world; no crossed confidence interval,11,F2,controller_deadline_miss_rate,world-3fecd66fb4160ea583cde9a9152861cc32fc5991b18f36e90d5795b74148236e,fine_p0,0.0
"[""plant_step_seconds""]",oracle,0,navigation/combined/prescribed,0,descriptive paired physical world; no crossed confidence interval,11,A,actual_collision,world-3fecd66fb4160ea583cde9a9152861cc32fc5991b18f36e90d5795b74148236e,fine_p0,0
"[""plant_step_seconds""]",oracle,0.0,navigation/combined/prescribed,0.0,descriptive paired physical world; no crossed confidence interval,11,A,safe_task_completion,world-3fecd66fb4160ea583cde9a9152861cc32fc5991b18f36e90d5795b74148236e,fine_p0,0.0
"[""plant_step_seconds""]",oracle,0.17198413088891082,navigation/combined/prescribed,0.0009769399603422046,descriptive paired physical world; no crossed confidence interval,11,A,collider_clearance_lower_m,world-3fecd66fb4160ea583cde9a9152861cc32fc5991b18f36e90d5795b74148236e,fine_p0,0.17296107084925302
"[""plant_step_seconds""]",oracle,0.0,navigation/combined/prescribed,0.0,descriptive paired physical world; no crossed confidence interval,11,A,controller_deadline_miss_rate,world-3fecd66fb4160ea583cde9a9152861cc32fc5991b18f36e90d5795b74148236e,fine_p0,0.0
"[""plant_level""]",fine_p0,0,structured/combined/prescribed,0,descriptive paired physical world; no crossed confidence interval,11,F2,actual_collision,world-6f64c6864d1713739f0f3a1f55a064f3b2c16683170a99bdf4ff3b204719de04,p1,0
"[""plant_level""]",fine_p0,0.0,structured/combined/prescribed,0.0,descriptive paired physical world; no crossed confidence interval,11,F2,safe_task_completion,world-6f64c6864d1713739f0f3a1f55a064f3b2c16683170a99bdf4ff3b204719de04,p1,0.0
"[""plant_level""]",fine_p0,0.17295230997395084,structured/combined/prescribed,0.00022376958928857493,descriptive paired physical world; no crossed confidence interval,11,F2,collider_clearance_lower_m,world-6f64c6864d1713739f0f3a1f55a064f3b2c16683170a99bdf4ff3b204719de04,p1,0.1731760795632394
"[""plant_level""]",fine_p0,0.0,structured/combined/prescribed,0.0,descriptive paired physical world; no crossed confidence interval,11,F2,controller_deadline_miss_rate,world-6f64c6864d1713739f0f3a1f55a064f3b2c16683170a99bdf4ff3b204719de04,p1,0.0
"[""plant_level""]",fine_p0,0,structured/combined/prescribed,0,descriptive paired physical world; no crossed confidence interval,11,A,actual_collision,world-6f64c6864d1713739f0f3a1f55a064f3b2c16683170a99bdf4ff3b204719de04,p1,0
"[""plant_level""]",fine_p0,0.0,structured/combined/prescribed,0.0,descriptive paired physical world; no crossed confidence interval,11,A,safe_task_completion,world-6f64c6864d1713739f0f3a1f55a064f3b2c16683170a99bdf4ff3b204719de04,p1,0.0
"[""plant_level""]",fine_p0,0.1751689025395675,structured/combined/prescribed,-0.00021723415191157724,descriptive paired physical world; no crossed confidence interval,11,A,collider_clearance_lower_m,world-6f64c6864d1713739f0f3a1f55a064f3b2c16683170a99bdf4ff3b204719de04,p1,0.1749516683876559
"[""plant_level""]",fine_p0,0.0,structured/combined/prescribed,0.0,descriptive paired physical world; no crossed confidence interval,11,A,controller_deadline_miss_rate,world-6f64c6864d1713739f0f3a1f55a064f3b2c16683170a99bdf4ff3b204719de04,p1,0.0
"[""plant_level""]",fine_p0,0,navigation/combined/prescribed,0,descriptive paired physical world; no crossed confidence interval,11,F2,actual_collision,world-3fecd66fb4160ea583cde9a9152861cc32fc5991b18f36e90d5795b74148236e,p1,0
"[""plant_level""]",fine_p0,0.0,navigation/combined/prescribed,0.0,descriptive paired physical world; no crossed confidence interval,11,F2,safe_task_completion,world-3fecd66fb4160ea583cde9a9152861cc32fc5991b18f36e90d5795b74148236e,p1,0.0
"[""plant_level""]",fine_p0,0.1672384745204047,navigation/combined/prescribed,0.001369644584150287,descriptive paired physical world; no crossed confidence interval,11,F2,collider_clearance_lower_m,world-3fecd66fb4160ea583cde9a9152861cc32fc5991b18f36e90d5795b74148236e,p1,0.16860811910455498
"[""plant_level""]",fine_p0,0.0,navigation/combined/prescribed,0.0,descriptive paired physical world; no crossed confidence interval,11,F2,controller_deadline_miss_rate,world-3fecd66fb4160ea583cde9a9152861cc32fc5991b18f36e90d5795b74148236e,p1,0.0
"[""plant_level""]",fine_p0,0,navigation/combined/prescribed,0,descriptive paired physical world; no crossed confidence interval,11,A,actual_collision,world-3fecd66fb4160ea583cde9a9152861cc32fc5991b18f36e90d5795b74148236e,p1,0
"[""plant_level""]",fine_p0,0.0,navigation/combined/prescribed,0.0,descriptive paired physical world; no crossed confidence interval,11,A,safe_task_completion,world-3fecd66fb4160ea583cde9a9152861cc32fc5991b18f36e90d5795b74148236e,p1,0.0
"[""plant_level""]",fine_p0,0.17296107084925302,navigation/combined/prescribed,-0.0023606149334120252,descriptive paired physical world; no crossed confidence interval,11,A,collider_clearance_lower_m,world-3fecd66fb4160ea583cde9a9152861cc32fc5991b18f36e90d5795b74148236e,p1,0.170600455915841
"[""plant_level""]",fine_p0,0.0,navigation/combined/prescribed,0.0,descriptive paired physical world; no crossed confidence interval,11,A,controller_deadline_miss_rate,world-3fecd66fb4160ea583cde9a9152861cc32fc5991b18f36e90d5795b74148236e,p1,0.0
"[""plant_level""]",fine_p0,0,structured/combined/prescribed,0,descriptive paired physical world; no crossed confidence interval,11,F2,actual_collision,world-6f64c6864d1713739f0f3a1f55a064f3b2c16683170a99bdf4ff3b204719de04,p2,0
"[""plant_level""]",fine_p0,0.0,structured/combined/prescribed,0.0,descriptive paired physical world; no crossed confidence interval,11,F2,safe_task_completion,world-6f64c6864d1713739f0f3a1f55a064f3b2c16683170a99bdf4ff3b204719de04,p2,0.0
"[""plant_level""]",fine_p0,0.17295230997395084,structured/combined/prescribed,-0.0002342025126744196,descriptive paired physical world; no crossed confidence interval,11,F2,collider_clearance_lower_m,world-6f64c6864d1713739f0f3a1f55a064f3b2c16683170a99bdf4ff3b204719de04,p2,0.17271810746127642
"[""plant_level""]",fine_p0,0.0,structured/combined/prescribed,0.0,descriptive paired physical world; no crossed confidence interval,11,F2,controller_deadline_miss_rate,world-6f64c6864d1713739f0f3a1f55a064f3b2c16683170a99bdf4ff3b204719de04,p2,0.0
"[""plant_level""]",fine_p0,0,structured/combined/prescribed,0,descriptive paired physical world; no crossed confidence interval,11,A,actual_collision,world-6f64c6864d1713739f0f3a1f55a064f3b2c16683170a99bdf4ff3b204719de04,p2,0
"[""plant_level""]",fine_p0,0.0,structured/combined/prescribed,0.0,descriptive paired physical world; no crossed confidence interval,11,A,safe_task_completion,world-6f64c6864d1713739f0f3a1f55a064f3b2c16683170a99bdf4ff3b204719de04,p2,0.0
"[""plant_level""]",fine_p0,0.1751689025395675,structured/combined/prescribed,-0.0006274126064829688,descriptive paired physical world; no crossed confidence interval,11,A,collider_clearance_lower_m,world-6f64c6864d1713739f0f3a1f55a064f3b2c16683170a99bdf4ff3b204719de04,p2,0.17454148993308452
"[""plant_level""]",fine_p0,0.0,structured/combined/prescribed,0.0,descriptive paired physical world; no crossed confidence interval,11,A,controller_deadline_miss_rate,world-6f64c6864d1713739f0f3a1f55a064f3b2c16683170a99bdf4ff3b204719de04,p2,0.0
"[""plant_level""]",fine_p0,0,navigation/combined/prescribed,0,descriptive paired physical world; no crossed confidence interval,11,F2,actual_collision,world-3fecd66fb4160ea583cde9a9152861cc32fc5991b18f36e90d5795b74148236e,p2,0
"[""plant_level""]",fine_p0,0.0,navigation/combined/prescribed,0.0,descriptive paired physical world; no crossed confidence interval,11,F2,safe_task_completion,world-3fecd66fb4160ea583cde9a9152861cc32fc5991b18f36e90d5795b74148236e,p2,0.0
"[""plant_level""]",fine_p0,0.1672384745204047,navigation/combined/prescribed,0.002980588253193639,descriptive paired physical world; no crossed confidence interval,11,F2,collider_clearance_lower_m,world-3fecd66fb4160ea583cde9a9152861cc32fc5991b18f36e90d5795b74148236e,p2,0.17021906277359833
"[""plant_level""]",fine_p0,0.0,navigation/combined/prescribed,0.0,descriptive paired physical world; no crossed confidence interval,11,F2,controller_deadline_miss_rate,world-3fecd66fb4160ea583cde9a9152861cc32fc5991b18f36e90d5795b74148236e,p2,0.0
"[""plant_level""]",fine_p0,0,navigation/combined/prescribed,0,descriptive paired physical world; no crossed confidence interval,11,A,actual_collision,world-3fecd66fb4160ea583cde9a9152861cc32fc5991b18f36e90d5795b74148236e,p2,0
"[""plant_level""]",fine_p0,0.0,navigation/combined/prescribed,0.0,descriptive paired physical world; no crossed confidence interval,11,A,safe_task_completion,world-3fecd66fb4160ea583cde9a9152861cc32fc5991b18f36e90d5795b74148236e,p2,0.0
"[""plant_level""]",fine_p0,0.17296107084925302,navigation/combined/prescribed,-0.0005451757831781423,descriptive paired physical world; no crossed confidence interval,11,A,collider_clearance_lower_m,world-3fecd66fb4160ea583cde9a9152861cc32fc5991b18f36e90d5795b74148236e,p2,0.17241589506607488
"[""plant_level""]",fine_p0,0.0,navigation/combined/prescribed,0.0,descriptive paired physical world; no crossed confidence interval,11,A,controller_deadline_miss_rate,world-3fecd66fb4160ea583cde9a9152861cc32fc5991b18f36e90d5795b74148236e,p2,0.0
"[""observation_config.effectiveness_bias""]",oracle,0,structured/combined/prescribed,1,descriptive paired physical world; no crossed confidence interval,11,F2,actual_collision,world-6f64c6864d1713739f0f3a1f55a064f3b2c16683170a99bdf4ff3b204719de04,effectiveness_bias,1
"[""observation_config.effectiveness_bias""]",oracle,0.0,structured/combined/prescribed,0.0,descriptive paired physical world; no crossed confidence interval,11,F2,safe_task_completion,world-6f64c6864d1713739f0f3a1f55a064f3b2c16683170a99bdf4ff3b204719de04,effectiveness_bias,0.0
"[""observation_config.effectiveness_bias""]",oracle,0.17295362207970075,structured/combined/prescribed,-0.17305449406394086,descriptive paired physical world; no crossed confidence interval,11,F2,collider_clearance_lower_m,world-6f64c6864d1713739f0f3a1f55a064f3b2c16683170a99bdf4ff3b204719de04,effectiveness_bias,-0.00010087198424011094
"[""observation_config.effectiveness_bias""]",oracle,0.0,structured/combined/prescribed,0.0,descriptive paired physical world; no crossed confidence interval,11,F2,controller_deadline_miss_rate,world-6f64c6864d1713739f0f3a1f55a064f3b2c16683170a99bdf4ff3b204719de04,effectiveness_bias,0.0
"[""observation_config.effectiveness_bias""]",oracle,0,structured/combined/prescribed,1,descriptive paired physical world; no crossed confidence interval,11,A,actual_collision,world-6f64c6864d1713739f0f3a1f55a064f3b2c16683170a99bdf4ff3b204719de04,effectiveness_bias,1
"[""observation_config.effectiveness_bias""]",oracle,0.0,structured/combined/prescribed,0.0,descriptive paired physical world; no crossed confidence interval,11,A,safe_task_completion,world-6f64c6864d1713739f0f3a1f55a064f3b2c16683170a99bdf4ff3b204719de04,effectiveness_bias,0.0
"[""observation_config.effectiveness_bias""]",oracle,0.1755162508399283,structured/combined/prescribed,-0.17736938214648965,descriptive paired physical world; no crossed confidence interval,11,A,collider_clearance_lower_m,world-6f64c6864d1713739f0f3a1f55a064f3b2c16683170a99bdf4ff3b204719de04,effectiveness_bias,-0.0018531313065613402
"[""observation_config.effectiveness_bias""]",oracle,0.0,structured/combined/prescribed,0.0,descriptive paired physical world; no crossed confidence interval,11,A,controller_deadline_miss_rate,world-6f64c6864d1713739f0f3a1f55a064f3b2c16683170a99bdf4ff3b204719de04,effectiveness_bias,0.0
"[""observation_config.effectiveness_bias""]",oracle,0,navigation/combined/prescribed,1,descriptive paired physical world; no crossed confidence interval,11,F2,actual_collision,world-3fecd66fb4160ea583cde9a9152861cc32fc5991b18f36e90d5795b74148236e,effectiveness_bias,1
"[""observation_config.effectiveness_bias""]",oracle,0.0,navigation/combined/prescribed,0.0,descriptive paired physical world; no crossed confidence interval,11,F2,safe_task_completion,world-3fecd66fb4160ea583cde9a9152861cc32fc5991b18f36e90d5795b74148236e,effectiveness_bias,0.0
"[""observation_config.effectiveness_bias""]",oracle,0.17336526030856134,navigation/combined/prescribed,-0.17392142904795707,descriptive paired physical world; no crossed confidence interval,11,F2,collider_clearance_lower_m,world-3fecd66fb4160ea583cde9a9152861cc32fc5991b18f36e90d5795b74148236e,effectiveness_bias,-0.0005561687393957461
"[""observation_config.effectiveness_bias""]",oracle,0.0,navigation/combined/prescribed,0.0,descriptive paired physical world; no crossed confidence interval,11,F2,controller_deadline_miss_rate,world-3fecd66fb4160ea583cde9a9152861cc32fc5991b18f36e90d5795b74148236e,effectiveness_bias,0.0
"[""observation_config.effectiveness_bias""]",oracle,0,navigation/combined/prescribed,1,descriptive paired physical world; no crossed confidence interval,11,A,actual_collision,world-3fecd66fb4160ea583cde9a9152861cc32fc5991b18f36e90d5795b74148236e,effectiveness_bias,1
"[""observation_config.effectiveness_bias""]",oracle,0.0,navigation/combined/prescribed,0.0,descriptive paired physical world; no crossed confidence interval,11,A,safe_task_completion,world-3fecd66fb4160ea583cde9a9152861cc32fc5991b18f36e90d5795b74148236e,effectiveness_bias,0.0
"[""observation_config.effectiveness_bias""]",oracle,0.17198413088891082,navigation/combined/prescribed,-0.17260244378789072,descriptive paired physical world; no crossed confidence interval,11,A,collider_clearance_lower_m,world-3fecd66fb4160ea583cde9a9152861cc32fc5991b18f36e90d5795b74148236e,effectiveness_bias,-0.0006183128989799123
"[""observation_config.effectiveness_bias""]",oracle,0.0,navigation/combined/prescribed,0.0,descriptive paired physical world; no crossed confidence interval,11,A,controller_deadline_miss_rate,world-3fecd66fb4160ea583cde9a9152861cc32fc5991b18f36e90d5795b74148236e,effectiveness_bias,0.0
"[""observation_config.lag_scale""]",oracle,0,structured/combined/prescribed,0,descriptive paired physical world; no crossed confidence interval,11,F2,actual_collision,world-6f64c6864d1713739f0f3a1f55a064f3b2c16683170a99bdf4ff3b204719de04,lag_scale,0
"[""observation_config.lag_scale""]",oracle,0.0,structured/combined/prescribed,0.0,descriptive paired physical world; no crossed confidence interval,11,F2,safe_task_completion,world-6f64c6864d1713739f0f3a1f55a064f3b2c16683170a99bdf4ff3b204719de04,lag_scale,0.0
"[""observation_config.lag_scale""]",oracle,0.17295362207970075,structured/combined/prescribed,-6.743112007590035e-05,descriptive paired physical world; no crossed confidence interval,11,F2,collider_clearance_lower_m,world-6f64c6864d1713739f0f3a1f55a064f3b2c16683170a99bdf4ff3b204719de04,lag_scale,0.17288619095962485
"[""observation_config.lag_scale""]",oracle,0.0,structured/combined/prescribed,0.0,descriptive paired physical world; no crossed confidence interval,11,F2,controller_deadline_miss_rate,world-6f64c6864d1713739f0f3a1f55a064f3b2c16683170a99bdf4ff3b204719de04,lag_scale,0.0
"[""observation_config.lag_scale""]",oracle,0,structured/combined/prescribed,1,descriptive paired physical world; no crossed confidence interval,11,A,actual_collision,world-6f64c6864d1713739f0f3a1f55a064f3b2c16683170a99bdf4ff3b204719de04,lag_scale,1
"[""observation_config.lag_scale""]",oracle,0.0,structured/combined/prescribed,0.0,descriptive paired physical world; no crossed confidence interval,11,A,safe_task_completion,world-6f64c6864d1713739f0f3a1f55a064f3b2c16683170a99bdf4ff3b204719de04,lag_scale,0.0
"[""observation_config.lag_scale""]",oracle,0.1755162508399283,structured/combined/prescribed,-0.18282456850183884,descriptive paired physical world; no crossed confidence interval,11,A,collider_clearance_lower_m,world-6f64c6864d1713739f0f3a1f55a064f3b2c16683170a99bdf4ff3b204719de04,lag_scale,-0.0073083176619105385
"[""observation_config.lag_scale""]",oracle,0.0,structured/combined/prescribed,0.0,descriptive paired physical world; no crossed confidence interval,11,A,controller_deadline_miss_rate,world-6f64c6864d1713739f0f3a1f55a064f3b2c16683170a99bdf4ff3b204719de04,lag_scale,0.0
"[""observation_config.lag_scale""]",oracle,0,navigation/combined/prescribed,0,descriptive paired physical world; no crossed confidence interval,11,F2,actual_collision,world-3fecd66fb4160ea583cde9a9152861cc32fc5991b18f36e90d5795b74148236e,lag_scale,0
"[""observation_config.lag_scale""]",oracle,0.0,navigation/combined/prescribed,0.0,descriptive paired physical world; no crossed confidence interval,11,F2,safe_task_completion,world-3fecd66fb4160ea583cde9a9152861cc32fc5991b18f36e90d5795b74148236e,lag_scale,0.0
"[""observation_config.lag_scale""]",oracle,0.17336526030856134,navigation/combined/prescribed,-0.0005637702396990296,descriptive paired physical world; no crossed confidence interval,11,F2,collider_clearance_lower_m,world-3fecd66fb4160ea583cde9a9152861cc32fc5991b18f36e90d5795b74148236e,lag_scale,0.1728014900688623
"[""observation_config.lag_scale""]",oracle,0.0,navigation/combined/prescribed,0.0,descriptive paired physical world; no crossed confidence interval,11,F2,controller_deadline_miss_rate,world-3fecd66fb4160ea583cde9a9152861cc32fc5991b18f36e90d5795b74148236e,lag_scale,0.0
"[""observation_config.lag_scale""]",oracle,0,navigation/combined/prescribed,0,descriptive paired physical world; no crossed confidence interval,11,A,actual_collision,world-3fecd66fb4160ea583cde9a9152861cc32fc5991b18f36e90d5795b74148236e,lag_scale,0
"[""observation_config.lag_scale""]",oracle,0.0,navigation/combined/prescribed,1.0,descriptive paired physical world; no crossed confidence interval,11,A,safe_task_completion,world-3fecd66fb4160ea583cde9a9152861cc32fc5991b18f36e90d5795b74148236e,lag_scale,1.0
"[""observation_config.lag_scale""]",oracle,0.17198413088891082,navigation/combined/prescribed,-0.03876751256431185,descriptive paired physical world; no crossed confidence interval,11,A,collider_clearance_lower_m,world-3fecd66fb4160ea583cde9a9152861cc32fc5991b18f36e90d5795b74148236e,lag_scale,0.13321661832459897
"[""observation_config.lag_scale""]",oracle,0.0,navigation/combined/prescribed,0.0,descriptive paired physical world; no crossed confidence interval,11,A,controller_deadline_miss_rate,world-3fecd66fb4160ea583cde9a9152861cc32fc5991b18f36e90d5795b74148236e,lag_scale,0.0
"[""observation_config.parameter_delay_seconds""]",oracle,0,structured/combined/prescribed,1,descriptive paired physical world; no crossed confidence interval,11,F2,actual_collision,world-6f64c6864d1713739f0f3a1f55a064f3b2c16683170a99bdf4ff3b204719de04,parameter_delay,1
"[""observation_config.parameter_delay_seconds""]",oracle,0.0,structured/combined/prescribed,0.0,descriptive paired physical world; no crossed confidence interval,11,F2,safe_task_completion,world-6f64c6864d1713739f0f3a1f55a064f3b2c16683170a99bdf4ff3b204719de04,parameter_delay,0.0
"[""observation_config.parameter_delay_seconds""]",oracle,0.17295362207970075,structured/combined/prescribed,-0.17312267696095818,descriptive paired physical world; no crossed confidence interval,11,F2,collider_clearance_lower_m,world-6f64c6864d1713739f0f3a1f55a064f3b2c16683170a99bdf4ff3b204719de04,parameter_delay,-0.00016905488125741613
"[""observation_config.parameter_delay_seconds""]",oracle,0.0,structured/combined/prescribed,0.0,descriptive paired physical world; no crossed confidence interval,11,F2,controller_deadline_miss_rate,world-6f64c6864d1713739f0f3a1f55a064f3b2c16683170a99bdf4ff3b204719de04,parameter_delay,0.0
"[""observation_config.parameter_delay_seconds""]",oracle,0,structured/combined/prescribed,0,descriptive paired physical world; no crossed confidence interval,11,A,actual_collision,world-6f64c6864d1713739f0f3a1f55a064f3b2c16683170a99bdf4ff3b204719de04,parameter_delay,0
"[""observation_config.parameter_delay_seconds""]",oracle,0.0,structured/combined/prescribed,0.0,descriptive paired physical world; no crossed confidence interval,11,A,safe_task_completion,world-6f64c6864d1713739f0f3a1f55a064f3b2c16683170a99bdf4ff3b204719de04,parameter_delay,0.0
"[""observation_config.parameter_delay_seconds""]",oracle,0.1755162508399283,structured/combined/prescribed,-0.002240544097779379,descriptive paired physical world; no crossed confidence interval,11,A,collider_clearance_lower_m,world-6f64c6864d1713739f0f3a1f55a064f3b2c16683170a99bdf4ff3b204719de04,parameter_delay,0.17327570674214893
"[""observation_config.parameter_delay_seconds""]",oracle,0.0,structured/combined/prescribed,0.0,descriptive paired physical world; no crossed confidence interval,11,A,controller_deadline_miss_rate,world-6f64c6864d1713739f0f3a1f55a064f3b2c16683170a99bdf4ff3b204719de04,parameter_delay,0.0
"[""observation_config.parameter_delay_seconds""]",oracle,0,navigation/combined/prescribed,0,descriptive paired physical world; no crossed confidence interval,11,F2,actual_collision,world-3fecd66fb4160ea583cde9a9152861cc32fc5991b18f36e90d5795b74148236e,parameter_delay,0
"[""observation_config.parameter_delay_seconds""]",oracle,0.0,navigation/combined/prescribed,0.0,descriptive paired physical world; no crossed confidence interval,11,F2,safe_task_completion,world-3fecd66fb4160ea583cde9a9152861cc32fc5991b18f36e90d5795b74148236e,parameter_delay,0.0
"[""observation_config.parameter_delay_seconds""]",oracle,0.17336526030856134,navigation/combined/prescribed,-0.10326728040058734,descriptive paired physical world; no crossed confidence interval,11,F2,collider_clearance_lower_m,world-3fecd66fb4160ea583cde9a9152861cc32fc5991b18f36e90d5795b74148236e,parameter_delay,0.07009797990797399
"[""observation_config.parameter_delay_seconds""]",oracle,0.0,navigation/combined/prescribed,0.0,descriptive paired physical world; no crossed confidence interval,11,F2,controller_deadline_miss_rate,world-3fecd66fb4160ea583cde9a9152861cc32fc5991b18f36e90d5795b74148236e,parameter_delay,0.0
"[""observation_config.parameter_delay_seconds""]",oracle,0,navigation/combined/prescribed,1,descriptive paired physical world; no crossed confidence interval,11,A,actual_collision,world-3fecd66fb4160ea583cde9a9152861cc32fc5991b18f36e90d5795b74148236e,parameter_delay,1
"[""observation_config.parameter_delay_seconds""]",oracle,0.0,navigation/combined/prescribed,0.0,descriptive paired physical world; no crossed confidence interval,11,A,safe_task_completion,world-3fecd66fb4160ea583cde9a9152861cc32fc5991b18f36e90d5795b74148236e,parameter_delay,0.0
"[""observation_config.parameter_delay_seconds""]",oracle,0.17198413088891082,navigation/combined/prescribed,-0.17276369043173292,descriptive paired physical world; no crossed confidence interval,11,A,collider_clearance_lower_m,world-3fecd66fb4160ea583cde9a9152861cc32fc5991b18f36e90d5795b74148236e,parameter_delay,-0.0007795595428221147
"[""observation_config.parameter_delay_seconds""]",oracle,0.0,navigation/combined/prescribed,0.0,descriptive paired physical world; no crossed confidence interval,11,A,controller_deadline_miss_rate,world-3fecd66fb4160ea583cde9a9152861cc32fc5991b18f36e90d5795b74148236e,parameter_delay,0.0
"[""observation_config.motor_noise_N""]",oracle,0,structured/combined/prescribed,0,descriptive paired physical world; no crossed confidence interval,11,F2,actual_collision,world-6f64c6864d1713739f0f3a1f55a064f3b2c16683170a99bdf4ff3b204719de04,motor_noise,0
"[""observation_config.motor_noise_N""]",oracle,0.0,structured/combined/prescribed,0.0,descriptive paired physical world; no crossed confidence interval,11,F2,safe_task_completion,world-6f64c6864d1713739f0f3a1f55a064f3b2c16683170a99bdf4ff3b204719de04,motor_noise,0.0
"[""observation_config.motor_noise_N""]",oracle,0.17295362207970075,structured/combined/prescribed,-0.00333046519458996,descriptive paired physical world; no crossed confidence interval,11,F2,collider_clearance_lower_m,world-6f64c6864d1713739f0f3a1f55a064f3b2c16683170a99bdf4ff3b204719de04,motor_noise,0.1696231568851108
"[""observation_config.motor_noise_N""]",oracle,0.0,structured/combined/prescribed,0.0,descriptive paired physical world; no crossed confidence interval,11,F2,controller_deadline_miss_rate,world-6f64c6864d1713739f0f3a1f55a064f3b2c16683170a99bdf4ff3b204719de04,motor_noise,0.0
"[""observation_config.motor_noise_N""]",oracle,0,structured/combined/prescribed,0,descriptive paired physical world; no crossed confidence interval,11,A,actual_collision,world-6f64c6864d1713739f0f3a1f55a064f3b2c16683170a99bdf4ff3b204719de04,motor_noise,0
"[""observation_config.motor_noise_N""]",oracle,0.0,structured/combined/prescribed,0.0,descriptive paired physical world; no crossed confidence interval,11,A,safe_task_completion,world-6f64c6864d1713739f0f3a1f55a064f3b2c16683170a99bdf4ff3b204719de04,motor_noise,0.0
"[""observation_config.motor_noise_N""]",oracle,0.1755162508399283,structured/combined/prescribed,-0.005430967105404028,descriptive paired physical world; no crossed confidence interval,11,A,collider_clearance_lower_m,world-6f64c6864d1713739f0f3a1f55a064f3b2c16683170a99bdf4ff3b204719de04,motor_noise,0.17008528373452428
"[""observation_config.motor_noise_N""]",oracle,0.0,structured/combined/prescribed,0.0,descriptive paired physical world; no crossed confidence interval,11,A,controller_deadline_miss_rate,world-6f64c6864d1713739f0f3a1f55a064f3b2c16683170a99bdf4ff3b204719de04,motor_noise,0.0
"[""observation_config.motor_noise_N""]",oracle,0,navigation/combined/prescribed,0,descriptive paired physical world; no crossed confidence interval,11,F2,actual_collision,world-3fecd66fb4160ea583cde9a9152861cc32fc5991b18f36e90d5795b74148236e,motor_noise,0
"[""observation_config.motor_noise_N""]",oracle,0.0,navigation/combined/prescribed,0.0,descriptive paired physical world; no crossed confidence interval,11,F2,safe_task_completion,world-3fecd66fb4160ea583cde9a9152861cc32fc5991b18f36e90d5795b74148236e,motor_noise,0.0
"[""observation_config.motor_noise_N""]",oracle,0.17336526030856134,navigation/combined/prescribed,-0.004054116961585419,descriptive paired physical world; no crossed confidence interval,11,F2,collider_clearance_lower_m,world-3fecd66fb4160ea583cde9a9152861cc32fc5991b18f36e90d5795b74148236e,motor_noise,0.16931114334697592
"[""observation_config.motor_noise_N""]",oracle,0.0,navigation/combined/prescribed,0.0,descriptive paired physical world; no crossed confidence interval,11,F2,controller_deadline_miss_rate,world-3fecd66fb4160ea583cde9a9152861cc32fc5991b18f36e90d5795b74148236e,motor_noise,0.0
"[""observation_config.motor_noise_N""]",oracle,0,navigation/combined/prescribed,0,descriptive paired physical world; no crossed confidence interval,11,A,actual_collision,world-3fecd66fb4160ea583cde9a9152861cc32fc5991b18f36e90d5795b74148236e,motor_noise,0
"[""observation_config.motor_noise_N""]",oracle,0.0,navigation/combined/prescribed,0.0,descriptive paired physical world; no crossed confidence interval,11,A,safe_task_completion,world-3fecd66fb4160ea583cde9a9152861cc32fc5991b18f36e90d5795b74148236e,motor_noise,0.0
"[""observation_config.motor_noise_N""]",oracle,0.17198413088891082,navigation/combined/prescribed,-0.01389094010248798,descriptive paired physical world; no crossed confidence interval,11,A,collider_clearance_lower_m,world-3fecd66fb4160ea583cde9a9152861cc32fc5991b18f36e90d5795b74148236e,motor_noise,0.15809319078642284
"[""observation_config.motor_noise_N""]",oracle,0.0,navigation/combined/prescribed,0.0,descriptive paired physical world; no crossed confidence interval,11,A,controller_deadline_miss_rate,world-3fecd66fb4160ea583cde9a9152861cc32fc5991b18f36e90d5795b74148236e,motor_noise,0.0
"[""observation_config.position_noise_m""]",oracle,0,structured/combined/prescribed,0,descriptive paired physical world; no crossed confidence interval,11,F2,actual_collision,world-6f64c6864d1713739f0f3a1f55a064f3b2c16683170a99bdf4ff3b204719de04,position_noise,0
"[""observation_config.position_noise_m""]",oracle,0.0,structured/combined/prescribed,1.0,descriptive paired physical world; no crossed confidence interval,11,F2,safe_task_completion,world-6f64c6864d1713739f0f3a1f55a064f3b2c16683170a99bdf4ff3b204719de04,position_noise,1.0
"[""observation_config.position_noise_m""]",oracle,0.17295362207970075,structured/combined/prescribed,-0.06495605691898768,descriptive paired physical world; no crossed confidence interval,11,F2,collider_clearance_lower_m,world-6f64c6864d1713739f0f3a1f55a064f3b2c16683170a99bdf4ff3b204719de04,position_noise,0.10799756516071307
"[""observation_config.position_noise_m""]",oracle,0.0,structured/combined/prescribed,0.0,descriptive paired physical world; no crossed confidence interval,11,F2,controller_deadline_miss_rate,world-6f64c6864d1713739f0f3a1f55a064f3b2c16683170a99bdf4ff3b204719de04,position_noise,0.0
"[""observation_config.position_noise_m""]",oracle,0,structured/combined/prescribed,0,descriptive paired physical world; no crossed confidence interval,11,A,actual_collision,world-6f64c6864d1713739f0f3a1f55a064f3b2c16683170a99bdf4ff3b204719de04,position_noise,0
"[""observation_config.position_noise_m""]",oracle,0.0,structured/combined/prescribed,1.0,descriptive paired physical world; no crossed confidence interval,11,A,safe_task_completion,world-6f64c6864d1713739f0f3a1f55a064f3b2c16683170a99bdf4ff3b204719de04,position_noise,1.0
"[""observation_config.position_noise_m""]",oracle,0.1755162508399283,structured/combined/prescribed,-0.032134392933725164,descriptive paired physical world; no crossed confidence interval,11,A,collider_clearance_lower_m,world-6f64c6864d1713739f0f3a1f55a064f3b2c16683170a99bdf4ff3b204719de04,position_noise,0.14338185790620314
"[""observation_config.position_noise_m""]",oracle,0.0,structured/combined/prescribed,0.0,descriptive paired physical world; no crossed confidence interval,11,A,controller_deadline_miss_rate,world-6f64c6864d1713739f0f3a1f55a064f3b2c16683170a99bdf4ff3b204719de04,position_noise,0.0
"[""observation_config.position_noise_m""]",oracle,0,navigation/combined/prescribed,0,descriptive paired physical world; no crossed confidence interval,11,F2,actual_collision,world-3fecd66fb4160ea583cde9a9152861cc32fc5991b18f36e90d5795b74148236e,position_noise,0
"[""observation_config.position_noise_m""]",oracle,0.0,navigation/combined/prescribed,0.0,descriptive paired physical world; no crossed confidence interval,11,F2,safe_task_completion,world-3fecd66fb4160ea583cde9a9152861cc32fc5991b18f36e90d5795b74148236e,position_noise,0.0
"[""observation_config.position_noise_m""]",oracle,0.17336526030856134,navigation/combined/prescribed,-0.0027460353845582264,descriptive paired physical world; no crossed confidence interval,11,F2,collider_clearance_lower_m,world-3fecd66fb4160ea583cde9a9152861cc32fc5991b18f36e90d5795b74148236e,position_noise,0.1706192249240031
"[""observation_config.position_noise_m""]",oracle,0.0,navigation/combined/prescribed,0.0,descriptive paired physical world; no crossed confidence interval,11,F2,controller_deadline_miss_rate,world-3fecd66fb4160ea583cde9a9152861cc32fc5991b18f36e90d5795b74148236e,position_noise,0.0
"[""observation_config.position_noise_m""]",oracle,0,navigation/combined/prescribed,0,descriptive paired physical world; no crossed confidence interval,11,A,actual_collision,world-3fecd66fb4160ea583cde9a9152861cc32fc5991b18f36e90d5795b74148236e,position_noise,0
"[""observation_config.position_noise_m""]",oracle,0.0,navigation/combined/prescribed,0.0,descriptive paired physical world; no crossed confidence interval,11,A,safe_task_completion,world-3fecd66fb4160ea583cde9a9152861cc32fc5991b18f36e90d5795b74148236e,position_noise,0.0
"[""observation_config.position_noise_m""]",oracle,0.17198413088891082,navigation/combined/prescribed,-0.07623296261427981,descriptive paired physical world; no crossed confidence interval,11,A,collider_clearance_lower_m,world-3fecd66fb4160ea583cde9a9152861cc32fc5991b18f36e90d5795b74148236e,position_noise,0.09575116827463101
"[""observation_config.position_noise_m""]",oracle,0.0,navigation/combined/prescribed,0.0,descriptive paired physical world; no crossed confidence interval,11,A,controller_deadline_miss_rate,world-3fecd66fb4160ea583cde9a9152861cc32fc5991b18f36e90d5795b74148236e,position_noise,0.0
"[""observation_config.obstacle_position_bias_m""]",oracle,0,structured/combined/prescribed,0,descriptive paired physical world; no crossed confidence interval,11,F2,actual_collision,world-6f64c6864d1713739f0f3a1f55a064f3b2c16683170a99bdf4ff3b204719de04,obstacle_bias,0
"[""observation_config.obstacle_position_bias_m""]",oracle,0.0,structured/combined/prescribed,0.0,descriptive paired physical world; no crossed confidence interval,11,F2,safe_task_completion,world-6f64c6864d1713739f0f3a1f55a064f3b2c16683170a99bdf4ff3b204719de04,obstacle_bias,0.0
"[""observation_config.obstacle_position_bias_m""]",oracle,0.17295362207970075,structured/combined/prescribed,0.01888526158211551,descriptive paired physical world; no crossed confidence interval,11,F2,collider_clearance_lower_m,world-6f64c6864d1713739f0f3a1f55a064f3b2c16683170a99bdf4ff3b204719de04,obstacle_bias,0.19183888366181626
"[""observation_config.obstacle_position_bias_m""]",oracle,0.0,structured/combined/prescribed,0.0,descriptive paired physical world; no crossed confidence interval,11,F2,controller_deadline_miss_rate,world-6f64c6864d1713739f0f3a1f55a064f3b2c16683170a99bdf4ff3b204719de04,obstacle_bias,0.0
"[""observation_config.obstacle_position_bias_m""]",oracle,0,structured/combined/prescribed,0,descriptive paired physical world; no crossed confidence interval,11,A,actual_collision,world-6f64c6864d1713739f0f3a1f55a064f3b2c16683170a99bdf4ff3b204719de04,obstacle_bias,0
"[""observation_config.obstacle_position_bias_m""]",oracle,0.0,structured/combined/prescribed,0.0,descriptive paired physical world; no crossed confidence interval,11,A,safe_task_completion,world-6f64c6864d1713739f0f3a1f55a064f3b2c16683170a99bdf4ff3b204719de04,obstacle_bias,0.0
"[""observation_config.obstacle_position_bias_m""]",oracle,0.1755162508399283,structured/combined/prescribed,0.018168385361083866,descriptive paired physical world; no crossed confidence interval,11,A,collider_clearance_lower_m,world-6f64c6864d1713739f0f3a1f55a064f3b2c16683170a99bdf4ff3b204719de04,obstacle_bias,0.19368463620101217
"[""observation_config.obstacle_position_bias_m""]",oracle,0.0,structured/combined/prescribed,0.0,descriptive paired physical world; no crossed confidence interval,11,A,controller_deadline_miss_rate,world-6f64c6864d1713739f0f3a1f55a064f3b2c16683170a99bdf4ff3b204719de04,obstacle_bias,0.0
"[""observation_config.obstacle_position_bias_m""]",oracle,0,navigation/combined/prescribed,0,descriptive paired physical world; no crossed confidence interval,11,F2,actual_collision,world-3fecd66fb4160ea583cde9a9152861cc32fc5991b18f36e90d5795b74148236e,obstacle_bias,0
"[""observation_config.obstacle_position_bias_m""]",oracle,0.0,navigation/combined/prescribed,0.0,descriptive paired physical world; no crossed confidence interval,11,F2,safe_task_completion,world-3fecd66fb4160ea583cde9a9152861cc32fc5991b18f36e90d5795b74148236e,obstacle_bias,0.0
"[""observation_config.obstacle_position_bias_m""]",oracle,0.17336526030856134,navigation/combined/prescribed,-0.03431475143772869,descriptive paired physical world; no crossed confidence interval,11,F2,collider_clearance_lower_m,world-3fecd66fb4160ea583cde9a9152861cc32fc5991b18f36e90d5795b74148236e,obstacle_bias,0.13905050887083265
"[""observation_config.obstacle_position_bias_m""]",oracle,0.0,navigation/combined/prescribed,0.0,descriptive paired physical world; no crossed confidence interval,11,F2,controller_deadline_miss_rate,world-3fecd66fb4160ea583cde9a9152861cc32fc5991b18f36e90d5795b74148236e,obstacle_bias,0.0
"[""observation_config.obstacle_position_bias_m""]",oracle,0,navigation/combined/prescribed,0,descriptive paired physical world; no crossed confidence interval,11,A,actual_collision,world-3fecd66fb4160ea583cde9a9152861cc32fc5991b18f36e90d5795b74148236e,obstacle_bias,0
"[""observation_config.obstacle_position_bias_m""]",oracle,0.0,navigation/combined/prescribed,0.0,descriptive paired physical world; no crossed confidence interval,11,A,safe_task_completion,world-3fecd66fb4160ea583cde9a9152861cc32fc5991b18f36e90d5795b74148236e,obstacle_bias,0.0
"[""observation_config.obstacle_position_bias_m""]",oracle,0.17198413088891082,navigation/combined/prescribed,-0.04498857545269519,descriptive paired physical world; no crossed confidence interval,11,A,collider_clearance_lower_m,world-3fecd66fb4160ea583cde9a9152861cc32fc5991b18f36e90d5795b74148236e,obstacle_bias,0.12699555543621563
"[""observation_config.obstacle_position_bias_m""]",oracle,0.0,navigation/combined/prescribed,0.0,descriptive paired physical world; no crossed confidence interval,11,A,controller_deadline_miss_rate,world-3fecd66fb4160ea583cde9a9152861cc32fc5991b18f36e90d5795b74148236e,obstacle_bias,0.0
